record_id|employee_id|record_date|hours_worked|overtime_hours|performance_score|attendance_status|bonus_amount|salary_paid
1|1214|February 18, 2022|199.3|15.6|4.0|Present|0|576910.07
2|1717|14/08/24||8.6|2.7|present|37963.98|
3|1618|10/04/2021|-5.0|8.6|3.3|Remote|0|370100.62
4|1843|26-04-2024|188.2|6.0|4.7|Present|33568.24|297038.74
5|1310|09-01-2017||15.6|2.3|Absent|0|889806.22
6|1623|19/12/21|124.6|10.7|4.0|PRESENT|0|899938.7
7|1699|11/24/2017|135.5|4.8|1.2|Leave|0|402894.53
8|1077|19-Aug-2020|196.6|0.2|3.1|Absent|0|296300.5
9|1477|06/05/18|-5.0|9.7|1.3|Absent|0|647048.39
10|1729|01-03-2015|194.2|4.5|4.8|present|45283.3|892706.75
11|1375|17/03/18|163.3|0.7|3.8|Remote|46603.74|707541.53
12|1067|2020-02-28|198.8|14.8|2.0|Present|0|840957.75
13|1794|19-Mar-2021|161.1|24.3|3.2|Remote|0|168348.83
14|1478|2018-12-19|177.4|20.7|1.0|Present|0|177120.1
15|1023|05/08/22|176.8|23.2|4.8|Absent|0|891543.11
16|1102|December 16, 2024|161.8|15.8|4.7|Present|0|780042.68
17|1199|2024-06-14|164.6|23.4|3.7|present|0|921656.66
18|1047|19/01/24|174.4|15.1|4.9|Present|4606.97|815483.2
19|1385|09-07-2018|129.9|16.7|4.4|Present|0|843996.31
20|1738|10/11/2023|180.2|5.7|4.8|Present|31802.98|582867.2
21|1087|2020-09-27|129.1|16.1|4.9|PRESENT|0|639995.99
22|1542|07-02-2020|184.4|24.0|4.0|Present|0|640193.18
23|1639|21/04/18||2.2|4.6|Present|29699.24|536916.7
24|1212|2021-01-21|152.7|23.0|1.8|Present|15864.19|459314.82
25|1317|July 15, 2022|147.8|19.0|1.1|Present|0|937165.07
26|1748|19/12/22|121.2|7.6|3.1|Present|0|501994.49
27|1830|24-Mar-2022|143.5|19.9|4.8|absent |0|891100.64
28|1212|03-Jan-2020|154.3|11.0|3.4|Present|0|364121.98
29|1244|12/22/2021|198.4|10.1|4.8|Leave|0|918387.64
30|1531|28/07/20|182.7|9.7|2.9|Absent|0|684812.05
31|1053|November 20, 2024|184.4|7.2|4.5|Present|0|323733.79
32|1688|February 05, 2021|138.0|17.5|3.1|Remote|9265.61|183977.71
33|1061|18-Aug-2023|162.6|2.5|4.3|Absent|33826.85|787726.61
34|1038|05-04-2020|138.9|19.0|1.0|Present||248381.19
35|1267|20/06/24|163.5|21.3|1.5|PRESENT|0|786702.94
36|1683|20/12/18|166.8|20.4|4.7|Present|49337.06|363778.48
37|1660|01/01/20|199.2|6.5|1.6|Leave|0|767407.59
38|1222|20-Jul-2018|154.0|14.1|4.1|Leave|0|238567.19
39|1632|19/04/20|179.9|20.2|2.9|Present|0|861303.01
40|1625|23/04/22|121.4|15.4|1.4|Present|0|696537.23
41|1102|25-12-2021|125.2|9.4|4.0|Present|0|261713.94
42|1155|27/06/19|128.3|9.0|2.4|Present|0|733857.17
43|1321|05/14/2024|171.2|15.9|1.4|Present|0|156523.59
44|1130|10/03/24|152.9|22.6|4.4|Present|0|217914.03
45|1792|10/12/23|160.2|1.2|1.5|Remote|0|827933.32
46|1123|08/24/2020||12.3|3.6|absent |0|888701.62
47|1317|2022-12-07|180.2|19.9|3.9|Present|32899.91|458414.95
48|1241|May 12, 2018|129.6|19.8|1.0|Present|0|812268.47
49|1248|14/10/15|187.4|13.4|4.3|Absent|1441.99|907426.79
50|1288|16-May-2019||19.3|3.8|PRESENT||579658.73
51|1389|10-06-2020|139.6|16.3|1.9|PRESENT|0|587276.55
52|1441|06/15/2021||4.7|1.6|PRESENT|41547.47|270754.68
53|1823|06/11/16|153.7|5.2|1.1|present|0|577170.35
54|1439|January 11, 2019|150.3|17.8|4.3|Present|0|717165.62
55|1392|11/04/17|175.4|13.5|3.5|PRESENT|11850.46|885408.55
56|1580|02/28/2023|168.5||2.0|Present|0|
57|1375|12/26/2019|133.1|12.5|4.8|Present|0|462909.51
58|1527|12/27/2017|199.9|22.0|3.9|Absent|0|748165.31
59|1346|21-Dec-2017|161.3|7.2|1.6|Absent|0|426166.09
60|1781|19-Jul-2021|155.1|20.9|4.8|present|0|830924.34
61|1115|September 01, 2020|123.6|4.0|4.2|Present|0|734382.45
62|1657|May 12, 2023|128.1|19.0|1.1|absent |32689.03|726201.69
63|1343|21-12-2024|177.1|8.3|3.2|present|0|312636.69
64|1464|06-Jul-2018|161.0|5.5|3.3|Present|0|400652.09
65|1080|03-Feb-2023|188.3|12.1|2.2|Remote|0|863760.06
66|1777|25-Apr-2024|174.2|2.5|1.1|absent |0|152082.63
67|1658|May 09, 2021|162.9|16.3|2.5|Present||680424.55
68|1772|07-Sep-2017|166.7||2.9|Present|0|372161.57
69|1133|13-Sep-2022|157.2||4.3|Present|0|324834.82
70|1259|2021-07-23|163.9|11.5|3.7|present|0|790120.41
71|1498|2022-04-20|185.7|17.6|3.8|Present|438.44|948305.17
72|1392|2016-05-24|158.9|22.4|4.5|Leave|0|945184.84
73|1547|02/12/20|181.7|2.5|3.7|Present|0|
74|1169|06/10/24|173.1|18.7|1.7|present|35941.87|835550.49
75|1312|06-Jul-2019|157.0|17.3|3.1|Present|13006.79|767033.24
76|1222|November 28, 2019|154.7|3.1|3.9|present|35861.53|509440.87
77|1154|17/12/24|-5.0|17.3|3.2|Remote|0|709215.6
78|1743|June 09, 2020|126.9|14.0|3.7|Absent|0|449075.39
79|1212|01/22/2019|126.8|22.3||absent |0|182495.66
80|1119|2020-07-23||21.2|4.6|Present|0|395696.16
81|1744|2022-07-21|167.8||3.9|Absent|0|168761.73
82|1407|15-11-2020|198.2|16.5|2.4|Present|0|423964.62
83|1329|05/06/2019|199.1|7.4|1.1|Present|0|881109.88
84|1302|2024-07-10|145.8|19.0|3.1|PRESENT|0|194197.68
85|1607|2024-09-15|164.7|2.9|1.7|Leave|0|739711.62
86|1749|November 18, 2021|138.7|19.0|3.2|Present|0|695941.47
87|1758|09-01-2021|186.7|5.4|4.6|absent |0|402730.28
88|1069|January 13, 2023|151.3|1.3|1.3|absent |0|632255.34
89|1846|06-May-2022|187.4|13.6|3.4|Present|0|777680.13
90|1033|09/10/23|135.9|14.6|2.1|Present|21087.87|259630.53
91|1149|03-Aug-2021||14.0|4.9|Leave|0|666932.94
92|1256|22/11/22|156.0|8.7|1.3|Present|92.44|205355.9
93|1058|2021-05-10|179.9|23.3|4.9|Present|0|593783.67
94|1347|September 09, 2024||13.5|3.8|Present|0|732503.87
95|1645|10-01-2017|158.6|12.6|2.9|Leave||616829.78
96|1799|2019-04-27|138.2|19.0|4.7|Present|0|376981.07
97|1162|2022-10-15|138.5||4.8|Present|0|445604.65
98|1074|27-12-2021|128.6|11.7|3.8|Leave|35210.64|381590.61
99|1304|2020-02-26|137.3|22.9|3.7|absent |0|333662.37
100|1660|January 15, 2022|156.7|2.9|4.3|Present|49076.04|691910.78
101|1386|09/04/2019|133.2|19.8|3.6|Remote|0|756672.14
102|1399|2023-08-09|154.1|7.6|4.5|PRESENT|43246.57|460610.19
103|1816|14-03-2022|124.4|12.0|2.1|Present|0|
104|1660|November 26, 2017||2.0|1.7|Present|0|746354.43
105|1779|06/05/2024|170.3|4.0|3.1|Present|25946.01|910283.36
106|1838|27-Jan-2024|186.8|18.1|3.4|Present|0|287353.53
107|1172|22/04/21|120.2|7.2|1.9|PRESENT|0|575913.5
108|1157|08-Jul-2023|134.5|9.0|1.7|Remote|12638.46|367579.45
109|1105|16/09/21|130.5|9.3|3.5|Present|0|278739.99
110|1299|2023-12-13|189.8|9.3|2.2|present|0|309077.29
111|1238|2021-07-01|129.9|20.1|4.2|Present|0|338218.01
112|1164|November 09, 2023||5.3|2.9|Leave|34524.91|615261.72
113|1370|15/10/20|161.9|1.2|4.0|Leave|29342.1|674151.64
114|1115|October 25, 2024|189.6|2.8|4.0|present|40498.74|287695.96
115|1581|02/02/2018|148.1|7.3|1.5|Leave|0|940529.43
116|1555|22-11-2022|177.3|14.3|1.5|Leave|0|518220.98
117|1508|07-07-2020|162.7|9.7|2.2|Present|0|561302.92
118|1613|02-Jun-2020|162.1|10.1|2.3|Present|0|794605.33
119|1537|11-06-2024|166.0||2.0|Present|0|203088.69
120|1546|17-Jun-2024|128.9|10.6|1.7|Absent|0|314822.39
121|1144|03/02/2023|170.9||1.0|Leave|0|760789.6
122|1348|2020-04-09|162.7|13.0|2.3|Present|31265.06|813459.09
123|1004|12-05-2024|174.1|18.8|1.5|Absent|20801.38|414905.36
124|1227|October 27, 2020|122.5|16.6|1.6|Leave|16363.44|689407.43
125|1383|October 01, 2023|167.6|4.5|4.2|present|0|538451.3
126|1810|03/07/2023|198.4|0.3|4.4|present|20403.93|697607.15
127|1585|07/05/2022|185.3|3.4|3.0|PRESENT|0|571694.69
128|1396|March 26, 2021|150.8|0.1|1.9|Present|21055.79|835608.48
129|1228|16-Oct-2023|141.7|18.0|1.3|Present|0|562925.33
130|1259|07/21/2022|179.1|18.6|4.9|absent |0|619805.56
131|1520|17/12/21|185.8|0.1|4.0|Absent|0|607870.54
132|1517|03/10/22|181.3|4.4|1.9|Remote|0|381076.42
133|1190|2019-11-27|134.8|22.3|1.8|absent ||244570.96
134|1807|2018-02-10|125.7|3.3|3.2|Present|0|594698.74
135|1168|16-May-2022|160.6|24.4|2.6|Remote|0|437985.01
136|1056|23-12-2022|129.1|7.1|2.1|Present|0|504335.74
137|1276|14/07/17|121.8|23.2|2.5|Present|0|347755.25
138|1683|2024-08-08|150.8|15.6|3.3|Leave|0|927022.53
139|1086|08/10/2021|175.4|24.8|1.5|Leave|36341.39|352767.75
140|1477|07/11/2018|166.9|20.0|2.0|Present|37134.96|529044.15
141|1390|October 07, 2020|147.0|13.5|1.6|Remote|0|898578.97
142|1468|09/10/2015|145.1|8.9|3.1|PRESENT|44579.7|385201.21
143|1786|October 12, 2024|170.6|6.7|2.7|Absent|0|
144|1518|2022-03-17|158.1||3.5|Leave|0|677543.64
145|1086|17/01/23|148.6||1.8|Present|0|840058.37
146|1840|09-04-2023|193.3|14.5|2.5|Present|0|654890.79
147|1097|20-05-2018|122.8|9.2|4.3|PRESENT|0|441164.9
148|1604|December 12, 2023|129.0|6.4|1.6|Present|0|178949.1
149|1759|2018-01-05|182.1|12.4||Present|0|355720.74
150|1581|September 25, 2019|158.8|2.5|2.7|Absent|0|466858.04
151|1043|February 05, 2021|137.9|13.7|4.3|absent |15671.96|469205.05
152|1471|18-06-2021|195.7|0.6|2.1|Leave|0|424508.19
153|1357|06/16/2023|176.2|14.8|1.2|Present|0|234175.93
154|1741|2021-11-24|125.1|18.0|4.8|absent |0|422010.13
155|1232|22-06-2018|147.6|10.2|4.5|Present|0|632173.71
156|1407|03/28/2021|180.3|5.0|3.2|Present|0|373687.4
157|1598|11-02-2022|163.0|22.6|4.9|present|0|592235.05
158|1161|23/12/21|194.2||2.0|Present|13163.81|236288.91
159|1058|2017-12-05|197.5|14.9|4.6|Leave|0|777123.0
160|1398|March 18, 2024|-5.0|24.3|1.1|Absent|0|169023.9
161|1040|10/20/2020|155.5|15.6|3.0|Present|0|416504.82
162|1164|16/05/24|147.8|6.9|4.3|absent |0|170916.52
163|1409|21/11/18|183.0|2.8|1.2|Remote|0|555658.48
164|1310|03/20/2021|163.4|21.9|1.9|Absent|0|905967.45
165|1214|2021-11-15|137.7|3.7|5.0|present|0|829173.21
166|1140|12/03/20|162.0|8.6|4.6|Present|0|714889.55
167|1180|27-Jan-2022|167.3|13.2|2.8|absent |0|552280.85
168|1215|August 19, 2024|197.5|10.5||absent |0|295692.46
169|1466|11-Jun-2021|148.1|21.0|2.4|Leave|0|932952.44
170|1660|2018-01-01|158.8|10.8|5.0|Present|40057.62|849638.88
171|1702|22-05-2020|191.9|10.0|2.2|Present|0|402994.28
172|1730|2023-02-13|152.0||2.7|Present|0|345561.9
173|1835|July 08, 2023|167.7|12.7|2.6|Remote|0|913062.73
174|1807|October 18, 2022|132.1|9.1|2.4|Remote|0|741707.57
175|1061|2017-01-09|160.7|20.1|4.8|present|0|484719.89
176|1033|February 24, 2022|195.1|12.9|2.6|Present|45523.55|381555.64
177|1588|06/03/24|169.1|17.4|4.4|Present|0|196705.05
178|1383|05-04-2020|192.7|1.7|1.2|Remote|0|773528.26
179|1129|2023-02-26|140.6|23.8|2.5|Leave|0|548183.18
180|1822|2022-11-19|183.7|21.0|3.9|PRESENT|0|826691.77
181|1778|28-08-2024|144.8|4.5|4.2|Remote|0|842483.92
182|1191|November 23, 2022|154.4|14.5|3.6|Present|7264.71|283484.86
183|1130|02/01/24|162.1|1.0|1.7|Absent|0|342500.99
184|1324|03-01-2019|158.9|19.2|2.8|PRESENT|16880.25|301419.52
185|1175|February 05, 2021|135.1|21.2||Present|4486.03|334621.01
186|1494|12-09-2021|121.1|7.1|3.8|Present||482435.59
187|1582|22/03/23|149.6|2.2|2.3|Present|88.08|259820.58
188|1292|06/05/20|181.5|20.4|3.5|Present|0|316168.07
189|1329|April 28, 2019|127.0|5.3|4.9|Present|0|727911.64
190|1601|2022-04-19|123.9|9.7|3.0|Present|0|251927.21
191|1540|04-Oct-2024|147.8|22.5|1.9|PRESENT|0|604969.05
192|1078|06/06/2020|174.2|22.2||present|0|812830.1
193|1675|2024-05-06|182.0|1.3|3.5|Leave|33352.57|250346.28
194|1802|01/06/2020|193.4|22.9|4.4|PRESENT|0|627200.68
195|1354|April 02, 2021|192.3|17.4|3.4|Leave|0|473317.12
196|1814|2024-04-27|142.3|19.8|4.5|absent |0|308765.23
197|1771|25/03/22|121.3|18.0|2.6|Present|0|742571.93
198|1656|2023-02-28|134.4|9.3|3.8|present|0|215068.2
199|1371|05-Jul-2018|155.9|10.9|4.1|Present|0|314720.03
200|1149|08/17/2019|171.8|13.8|1.5|absent |0|521233.25
201|1500|02/10/18|198.1|8.1|1.0|Remote|37970.36|729927.59
202|1325|03/12/2021|154.3|3.3|3.0|Present|19276.91|164533.97
203|1625|2018-11-02|134.8|19.9|4.3|Leave|0|411452.72
204|1508|January 05, 2020|180.8|17.9|4.5|Leave|0|366163.27
205|1799|23-11-2019|198.9|8.8|1.1|Remote|0|544774.84
206|1025|15-10-2022|156.6|4.0|4.3|Present|25184.3|773090.12
207|1091|27/10/23|174.7|22.6|4.7|Remote|39255.78|229222.87
208|1832|13-Jan-2018|186.4|21.6|2.9|PRESENT|0|409773.44
209|1691|September 04, 2023|159.9|4.6|4.8|Present|0|936575.53
210|1252|06/09/2016|149.6|12.4|4.2|Present|0|542590.26
211|1277|09-07-2018|144.9|13.4|3.6|Present|36358.21|764394.36
212|1159|23-06-2024|139.1|4.9|4.3|absent |6181.76|650059.59
213|1608|03/26/2024|160.3|8.9|1.1|PRESENT|0|281161.42
214|1571|02-02-2022|128.0|11.2|2.9|Absent|0|234175.68
215|1304|March 16, 2020|163.5|0.2|1.0|Leave|0|730252.05
216|1828|27-11-2024|122.1|5.6|4.3|Present|0|870712.84
217|1460|September 19, 2024|120.2|6.2|3.9|Absent|0|183322.37
218|1595|September 03, 2018|142.8|20.8|3.6|Remote|0|171801.21
219|1276|14-Dec-2022|145.3|15.5|3.5|Present|0|615779.71
220|1454|05/21/2024|137.8||3.7|absent |0|837560.05
221|1616|2024-07-26|153.7|9.4|3.8|Present|0|667200.17
222|1702|September 01, 2021||17.9|3.8|Present|0|532636.37
223|1376|June 19, 2024|128.7|18.0|1.2|Present|0|888475.24
224|1276|20-Mar-2020|126.8|0.2|4.9|Leave|0|359247.28
225|1322|08-Jul-2023|181.5|23.3|1.7|Leave|0|449369.21
226|1732|2023-05-04|196.4|4.9|1.0|Leave|0|657273.44
227|1404|November 27, 2021|156.7|9.5|4.4|Remote|0|696817.51
228|1219|February 07, 2024|125.7|11.6|4.5|Present|0|579349.12
229|1373|April 07, 2022|195.5|3.9|4.5|Present|0|194625.58
230|1217|10-02-2024|168.2|7.1|4.5|Present|0|378101.72
231|1257|2023-04-26|194.7|6.7||Leave|0|211198.38
232|1029|January 25, 2020|146.5|24.9|4.1|PRESENT|0|914975.15
233|1434|07/04/17|133.6|7.4|4.7|Remote||450353.27
234|1741|September 19, 2021|173.2|8.7|4.3|Absent|12160.81|765207.05
235|1712|26-04-2024|120.7|7.5|4.6|Remote|0|723275.68
236|1101|01/07/2023|176.9|13.3|3.6|Remote|0|536329.45
237|1535|19/09/24|165.3|0.1|4.4|present|0|330743.49
238|1345|14-Dec-2020|127.4|1.5|1.3|PRESENT|33878.17|297475.44
239|1818|May 25, 2020|143.2|12.7|3.7|Present|0|844052.35
240|1570|12/27/2022|157.0|9.4|2.0|Remote|0|703020.32
241|1227|February 08, 2016|196.4|24.4|2.0|Present|412.43|368007.76
242|1818|15-07-2023|152.4|12.4|4.1|Present|0|687246.89
243|1830|June 17, 2021|197.7|15.5|1.8|present|0|213974.92
244|1564|March 27, 2022|166.4|17.0|2.9|absent |37944.51|400863.41
245|1774|23-10-2022||22.1|4.1|Remote|40404.05|609493.82
246|1203|08/11/19|146.7|23.7|4.1|Absent|0|617643.96
247|1260|12/14/2022|187.1|15.5|4.2|Present|0|208180.18
248|1326|August 01, 2020|192.9|7.3|4.9|Present|0|723958.63
249|1119|March 21, 2024|183.2|22.9|1.8|Absent|0|670723.22
250|1508|February 22, 2022|153.3|23.7|2.0|PRESENT|0|769382.17
251|1189|2024-10-05|191.9|21.5|3.9|absent |0|252523.36
252|1028|23/07/23|173.5|8.0|1.8|Present|39348.19|814556.4
253|1536|21/03/16|159.7|20.4|2.5|Present|27268.36|474572.35
254|1460|28/11/22|189.0|6.7|1.6|Present|21991.4|612051.64
255|1595|20-04-2019||16.4|1.7|PRESENT|0|448838.33
256|1234|21-07-2019|150.4|12.0|4.2|Present|0|344874.33
257|1149|23-01-2024|142.2|11.5||Leave|0|918856.63
258|1760|13/04/23|178.1|20.0|4.1|absent |0|713620.67
259|1136|13-10-2024|177.7|1.7|3.0|Leave|29031.63|216422.11
260|1681|05/24/2018|||4.6|Present|0|476630.5
261|1264|2022-06-28|156.7|17.4|4.1|present|0|896987.44
262|1423|26/05/20|168.5|21.6|4.8|Leave|0|832792.01
263|1732|2024-03-24|156.2|3.2|1.5|Present|0|247527.9
264|1347|01/07/2021|172.7|18.9||Leave|26541.29|785976.76
265|1548|2022-12-04|130.6|3.3|3.4|Present||419092.68
266|1165|16-03-2019|138.4|15.2|3.6|absent |0|703507.78
267|1417|12-Jun-2022|164.0|21.5|2.1|Present|49152.39|564276.51
268|1631|August 20, 2018||1.7|3.1|Present|0|765010.72
269|1659|27/11/21|120.3|9.7|2.7|Remote|0|200541.67
270|1647|20-02-2023||1.9|1.1|Present|42111.74|875158.48
271|1392|2018-10-11|167.2|14.0|3.7|Leave|0|520255.84
272|1220|September 03, 2024||11.9|1.5|Absent|0|938250.42
273|1618|05/10/2020|198.2|8.5|1.6|Leave|0|490081.38
274|1327|23-07-2024|155.4|20.9|3.0|Present|0|704172.74
275|1612|24-12-2024||15.4|2.3|present|0|851495.78
276|1577|23-10-2019|194.1|14.5|4.0|Present|0|799102.0
277|1774|16-Nov-2018|159.6|10.5|3.2|PRESENT|0|825269.59
278|1105|25-Mar-2021|184.6|23.4|2.1|present|0|821582.22
279|1636|2024-09-13|158.4|21.2|4.4|PRESENT|0|167079.93
280|1651|26-Jul-2024|183.8|3.0|3.6|Present|0|389861.96
281|1325|11-01-2020|181.9|22.5|3.6|Absent|0|277201.29
282|1166|2023-01-05|157.0|24.7|4.3|Present|0|288925.53
283|1453|28-01-2024|160.5|7.4|3.0|Present|0|923395.02
284|1087|06-Mar-2021|126.9|0.5|1.8|Present|0|739353.54
285|1048|26/02/20|131.5|13.3||Present|49806.51|606428.85
286|1375|23-Jul-2020|122.1|15.4|2.6|Present|0|
287|1118|15-05-2023|127.6|9.9|3.6|Remote|0|861359.88
288|1056|November 05, 2023|135.7|5.4|2.4|Present|0|339248.3
289|1596|14-May-2024|194.4|24.9|2.2|Absent|0|237735.07
290|1847|04-11-2022|174.8|6.3|2.8|absent |0|454041.74
291|1235|09/09/21|121.7|17.6|3.8|Absent|0|903539.24
292|1277|18-Jun-2024|128.0|19.1|1.3|Present|0|596649.16
293|1710|23-Jun-2021|192.5||1.7|absent |0|225666.98
294|1357|21-Dec-2022|153.6|3.4|1.1|Present|0|633645.06
295|1840|04/01/2021|161.1|12.1|3.7|PRESENT|0|186094.9
296|1191|August 11, 2020|190.1|17.5|3.3|Present|0|366824.37
297|1270|01/08/2024|157.3|8.8|4.9|PRESENT|0|741439.91
298|1734|02/14/2021|143.1|19.4|3.4|PRESENT|0|373484.88
299|1756|2020-05-16|136.7|17.6|3.7|Remote|0|372544.94
300|1642|12/05/23|145.1|10.6|2.0|PRESENT|0|513215.8
301|1708|2020-12-24|199.8|8.8|1.7|Present|0|169935.71
302|1505|2023-04-21|130.2|4.2|1.5|Leave|43398.06|440523.12
303|1752|June 19, 2017|-5.0|21.4|4.4|present|19270.92|430208.11
304|1729|April 17, 2019|191.8|11.5|4.0|Absent|0|876800.24
305|1694|March 06, 2019|184.9|17.3||Present|10995.07|428410.34
306|1475|26-02-2023|177.4|17.5|4.7|Absent|0|624565.69
307|1367|2021-04-16|141.0|0.8|2.8|Present|32436.57|182270.53
308|1184|13-Sep-2022|191.7|16.7|1.0|Remote|21008.36|876490.28
309|1643|July 14, 2023|181.9|1.8|1.4|Remote|0|666568.32
310|1072|09/06/20|174.3|23.5|2.7|Present|0|491230.56
311|1423|06-Jul-2019|137.1|23.9|1.8|present|0|174656.02
312|1533|20-10-2020|137.3|21.3|4.9|Present|0|363339.54
313|1474|03/16/2021|191.4||2.6|Present||764337.45
314|1338|02-10-2023|140.8|9.2|4.1|Present|3517.02|447294.68
315|1344|2022-06-23|154.6|5.3|1.6|Present|0|764415.59
316|1498|March 25, 2018|167.6|1.3|4.7|absent |0|701468.3
317|1234|February 27, 2020|138.5|13.6|1.6|Present|37770.69|651618.57
318|1240|03/12/2020|194.0|19.3|4.9|Absent|0|767130.44
319|1779|06-Sep-2017|159.9|7.5|4.9|PRESENT|0|344590.03
320|1441|21-Apr-2022|124.6|15.7|1.5|Absent|0|824807.59
321|1142|18/11/24|176.3|20.6|2.3|Present|21403.88|346435.05
322|1058|10/21/2023|136.4|10.1|1.3|Present|0|625145.65
323|1570|19-02-2023|167.9|5.7|4.1|absent |0|700298.68
324|1392|2021-04-25|147.7|12.4|3.7|Leave|0|482598.87
325|1845|15/02/24|136.0||1.3|Absent|0|765152.15
326|1193|08-May-2023|120.4|24.5|3.6|Present|7174.34|664250.1
327|1392|2019-06-16|158.1|10.8|1.4|Present|0|820843.75
328|1693|14-May-2024|163.7|15.0|1.8|Present|0|919584.25
329|1800|25-Apr-2023||16.3|3.3|absent |0|894681.99
330|1177|27/01/19|163.1|19.5|1.9|Present|0|536231.78
331|1079|October 13, 2022|197.9|20.9|1.6|PRESENT|0|698607.69
332|1154|2023-06-27|161.1|18.8|3.5|Present|0|779273.45
333|1004|October 24, 2018|189.7|8.5|3.7|Present|18650.72|908423.86
334|1819|02/20/2024||2.5|2.1|Present|16910.92|276635.9
335|1433|09-Oct-2020|179.6|18.5|4.4|Leave|0|362280.1
336|1441|11/03/23|136.2|6.1||Present|0|277618.16
337|1832|28-Nov-2024|188.4|7.7|3.5|Present|0|655576.39
338|1629|27-08-2023|159.6|4.8|2.9|Present|0|382375.76
339|1391|11/13/2022|196.8|3.8|1.5|Present|0|518925.58
340|1561|2020-06-12|123.3|22.5|1.5|Present|0|544897.69
341|1316|13-03-2021|134.4|7.3||PRESENT|0|249092.36
342|1274|06-Jan-2020|181.3|20.6|3.1|Remote|0|747219.79
343|1681|07/06/20|157.2|24.6|2.1|Present|0|533602.4
344|1252|03/28/2019|146.6|1.4|3.9|Present|0|930000.18
345|1473|February 19, 2020|168.2|5.3||Present|0|903860.8
346|1794|19-Aug-2020|151.3|23.3|3.0|Present|0|517481.01
347|1330|July 13, 2020|187.2|12.2|3.2|Present|5803.22|252925.91
348|1392|June 07, 2016|165.2|19.6|2.1|absent |0|709095.2
349|1142|May 20, 2024|132.1|2.8|3.3|Absent|0|
350|1517|16-06-2022|126.3|22.2|1.4|Present|0|380875.39
351|1559|2022-04-13|129.2|24.1|3.3|PRESENT|0|580365.22
352|1625|13/02/19|151.8|2.7|2.4|absent |0|730661.73
353|1667|06/17/2024|166.8||3.0|present|32675.26|
354|1202|14/01/21|123.6|21.5|4.7|PRESENT|0|935498.23
355|1124|August 21, 2022|139.7|12.8|2.5|Present|1249.26|395963.41
356|1354|25/06/22|154.0|19.5|2.2|Remote|38344.13|446325.4
357|1802|2021-07-09|152.8|15.4|4.6|Leave|0|346076.75
358|1681|20/08/24|166.6|20.9|3.5|Present|0|805259.26
359|1716|27-05-2022|176.8|22.2|4.1|Absent|0|516724.59
360|1058|2024-06-11|161.7|22.5|2.7|Present|0|628668.13
361|1358|2018-07-03||23.4|3.6|Present|0|752642.55
362|1608|18-11-2020|186.2|6.8|2.9|absent |41369.48|909396.97
363|1162|2015-07-07|150.3|24.2|4.0|Remote|0|244461.14
364|1409|09/01/21|158.4|3.4|3.3|Present|0|581502.15
365|1672|February 14, 2021|177.9|15.7|2.7|absent |0|593906.93
366|1270|22-Jan-2022|153.7|0.6|2.4|present|0|687775.27
367|1080|2022-04-09|150.0||3.4|PRESENT|0|812427.05
368|1234|January 04, 2020|133.9|22.4|3.8|Present|22061.84|555760.03
369|1112|20-01-2022|178.7|3.8|3.5|PRESENT|46034.54|717890.45
370|1598|February 18, 2024|189.6|9.7|1.1|Absent|16395.66|
371|1581|03-10-2022|133.6|20.9|3.3|Present|21392.53|488943.16
372|1617|2022-01-18|184.0|2.4|2.3|Remote|0|482314.48
373|1053|05/01/16|129.4|11.6|4.5|Leave|0|391016.55
374|1613|04-07-2020|146.5|0.6|3.1|absent |0|618414.02
375|1008|03-Aug-2021|197.8|21.7|4.2|absent |0|154711.61
376|1491|14-Sep-2024|125.4|1.0|3.7|Present|0|318888.41
377|1337|04/02/2020||19.4|4.0|Present|0|460884.34
378|1414|09-Sep-2023|176.0|21.3|2.1|present|0|166575.31
379|1246|22-Mar-2021|140.9|5.3|3.8|absent |0|365529.56
380|1473|09/19/2020|161.6|2.4|4.4|Leave|0|418867.87
381|1818|May 15, 2019|180.9|18.0|3.9|PRESENT|0|890562.94
382|1746|26/11/19|123.3|17.2|2.0|Absent|2460.34|585037.53
383|1275|10-Dec-2018|120.4|14.5|2.7|Present|4122.53|930416.81
384|1834|12/12/24|193.4|11.6|3.9|absent |0|877762.88
385|1514|01/07/22|153.3|18.2|4.2|Leave|0|352908.23
386|1583|2023-10-17|171.7|14.8|1.4|absent |0|796341.43
387|1236|10-12-2023|-5.0|22.5|3.3|Present|0|398473.79
388|1626|26-Aug-2018|199.4|6.4|2.7|Present|0|798644.88
389|1665|16-Jun-2024|187.9|9.5|3.5|Leave|5678.5|407940.85
390|1687|November 09, 2022|140.3|17.0|4.3|Present|3839.36|633846.01
391|1801|2022-08-19|192.5|24.7|2.4|Leave|0|724670.58
392|1362|07/12/2021|147.7|0.9|2.5|Leave|0|562445.73
393|1478|03-Mar-2018|156.6|12.8|3.1|Present|0|396377.22
394|1556|12/17/2022|149.4|14.2|2.5|present|0|653584.95
395|1753|2023-05-13|164.2||5.0|Present|0|857856.98
396|1319|December 10, 2020|159.3|21.1|2.8|absent |0|325846.15
397|1488|2017-11-01|128.1|12.1||Leave|0|675932.34
398|1083|04/13/2023|129.6|2.9|3.3|Present|25929.04|539586.1
399|1195|27/11/20|122.0|7.5|4.7|present|0|545667.59
400|1709|10/18/2023|155.6|22.6|1.1|present|0|182607.93
401|1416|13/08/24|168.7|3.3|2.6|PRESENT|19391.02|764091.77
402|1631|28-03-2019|121.5|10.8|4.4|PRESENT|0|234038.45
403|1383|10-01-2024|189.2|6.5|2.5|absent |43486.81|166761.83
404|1395|10/10/18|166.2|16.8|4.8|Present|42197.64|811179.51
405|1005|03/05/21|186.0|0.3|1.9|Leave|0|551042.33
406|1206|October 01, 2022|164.9|22.4|1.9|Leave|0|630814.31
407|1769|15-Aug-2021|127.9|6.7||Remote|1152.05|287629.47
408|1206|06/12/2022|187.5|7.1|5.0|absent |0|
409|1461|13-Jul-2022|157.8||3.3|absent |0|479921.96
410|1607|10/10/2023|-5.0|12.2|2.0|Remote|0|365130.07
411|1222|03/08/24|123.1|18.3|2.8|Remote|35833.83|908776.04
412|1520|2018-12-13|151.6|23.3|4.4|Absent|0|728207.29
413|1498|26/03/24|134.6|19.0|2.4|Present|0|266289.49
414|1240|04-04-2021|144.5|10.1|2.8|Present||321671.2
415|1595|June 08, 2024|188.2|8.7|2.3|Present|0|717633.54
416|1495|2019-08-01|182.1|1.3|1.9|Present||346537.15
417|1027|2020-08-08|149.9|10.0|4.8|Leave|0|209648.67
418|1028|03-03-2019|-5.0|10.8|3.0|Present|0|293357.38
419|1166|06-10-2021|-5.0|18.5|4.1|PRESENT|22185.65|324415.74
420|1450|12-Jun-2023|168.3|0.7|1.6|Present|44157.31|
421|1391|January 01, 2022|199.4|7.3|3.5|Present|40817.5|944190.51
422|1574|03/02/16|120.8|10.0|3.8|Present|29459.09|262252.41
423|1528|04-Oct-2024|177.6|3.3|1.4|present|5975.54|253002.0
424|1302|04-01-2018|127.1|23.1|2.5|Present|0|861237.92
425|1734|22/05/21|130.2|0.4|4.9|absent |3746.0|941944.68
426|1829|09-Feb-2023|152.1|12.4|4.8|absent |0|634279.39
427|1452|27-04-2022|153.3|24.3||Present|0|452919.98
428|1758|05-Nov-2021|129.2|8.5|2.9|Present|0|895497.26
429|1567|2024-08-23|123.3|19.4||Leave|0|257027.52
430|1491|March 01, 2018|154.8|16.7|1.6|Remote|0|932662.48
431|1830|August 03, 2023|199.3|6.9|4.8|present|45958.95|215108.67
432|1103|June 20, 2023|136.3|20.5|1.1|Leave|22437.98|388534.56
433|1006|03/23/2019|163.4|20.7|1.9|Present|0|256563.85
434|1284|09/09/2017||6.0|3.1|Present||745434.6
435|1598|17/11/24|122.8|4.5||Absent|0|837055.93
436|1677|June 11, 2021|133.0||3.0|PRESENT|34339.43|212807.74
437|1141|10-May-2021|190.2|17.7|4.1|Present|0|826442.22
438|1403|16-Feb-2024|185.2|16.1|1.4|Present|35783.98|441348.15
439|1736|16/05/20|188.9|15.3|4.1|Absent|0|360198.92
440|1135|17-Dec-2019|158.3|19.7|1.1|Present|36235.84|279994.34
441|1618|04-01-2021||19.8|2.0|present|39228.83|385865.1
442|1051|20-11-2021|189.8|16.9|1.6|Leave|0|578842.71
443|1024|2024-05-14|177.6|24.4|1.5|Leave|0|748522.83
444|1433|24-Nov-2022|163.2|4.2|3.0|Present|0|786045.09
445|1336|02/17/2021|179.8|4.9|1.5|Remote|0|802542.81
446|1174|01-07-2019||3.1|2.3|Leave|0|427950.02
447|1359|04-06-2023|174.3|24.4|1.6|Present|0|654983.64
448|1155|2022-11-02|155.8|7.4|2.9|Present|30269.2|560078.62
449|1647|02-Mar-2018|134.3|21.2|3.9|absent |14061.67|933132.44
450|1275|13-Feb-2019|142.2|5.7|1.2|Present|0|
451|1263|01-Jun-2023|161.6|22.2|1.2|Remote|0|851503.41
452|1492|14-06-2023||24.6|3.4|Present|0|490336.0
453|1844|05/15/2021|179.2|3.9|3.9|Absent|23413.79|251855.11
454|1477|26/12/17|169.8|11.0|4.6|Remote|42076.49|807236.83
455|1550|24-Apr-2022|195.9|6.2|4.4|Present|0|
456|1662|November 25, 2019|148.8||2.0|Present|31054.03|566544.67
457|1018|13-01-2024|166.5|17.5|2.9|Present|0|197368.32
458|1635|2024-04-20|163.1|23.5|1.1|Present|0|471446.55
459|1806|05-Aug-2022|138.4|20.1|1.1|Absent|0|434708.72
460|1293|25-01-2024|193.4|10.9|4.7|Absent|0|411139.29
461|1356|11-02-2021|146.6|20.0|4.4|absent |0|184949.04
462|1725|10-01-2024|145.0|15.0|3.9|Remote|0|758706.07
463|1240|2024-01-08|199.7|23.7|2.4|Remote|47820.54|388456.42
464|1091|April 18, 2017|177.4|9.5|1.7|Present|0|270436.34
465|1597|28-May-2024|185.7|11.3|3.2|Present|0|757010.64
466|1409|08-Apr-2020|191.2|2.5|3.2|Leave|0|753340.7
467|1383|January 18, 2019|145.3|15.9|4.9|Present|0|242957.24
468|1485|November 07, 2022|141.8|20.2|4.4|Present|0|893899.78
469|1596|11/25/2021|161.9|23.2|1.3|Present|34323.29|768948.01
470|1088|2016-08-04|179.9|17.5|1.8|Present|0|
471|1509|September 18, 2023|145.0|24.0|2.2|absent |19688.7|461493.64
472|1241|August 09, 2019|174.9|17.0|3.3|Present|11959.46|466445.79
473|1441|20-11-2019|160.3|22.9|1.6|present|0|452374.91
474|1649|16-10-2022|124.3|1.1|1.0|Remote|44190.37|399513.14
475|1190|August 17, 2021|158.1|18.5|4.6|Present|0|769048.14
476|1085|15-05-2018|144.0|15.3|4.7|Present|7858.56|408633.75
477|1812|08/10/2021|163.4|24.4|2.4|Leave|128.76|398137.33
478|1686|22/09/22|154.5|10.3|2.4|Present|0|906670.33
479|1765|2021-03-14|160.8|18.8|1.7|Absent|0|542796.56
480|1098|15-Nov-2024|166.8|13.7|2.2|Present|0|291527.22
481|1828|November 11, 2022|161.5|23.4|3.3|Absent|0|256855.26
482|1457|19-01-2020|178.1|15.9|1.8|present|44639.42|537933.29
483|1602|04/04/2023|189.8|10.5|2.3|absent ||606082.27
484|1724|August 24, 2017|136.7|18.4|2.1|Remote|30657.32|370846.34
485|1744|2018-05-18|165.1|11.9|3.9|Present|37331.41|
486|1303|02-Dec-2020|192.3||3.0|Present|0|357674.2
487|1448|15-Jun-2023|134.5|5.3|3.3|Present|1522.51|547570.11
488|1668|06/09/2022|140.5|13.8||absent |46754.28|869998.98
489|1467|05-08-2021|193.3|23.5|3.8|Present|36709.43|262066.02
490|1846|17/09/23|130.4|21.2|2.7|Remote|0|794698.97
491|1302|2021-12-11||19.5||Leave|0|347566.55
492|1365|28-Mar-2019|130.2|17.5|4.1|Present|0|410015.14
493|1274|2018-06-02|129.9|14.6|3.2|Leave|0|560291.53
494|1793|July 17, 2024|187.7|6.6|4.9|Present|0|647209.87
495|1406|04-Apr-2023|137.8|14.4|3.5|Leave|0|735072.46
496|1418|10/28/2022|122.6|4.4|4.1|Absent|0|860355.86
497|1169|March 25, 2024|151.1|10.6|1.4|Absent|27703.32|616235.6
498|1631|15-May-2019|153.1|9.8|3.4|Present|0|
499|1393|11/06/2018|184.4|10.5|1.7|absent |0|838777.75
500|1745|08/23/2023|186.1|13.5||Present|0|865217.41
501|1160|06/17/2016|145.3|23.5|2.0|absent |7034.52|476115.7
502|1525|March 18, 2017|146.4|21.6|3.6|Present|0|
503|1790|10-07-2022|191.6|20.3||Present|45807.58|597481.02
504|1141|2017-06-12|160.9|0.2|4.3|PRESENT|45426.95|886784.56
505|1777|August 05, 2017|160.3|9.9|1.3|present|0|286230.61
506|1767|05/27/2024|199.6|14.4|4.0|Present|0|785102.88
507|1571|09/08/21||4.0|3.6|Absent|9528.31|875557.71
508|1146|25/01/22|153.7|4.0|1.7|Present|0|382768.02
509|1240|21-Jun-2024|120.8|20.3|1.7|Present|0|598301.14
510|1830|02/08/20|189.8|5.5|4.6|Present|0|874950.52
511|1131|28/07/19|131.8|7.1|1.2|Present|0|419964.43
512|1712|15/04/22|190.5|21.0||Present|0|667808.5
513|1570|2022-01-15|176.7|11.6|4.9|Present|0|526793.77
514|1240|03/01/17|180.8|1.0|3.5|Present|0|696103.53
515|1767|06-12-2020|167.8|23.6|4.2|Present|21555.96|899107.18
516|1270|23-09-2017|169.9|12.6|1.2|present|2084.36|751283.82
517|1531|01/02/2022|157.5|13.6|1.4|Present|49767.96|413871.03
518|1128|September 05, 2017|144.1|15.8|2.6|PRESENT|0|469526.93
519|1069|09/15/2023|135.0|12.9|3.5|PRESENT|0|550011.46
520|1414|13-Nov-2024|126.9|12.4||Present|0|197985.41
521|1704|06/27/2024|152.2|6.2|4.3|Present|6641.93|643472.35
522|1140|09-Oct-2018|162.9|11.6|4.1|Absent|0|301264.02
523|1494|15-02-2021|185.2|6.3|2.1|Absent|0|631953.11
524|1051|2023-11-20|169.7|16.8|3.5|Present|0|733942.39
525|1721|21/05/24|144.7|20.9|3.4|Present|0|234185.21
526|1270|02/07/2019|122.1|19.2||Present|0|206418.71
527|1310|17/07/23|180.2|17.6|2.4|PRESENT|0|821125.97
528|1262|07-10-2019|137.4|3.9|3.6|Present|0|790492.39
529|1079|October 14, 2021|122.0|16.8|4.8|Present|0|915297.01
530|1302|March 07, 2023|188.2|10.7|4.5|Present|0|235148.84
531|1647|27-06-2018|139.7|16.4|4.7|Present|33847.85|942399.22
532|1312|May 26, 2019|-5.0|21.0|3.5|Present|0|676294.19
533|1409|03/02/21|178.0|12.5|2.5|Present|0|826923.62
534|1214|August 16, 2022|141.3|12.9|1.3|Present|1850.98|852236.88
535|1107|28-Feb-2022|127.6|21.4|4.0|absent |9919.08|489949.78
536|1818|05-Oct-2022|156.7|3.7|3.7|Present|0|843768.63
537|1428|04/17/2019|194.1|21.0|1.3|Present|0|343314.26
538|1250|28/03/23|185.5|13.2|3.0|PRESENT|20092.13|625053.11
539|1818|11/08/23|172.7|17.8|1.3|PRESENT|13381.95|211980.7
540|1404|18-Jul-2021|199.0|15.6|2.5|Remote|21667.42|238544.8
541|1313|2024-02-04|-5.0|16.1|2.9|Leave|0|309897.25
542|1558|November 20, 2023|126.8||2.1|Remote|0|317778.6
543|1656|June 11, 2023|123.6|10.8||Remote|0|408209.68
544|1693|2018-02-12|198.3|0.9|2.6|Remote|0|566782.7
545|1846|02/13/2019|159.4|12.7|5.0|Present|0|801038.64
546|1755|08/02/23|164.3|21.3|4.1|Remote|44150.43|799817.94
547|1069|10/03/2019|133.7|19.6|4.4|Remote|44893.96|374504.92
548|1318|2015-05-08|142.0|14.6|4.3|absent |0|531862.75
549|1287|16-10-2024|128.1|24.8||Remote|0|159923.96
550|1791|2023-03-11|196.7|15.2|3.0|PRESENT|0|547217.13
551|1823|19-Oct-2017|148.1|9.3|3.9|Present|1733.57|755627.02
552|1083|13/01/21|186.9|23.4|1.5|present|0|218645.49
553|1767|December 16, 2022|168.4|21.0|3.4|absent |0|332574.04
554|1294|February 15, 2016|156.3|5.1|1.1|Remote|0|264118.16
555|1404|March 08, 2023|124.2|19.2|2.5|Leave||749025.54
556|1693|2016-08-05|133.5|18.4|2.6|Present|44973.57|870833.94
557|1331|18/01/23|147.4|13.7|1.5|Absent|0|858640.87
558|1774|02/18/2019|152.7|20.6|3.5|absent |0|238501.53
559|1407|06/05/20|127.5|10.3|3.9|Present|0|318620.7
560|1357|03/11/23|126.9|22.4|4.6|absent |0|233677.75
561|1724|January 04, 2019|171.0|18.0|1.2|Present|0|521005.81
562|1774|02-May-2016||20.9|4.1|Present|45070.67|258933.88
563|1761|2023-09-21|178.0|18.0|4.5|Present|26615.21|855069.16
564|1457|16-05-2024|195.5|17.4|2.8|Remote|0|412510.64
565|1052|05/08/2022|127.9|3.0|1.5|Present|45562.72|656109.83
566|1270|24-Nov-2017|145.7|16.2||PRESENT|0|490735.33
567|1462|December 09, 2021|142.4|15.3|1.5|Absent|32712.03|848236.47
568|1395|2018-01-08|139.1|13.8|3.9|absent |0|509221.45
569|1578|02/17/2018|195.2|19.6|1.3|present|0|208140.14
570|1616|March 26, 2020|159.5|23.4|2.8|Present|0|153376.16
571|1704|06/14/2022|123.2|10.2|1.0|Present|3430.54|166626.96
572|1789|October 20, 2024|128.8|12.2|1.1|Absent|0|622448.02
573|1276|05/09/2024|193.6|13.6|5.0|PRESENT|0|303067.59
574|1141|October 12, 2019|134.4|3.9|4.9|Present|9928.79|901997.0
575|1029|03/02/22|192.9|16.4|3.8|Present|0|836195.68
576|1058|2023-11-12|180.9||3.7|Leave|0|360410.39
577|1673|13-Mar-2024|191.6|13.2|1.1|Present|31092.03|812966.3
578|1420|04/03/18|136.1|1.3|4.0|Present|0|666349.86
579|1170|March 05, 2024|128.4|14.6|3.6|Present|0|860263.25
580|1443|August 03, 2020|125.2||1.1|Present|0|661739.77
581|1681|10-01-2017|120.2|7.4|2.6|absent |0|692585.09
582|1579|24/03/16|153.0|24.1|4.9|PRESENT|0|913745.66
583|1507|20/08/23|192.2|9.4||Leave|0|
584|1604|05-12-2021|158.7|13.7|4.9|PRESENT|0|356709.22
585|1227|24-Mar-2020|190.5|3.3|1.1|PRESENT|0|474959.78
586|1774|2021-01-08|139.1|2.4|2.1|Leave|0|382948.62
587|1344|23-Jan-2022|165.5|18.0|1.7|Present|0|372696.1
588|1634|September 11, 2021|139.7|21.5|3.5|absent |43482.97|714141.37
589|1115|03/11/17|145.3|8.7|2.6|Present|0|511321.63
590|1269|02-Feb-2022|165.5|13.7|1.7|PRESENT|1549.26|666103.72
591|1448|2020-04-08|189.2|12.4|3.2|Leave|0|647606.34
592|1054|2024-12-02|186.3|||Leave|0|218303.06
593|1527|April 02, 2019|140.5|9.3|1.5|Present|0|290250.59
594|1524|2018-12-16|161.6|17.6|3.6|Remote|1197.65|234232.99
595|1142|2022-01-22|183.2|10.5|2.0|Present|0|634610.84
596|1348|2020-06-07|142.3|14.5|2.6|Leave|0|707619.75
597|1599|03/07/22|139.7|4.6|4.1|present|35420.5|438521.3
598|1247|02-Jun-2024|169.5|15.1|3.8|Remote|0|
599|1100|05-12-2022|148.5|19.1|2.7|PRESENT|0|721032.6
600|1038|09/20/2022|127.1|4.1|3.2|Present|0|816013.52
601|1618|2021-09-28|143.6|8.4|2.6|Present|0|543734.49
602|1260|2020-11-18|-5.0|22.0|1.7|Present|0|336510.25
603|1610|01-Nov-2020|182.7|18.0|1.7|Present|43493.09|261595.24
604|1136|22-May-2021|193.4|6.1|4.9|PRESENT|0|735031.62
605|1766|2024-03-18|132.0|14.7|1.3|PRESENT|0|219113.03
606|1205|June 07, 2022|182.6|24.5|1.4|Present|0|280511.86
607|1339|12/13/2020|174.2|12.7|3.3|Present|0|228975.48
608|1507|2018-09-24|140.7|9.3|1.1|present|33876.23|329363.62
609|1004|03/28/2017|166.8||2.3|absent |0|483789.05
610|1356|2024-04-07|122.7|4.7|4.7|Absent|0|590113.63
611|1577|2023-09-03|147.9|0.5|3.6|PRESENT|0|727285.94
612|1478|26/10/16|198.9|13.9|3.5|present|0|806664.84
613|1091|November 26, 2018|192.3|8.9|1.3|Remote|5341.01|243339.23
614|1619|2021-12-28|120.9|4.8|1.7|Present|0|922084.48
615|1240|23/07/23|155.3|21.0|4.3|Leave|44657.85|743598.27
616|1363|27-Dec-2023|172.2|6.8|3.2|PRESENT|0|645966.89
617|1244|December 20, 2020|155.0|24.9|3.8|Present|0|873640.58
618|1216|07/25/2024|188.3|13.0|3.5|Present|0|883631.16
619|1244|14-Apr-2019|175.1|2.1|3.7|PRESENT|0|757759.35
620|1661|19-11-2022|183.8|2.3|3.3|Leave|0|330238.76
621|1276|07-01-2024|174.1|10.0|3.6|Present|46610.26|165823.05
622|1142|10-12-2024|173.7|8.1|2.7|Present|4939.7|570070.28
623|1030|September 09, 2021|156.0|9.8|4.4|Present|0|159511.2
624|1762|19-Feb-2021|170.0|0.0|2.2|Present|0|637799.12
625|1244|09/20/2022|162.4|13.4|2.2|Present|0|441925.18
626|1575|11-05-2022|167.2|24.8|1.6|Remote|0|696837.67
627|1468|March 05, 2016|126.4|18.2|3.9|Present|30591.56|650155.79
628|1544|23/03/23|194.9|8.5|3.6|Leave|0|664495.78
629|1662|25-Jan-2023|128.7|11.1|1.6|Present|31289.83|652714.84
630|1764|2018-11-02|183.6||4.3|Leave|0|790461.77
631|1223|April 04, 2024|130.7|2.9|1.3|PRESENT|0|498436.06
632|1236|22/04/24|180.3|21.8||Present|46160.25|179075.0
633|1636|17-Jan-2020|196.1|22.3|2.3|Leave|0|265709.58
634|1009|04/08/2024|130.1|14.6|4.2|absent |24230.09|922320.58
635|1433|06-Jul-2022||18.8|4.6|present|0|754268.41
636|1593|2023-02-23||18.5|3.9|PRESENT|0|383743.51
637|1814|2024-02-12|179.4|1.6|4.2|Present|29710.84|674292.13
638|1140|2021-11-16|156.9|24.2|3.1|Present|0|886593.73
639|1466|May 28, 2019||13.4|4.4|Absent|0|521909.16
640|1068|10-04-2018||19.2|4.0|absent |0|927877.9
641|1231|12/15/2022|195.7|10.0|1.3|Remote|39362.64|419277.38
642|1673|February 07, 2021|178.2|3.9|4.9|PRESENT|0|307253.71
643|1791|12/22/2024|121.8|1.3|4.6|Leave|0|852740.7
644|1515|2024-11-26|187.0|6.7|3.5|PRESENT|0|157793.23
645|1623|October 20, 2018|141.3|17.7|5.0|absent |27051.29|239375.31
646|1365|10/03/2016|153.1|6.3|2.1|present|24149.36|616633.73
647|1431|2019-03-21|173.8|24.7|1.6|Present|0|396395.26
648|1202|05-Nov-2017|128.3|17.2|1.7|present|43248.0|419917.8
649|1774|10/07/2020|134.3|11.3|3.5|Remote|17290.89|293050.06
650|1231|June 08, 2020|122.9||2.6|Present|0|255478.25
651|1706|01-Feb-2024||17.2|2.0|Remote|0|424841.83
652|1313|26-08-2017|120.6|13.2|3.6|Present|0|620728.69
653|1284|23-Oct-2021|120.8|18.6|1.8|Present|0|463728.26
654|1534|03/20/2017|149.7|14.9|4.7|absent |0|821808.85
655|1194|11/24/2021|177.6|0.2|2.6|Remote|0|628810.18
656|1794|02/11/2023|153.5|9.5|1.8|absent |0|448153.81
657|1476|04/18/2018|149.4|21.0|2.3|Present|0|874962.59
658|1520|July 24, 2017|184.8|15.4|2.6|Present|0|804936.1
659|1049|24/08/23|166.3|1.9|1.7|Absent||
660|1351|24-Jul-2021|187.9||3.1|Absent|0|282458.65
661|1843|August 07, 2022|133.0|3.3|2.7|absent |20464.4|328715.46
662|1105|02/07/2024|140.7|17.7|4.6|Present|0|212966.71
663|1335|May 16, 2024|137.5|15.1|1.4|present|0|474029.57
664|1217|2023-12-02||1.8|4.5|present|0|404188.65
665|1776|04/10/2019|130.8|4.0|1.5|Remote|43938.04|427295.33
666|1740|09-08-2024|184.9|23.8|4.7|Present|0|486424.41
667|1288|2017-06-09|144.2|1.9||PRESENT|0|578333.4
668|1590|07-Mar-2022|166.5|19.2|4.3|Present|0|181967.29
669|1491|February 14, 2024|197.3|2.6|3.5|Present|0|221474.43
670|1528|November 17, 2024|143.3|13.5|5.0|Remote|0|856501.4
671|1721|08-Mar-2017|128.6|11.1|2.0|Present|0|631859.48
672|1312|28-05-2018|161.0|22.1|2.4|Leave|0|383475.3
673|1277|24-06-2017|150.4|3.0|2.8|Present|0|930737.57
674|1284|02/03/2017|180.0|22.3|3.1|Leave|0|897355.05
675|1235|03-10-2018|192.9|3.8|4.9|PRESENT|0|337289.28
676|1405|October 03, 2019|123.3|23.6|2.2|present|34541.8|732767.12
677|1366|07/22/2024|125.0|24.7|4.0|Remote|0|
678|1077|March 05, 2022|166.3|14.9|3.0|Present|15906.7|893793.33
679|1791|15-12-2017|139.5|2.9|4.1|PRESENT|0|556452.85
680|1398|02/18/2019|150.1|5.8|4.1|Present|0|697258.09
681|1375|August 27, 2020|126.9|12.1||Present|0|771022.63
682|1247|18-11-2024|195.4|1.6||PRESENT|17699.19|480188.39
683|1691|28-10-2016|161.9|1.7|3.6|Leave|0|334215.12
684|1124|04/15/2021|184.0|5.1|4.2|Present|0|795518.57
685|1410|07/15/2021|180.3||4.2|Present|25834.58|285729.48
686|1623|02-01-2022|121.8|24.8|4.6|Absent|5850.16|863699.65
687|1016|10/26/2016|161.4|0.2|2.0|Present|0|480343.7
688|1367|2023-10-07|132.8||2.9|Leave|0|181355.3
689|1329|03/23/2019|145.3|10.3|3.3|Present|0|634461.34
690|1762|04/10/23|153.8|24.0|2.0|PRESENT|0|434785.49
691|1440|11/02/16|138.3|2.7|3.3|Absent|0|659229.74
692|1471|November 04, 2017|173.2|10.5|3.2|PRESENT|0|608079.76
693|1155|05/13/2022|197.1|20.3|4.4|PRESENT|0|473545.86
694|1360|16-03-2019|164.7|5.4|4.5|Present|0|167646.13
695|1849|21/02/24|185.6||2.7|Remote|45378.85|387114.13
696|1555|28-Dec-2022|177.6|4.8|1.7|Present|23038.87|390620.6
697|1596|January 25, 2022|123.1|16.2||Present|0|580001.0
698|1226|06/24/2024|184.4|1.6|1.4|Present|23798.47|331861.19
699|1180|28-08-2023|198.0|16.7|2.5|Present|2360.9|681104.64
700|1597|2021-01-26|197.0|11.4|1.6|absent |0|571665.2
701|1759|09/03/2020|164.3|16.0|2.9|absent |0|508790.53
702|1140|19-01-2020|137.5|10.8|3.2|Present|0|374474.36
703|1724|17-01-2018|165.9|15.0|2.0|Remote|38348.39|454757.73
704|1490|23-Jun-2017|161.5|4.4|3.8|Present|0|716958.29
705|1693|04/04/2017|178.0|5.3|1.6|PRESENT|0|651675.17
706|1022|2022-08-26|144.8|11.1|3.7|absent |0|403328.2
707|1488|06/26/2021|186.7|3.1|2.9|PRESENT|0|782662.0
708|1155|28-07-2024|158.7|7.9|1.6|Absent|0|770430.74
709|1173|2023-07-20|183.4|6.1|2.6|present|0|346971.81
710|1369|08/14/2024|178.7|19.2|1.5|present|0|221847.08
711|1416|March 08, 2022||23.3|4.1|Remote|32374.77|631685.08
712|1744|2017-02-06|120.8|22.8|4.7|Present|0|208445.76
713|1358|28/09/23|147.5|5.1|2.6|PRESENT|5975.63|463231.32
714|1319|26-11-2022|180.2|||Present|0|806633.94
715|1001|2023-11-10|183.1|14.1|1.1|Present|0|931926.46
716|1027|2019-12-11|128.7|19.7||PRESENT|0|419460.0
717|1724|06/16/2018|130.8|18.3|2.8|Present|1447.48|542489.71
718|1504|10-Aug-2024|197.7|10.7|4.4|Remote|0|939103.83
719|1805|2016-01-04|140.2|7.5|4.6|absent |0|512967.5
720|1214|07/06/24|169.5||3.4|Leave|0|613629.31
721|1330|02/07/19|195.5|22.3|2.6|Remote|0|568383.61
722|1661|06/17/2023|195.1|22.7|1.6|Present|14866.62|413340.95
723|1780|05/12/2024|142.0|13.2|4.6|Present|0|283269.73
724|1622|15/06/24|170.3|4.0|2.5|absent |0|183228.95
725|1053|04/02/2022||18.5|3.4|Remote|0|255583.31
726|1726|August 12, 2021|176.3|15.6|4.9|Leave|20174.94|821163.93
727|1512|09/14/2020|198.2|10.6|2.8|Present|0|350628.57
728|1123|27-Jul-2019|136.9|8.7|4.6|Leave|0|459477.02
729|1775|13-08-2016|132.2|15.1|2.9|present|0|654576.64
730|1530|16-May-2022||11.3|2.0|PRESENT|7002.29|483133.88
731|1649|11-Sep-2020|138.9|20.0|2.8|Present|0|241493.43
732|1756|02/13/2024|193.4|12.3|3.1|Present|32359.48|463628.6
733|1111|05-Dec-2023|191.7|14.5|2.0|Leave|6927.54|509330.96
734|1477|07/10/2022|135.9|17.6|4.0|Present|0|691698.54
735|1520|2022-07-16|169.9|8.3|2.2|Leave|19850.62|298618.04
736|1668|05-Apr-2024|126.6|1.1|2.3|Present|5241.08|870264.55
737|1654|2019-06-14|191.4||2.0|Leave|0|716885.95
738|1400|10-Jun-2024|173.9|0.3|1.3|absent |0|428343.41
739|1318|01/10/2022|176.4|20.0|4.6|PRESENT|0|771365.12
740|1251|08-02-2022|190.3|2.3|3.0|present|599.62|702956.6
741|1791|19-10-2022|123.5|||PRESENT|0|725636.97
742|1443|12/20/2024|198.0|10.3|1.9|PRESENT|0|685439.21
743|1623|28-11-2021|143.5|19.8|3.0|Remote|0|641337.87
744|1274|12/19/2017|128.6|14.7|1.3|Remote|42857.76|339839.83
745|1112|January 14, 2020|163.1|1.1|1.6|Leave|0|804711.78
746|1180|2022-09-20|129.9|8.1|4.4|Absent|28143.46|879261.35
747|1344|March 06, 2021|155.8|12.8|1.2|Present|0|351951.72
748|1829|11-Feb-2020|190.2|24.3|4.9|Present|0|379413.3
749|1612|09-07-2019|168.2|10.2|2.2|Leave|0|740888.87
750|1494|June 21, 2023|131.4|4.2|4.5|Present|0|869805.13
751|1692|2016-05-26|130.9|4.4|4.5|Present|21146.81|555138.43
752|1223|01/04/23|123.7|5.3|4.8|PRESENT|0|859961.95
753|1074|February 01, 2024|125.9|19.8|2.1|PRESENT|10543.89|552786.54
754|1171|06/06/19|135.3|5.1|3.0|present|0|232547.06
755|1028|2019-02-22|130.1|1.6|3.1|PRESENT|0|333395.84
756|1390|2024-07-01|137.4|24.8|4.3|absent |0|240112.88
757|1146|12/15/2019|159.4|24.9|3.5|present|0|753418.1
758|1322|04/09/18|120.8|0.9|3.4|Present|0|418668.35
759|1019|22/05/24|155.1|13.4|2.8|Present|35944.01|725674.27
760|1195|15-Mar-2020|142.1|2.9|2.0|PRESENT|0|837209.19
761|1410|26-Jul-2017|133.2|8.9|3.5|Present|0|893922.04
762|1574|09-Jan-2018|126.5|4.2|3.8|absent |0|847006.42
763|1687|April 12, 2018|200.0|22.3|4.7|Present|0|568903.99
764|1446|2024-01-17|169.5|21.2|3.0|PRESENT|0|674531.79
765|1089|October 10, 2017|133.9|3.2|1.7|Absent|0|774965.73
766|1344|21/10/20|161.4|15.6|3.6|Absent|28549.43|770097.94
767|1162|03/13/2023|166.4||2.4|absent |0|481741.13
768|1327|04-Sep-2024|144.0||4.2|present|0|878690.85
769|1814|August 28, 2022|128.1|8.7||Absent||214901.11
770|1365|02/04/2023|152.5|10.2|2.1|Absent|0|431003.61
771|1600|09/05/2022|142.1|25.0|2.4|present|0|936078.43
772|1595|May 13, 2022|185.8|24.1|4.3|Leave|0|282473.76
773|1564|2020-07-28|196.2|16.0|2.7|Present|0|486033.42
774|1758|06/12/2020|183.4|22.2|2.9|Remote|29514.8|192102.0
775|1331|06-01-2020|154.5|11.3|3.4|present|0|300582.0
776|1719|03-02-2023|125.0|5.3|3.6|absent |0|384086.22
777|1441|03-02-2023|135.3|19.6|3.0|Present|0|323507.41
778|1240|2018-11-01|196.7|8.0|1.6|present|0|810872.31
779|1150|2021-11-10|182.1|19.3||Present|35403.46|519754.04
780|1412|09/20/2023|198.3|19.0|2.7|Leave|0|654212.84
781|1103|2024-08-17|127.0|8.3|2.3|Remote|32974.57|552141.66
782|1571|18-06-2022|175.0|21.3|4.5|absent |0|726149.12
783|1745|January 02, 2024|163.6||3.0|Leave|0|711104.6
784|1329|2021-06-03|197.3|23.0|2.5|Leave|0|199883.68
785|1477|05-Mar-2021|146.3|4.4|1.2|PRESENT|40060.28|180391.58
786|1405|2023-11-07|150.6|11.0||Present|0|838173.93
787|1806|December 01, 2021||16.5|1.5|Leave|0|931044.02
788|1464|August 15, 2019|171.7|6.3|1.5|Absent|0|720196.2
789|1139|August 05, 2024|136.3|20.4|2.2|Remote|46373.77|544467.72
790|1324|2024-07-01|175.7||5.0|Absent|0|798597.59
791|1808|2024-02-25|180.8|4.2|3.2|absent |9018.94|634659.77
792|1608|2021-06-06|185.7|19.7|3.5|Present|8060.59|403628.95
793|1738|08/25/2022|183.8|19.2|3.5|Present|17579.4|792233.25
794|1229|01/11/20|173.2|9.8|4.0|Leave|0|432655.08
795|1687|12-06-2019|122.1|21.5|4.1|Absent|12154.74|827156.09
796|1687|22/12/24|162.9|11.1|3.1|absent |0|205325.01
797|1223|27-Sep-2023|145.4|14.9|1.7|Present|0|779518.98
798|1390|December 05, 2021|162.0|11.3|4.9|Absent|0|180079.05
799|1518|01-Mar-2024|150.3|8.1|1.0|Present|0|659556.1
800|1028|22-Dec-2018|161.6|11.0|3.1|Present|0|743085.74
801|1746|02/07/22|122.4|22.8|4.6|Present|39389.81|237388.69
802|1004|27/03/18|134.1|0.1|3.7|PRESENT|0|563423.95
803|1636|08-01-2021|126.7|12.4|3.5|Present|0|256860.61
804|1343|August 03, 2020|182.1|15.6|3.6|Present|0|
805|1199|18/07/23||23.1|4.6|Remote|0|945586.8
806|1268|21/09/24|134.0|8.8||Leave|22143.99|190082.97
807|1278|23-12-2022|145.3|19.3|2.1|Leave|0|170443.94
808|1541|07/21/2022|190.0|13.8|2.8|present|38842.15|213014.62
809|1691|28-10-2019|148.2|4.4|1.4|Present|47850.65|928078.08
810|1658|18/07/24|198.1|0.6|1.1|Remote|13107.52|799897.7
811|1307|December 23, 2023|121.7|12.5|1.2|Present|0|408184.78
812|1791|08-05-2017|124.7|5.6|2.0|Present|0|356476.25
813|1171|09-Mar-2021|167.3|7.2|3.4|Leave|0|811634.49
814|1025|06-Sep-2016|122.8|18.2|2.2|Remote|0|350209.69
815|1544|25-Jul-2021|164.1|12.0|2.1|Absent|0|488323.67
816|1557|02-May-2024|176.6|18.0|5.0|present|37251.36|612343.33
817|1616|23-11-2020|145.5|13.6|3.4|Present|13192.12|526656.68
818|1699|13-Nov-2021|182.3|7.4|2.1|Leave|0|332751.84
819|1649|04/10/2021|130.3|5.2|3.0|Remote|49639.04|841532.49
820|1053|15-Jun-2017|161.4|0.1|4.0|Present|0|596252.36
821|1752|27-12-2015|138.6|9.8|4.3|Present|0|632566.18
822|1497|August 12, 2023|185.9|9.8|4.7|Present|0|456117.1
823|1170|June 01, 2022|149.0|21.9|3.5|Present|0|774907.25
824|1365|14-07-2017|195.8|6.2|1.5|Present|0|244908.23
825|1509|07/06/2022|142.1|1.6|2.7|present|0|197226.51
826|1087|07-Apr-2019|161.4|4.0|3.2|present|0|707905.71
827|1256|07-06-2022|130.9|15.0|1.3|Leave|0|758874.67
828|1393|2015-10-26|151.2|5.5|3.7|present|0|576002.53
829|1616|2019-03-05|191.3|3.1|1.2|present|43599.91|723242.25
830|1083|2020-06-01|173.0|8.4|4.2|absent |0|718822.86
831|1151|04/05/2019||20.0|1.4|Present|0|528051.25
832|1631|02/06/2020|156.4|20.8|2.8|PRESENT|0|827244.21
833|1392|07/23/2023|129.7|0.2|2.6|absent ||618062.83
834|1246|11-06-2021|179.7||2.3|Present|0|820706.95
835|1306|March 02, 2022|177.6|22.4|4.8|PRESENT|0|402003.73
836|1694|10/14/2020|123.1|24.8|1.7|PRESENT|0|582892.27
837|1196|03/06/22|-5.0|24.0|2.1|present|0|425923.04
838|1055|December 17, 2018|149.1|13.3||Leave|0|358017.08
839|1226|April 07, 2024|129.6||3.0|Present|1160.85|385895.52
840|1140|November 07, 2015|129.4|9.9|1.1|Present|19893.95|544539.67
841|1620|10/06/20|174.3|22.0|3.6|Remote|42758.9|747537.74
842|1327|November 10, 2020||9.5|1.6|Present|0|412265.59
843|1199|December 21, 2024|171.1|18.0|4.1|Present|0|648525.02
844|1585|23-03-2022|162.1|9.6|1.9|present|9594.31|555582.28
845|1709|2021-11-16|145.2|9.7|1.2|Remote|3304.47|701123.31
846|1617|05/08/2023|148.3|4.7||Present|0|457053.07
847|1045|July 07, 2023|159.7|4.1|3.2|present|0|298997.69
848|1635|24-Dec-2020|129.1|24.4|2.5|Remote||510991.18
849|1737|August 03, 2019|182.1|17.2|4.1|absent |2842.85|898246.5
850|1375|03/01/2019|128.9|3.3|2.6|Present|6246.48|539912.56
851|1420|07-May-2023|133.8|16.1|1.1|PRESENT|0|387887.67
852|1597|10/09/2024|172.9|10.9||Leave|22502.54|900377.52
853|1542|05-10-2024|135.4|13.4||Present||567382.62
854|1434|February 09, 2018|137.5|14.2|4.3|absent |0|568115.04
855|1523|02/03/23|172.6|6.1||Leave|45318.06|291445.43
856|1323|26-Apr-2022|134.9|3.8|1.8|Remote|44880.0|465872.61
857|1639|14-08-2024|165.0|14.6|4.3|PRESENT|14528.68|602285.06
858|1038|11-Sep-2019|154.4|10.7|3.6|PRESENT|0|911723.26
859|1657|08-09-2024|131.4|15.2|4.0|Present|0|180460.14
860|1664|2024-12-10|176.1|14.7|3.5|Leave|18269.81|636236.03
861|1662|September 17, 2022|145.3|17.0|3.4|Present|0|937172.0
862|1319|05/09/2023|197.0|21.8|1.2|Remote|0|380373.81
863|1003|November 11, 2023|197.5|8.1|4.6|Absent|12827.43|389855.14
864|1027|15-Jan-2023|181.3|21.9|2.5|present|0|529432.96
865|1262|26-05-2018|179.3|25.0|4.0|Absent|33512.07|534502.83
866|1771|10/09/2021|170.4|1.3|1.7|Leave||357623.35
867|1402|July 10, 2015|188.1|4.4|1.6|Absent|0|329424.96
868|1847|11-12-2020|162.3|7.9|2.7|absent |0|745181.35
869|1822|June 17, 2017|170.3|18.4|1.8|absent |0|
870|1279|23/11/23|146.3|15.7|3.0|PRESENT|0|831791.48
871|1507|01/27/2019||17.1|4.9|Absent|0|156895.18
872|1698|16-Mar-2021|198.8|1.5|3.8|Absent|0|356555.87
873|1206|April 19, 2024|159.2|14.8|2.0|absent |0|269139.4
874|1444|April 10, 2023|165.9|11.6||PRESENT|24401.85|275215.5
875|1832|March 13, 2022|195.0|21.2|1.0|absent |0|698948.39
876|1291|05-May-2023|152.2|3.5|4.3|Leave|0|934785.44
877|1605|11/21/2018|183.6|9.1|2.7|present|46948.61|714805.75
878|1033|03-Jun-2024|199.3|5.1|2.9|present|7356.03|740530.1
879|1355|10-Dec-2019|154.4|4.1|2.3|Leave|46329.97|795541.54
880|1287|11/28/2024|136.3|8.8|3.2|PRESENT|0|350566.28
881|1258|October 27, 2023|144.2|10.4|3.9|present|0|462537.68
882|1358|07-Nov-2022|175.6|3.9||Leave|0|697513.34
883|1497|25/09/24|131.7|9.5|1.4|absent |0|482453.85
884|1080|03-09-2020|194.2|13.0|4.1|Present|21372.71|585356.38
885|1441|08/17/2022|152.8|4.5|3.3|Present|23493.05|423207.66
886|1686|07-Jan-2022|199.0|6.5|3.7|Absent|0|353687.84
887|1353|September 07, 2017|171.6|21.0|2.6|present|49402.87|615510.18
888|1540|18-Feb-2023|165.3|20.9|1.3|Present|45776.44|713628.5
889|1730|10-Nov-2023|197.2|4.5|4.2|Present|0|892946.03
890|1429|February 24, 2017|184.3|10.7|1.6|Remote|0|385058.65
891|1550|01/16/2023|157.8|12.3|2.4|Present|0|289006.91
892|1323|October 24, 2020|186.1|23.8|1.0|absent |40139.78|624018.94
893|1074|19/12/20|133.7|4.5|1.6|Remote|0|318309.12
894|1323|05/13/2022|147.0|4.8|1.6|Present|39785.77|
895|1649|23-02-2024|161.0|6.8|2.8|Present|0|666607.28
896|1398|27/12/21|167.7|2.5|4.4|PRESENT|0|491039.58
897|1278|2024-10-25|178.8|4.4|2.7|Remote|0|295483.88
898|1501|05/06/24|173.6|16.7|2.3|Present|0|572565.62
899|1174|03/11/21|179.1|15.9||Absent|0|433422.96
900|1260|18-09-2021|191.6|13.3|3.2|present|0|514610.23
901|1471|12-05-2023|152.3|17.5|4.5|Present|17078.58|845069.4
902|1203|15-May-2019|190.3|13.2|4.6|Remote|0|522627.43
903|1240|09-11-2024|137.1|21.0|3.3|PRESENT|0|166104.98
904|1566|2020-11-27|123.7|22.6|3.9|present|0|481961.81
905|1697|26/04/22|167.6|20.4|1.9|Remote|0|160695.21
906|1184|16/08/24|154.8|4.5|1.7|Remote|0|904005.23
907|1159|December 02, 2021|199.0|22.7|1.1|Present|0|868492.38
908|1611|August 13, 2023|199.1|22.9|1.3|present|0|257028.49
909|1229|24-09-2019|180.9|19.0|4.8|Leave|0|495569.14
910|1677|February 27, 2023|142.7|16.8|3.9|absent |0|
911|1556|23-02-2016|195.3||4.6|Present|1006.14|589192.18
912|1063|10-Jun-2023|173.7|11.7|3.1|absent |0|
913|1672|2020-10-01|139.0|13.4|2.5|absent |0|838125.53
914|1525|22-11-2017|127.7|15.3|3.8|absent |0|226002.37
915|1104|October 09, 2024|170.1|18.5|1.5|present|17975.8|410922.93
916|1085|02/02/2020|134.0|8.5|3.2|PRESENT|0|459300.42
917|1494|2023-03-02||21.3|5.0|PRESENT|0|268700.15
918|1276|2019-08-09|197.0|13.9|4.3|PRESENT||206990.97
919|1827|06/24/2023|159.2|20.0|1.0|Remote|13222.04|193022.66
920|1754|01/15/2022|129.0|13.1|1.0|absent |0|
921|1725|2024-11-20|129.3|19.1|3.2|Present|0|531080.78
922|1161|23/06/22|172.3|10.7|1.5|absent |0|857832.46
923|1240|04-Mar-2024|120.4|17.3|3.3|absent |0|778855.85
924|1699|01/04/2021|137.1|16.7|4.5|PRESENT|23036.37|643823.41
925|1387|2024-07-02|120.6|10.9|2.0|Absent|21543.01|582474.74
926|1267|April 08, 2023|162.4|21.1|1.7|Remote|1834.21|290191.48
927|1292|2023-08-20|157.5|23.6|4.6|Present|0|781148.14
928|1651|22-May-2022|166.9|1.4|2.2|Present|0|706606.08
929|1330|14-07-2022|149.2|8.6|4.9|PRESENT|0|280902.17
930|1001|12-03-2023|191.6||1.0|Present|17857.58|616872.74
931|1056|08-09-2020|181.3|18.3|2.7|present|0|245894.43
932|1033|15/12/19|139.7|15.5|2.2|Absent|34485.95|241481.3
933|1181|June 07, 2022|158.2|12.2|1.0|Remote|0|550729.31
934|1604|January 12, 2023|195.5|24.1|1.8|Present|0|197722.48
935|1730|02-07-2022||11.5|3.8|Present|0|365814.31
936|1728|03/20/2019|126.4|13.0||Present||492351.23
937|1020|15-Apr-2020|131.7||3.6|Present|13879.07|724492.29
938|1827|2024-01-08|124.5|15.3||PRESENT|0|353197.67
939|1120|27/08/21|167.6|10.8|4.4|Present|0|938797.69
940|1222|28-Sep-2021|172.0|18.6||Present|0|227993.37
941|1421|October 19, 2023|-5.0|17.9|3.0|Present||347167.54
942|1516|09/17/2019|196.2|23.6|4.6|Present|0|465717.12
943|1463|11/19/2020|199.5|5.5|3.9|present|47049.78|930365.62
944|1220|2017-03-14|122.9|13.6|1.7|Leave|6605.94|825386.2
945|1626|2018-01-28|129.6||1.3|PRESENT|0|199734.94
946|1670|2024-03-13|195.0|1.7|4.9|present|18956.15|652013.89
947|1262|11/12/18|151.6|11.9||present|22699.56|220923.85
948|1320|21/01/18|156.9|14.1|4.6|Leave||906706.29
949|1251|27/05/21|138.5|2.0|3.8|PRESENT|0|193076.51
950|1194|2020-07-10|168.8|0.8|1.2|Leave|27273.12|472602.32
951|1508|10/20/2016|172.6|11.3|3.4|present||322564.0
952|1325|08/14/2024|130.5|20.2|1.4|Remote|13044.27|343358.02
953|1203|2021-03-06|126.4|11.6|1.7|absent |0|324441.17
954|1654|07/22/2018|169.5|8.0|2.2|PRESENT|0|294623.02
955|1353|September 03, 2022|139.2|7.1|1.4|Present|0|738658.7
956|1030|2020-07-22|124.2||2.1|Present|0|512566.22
957|1390|May 04, 2024|180.8|0.1|4.2|Present|0|814037.3
958|1568|16-Feb-2019|169.1|12.4|3.6|present|23758.14|
959|1623|August 20, 2020|163.0|5.0|5.0|Leave|0|857973.19
960|1547|26-07-2024|169.7|2.2|2.3|Remote|33413.0|718644.74
961|1520|26/01/21|130.8|24.4|1.7|Present|0|426575.01
962|1662|09/05/2019|188.9|9.0|4.0|Leave|0|587866.82
963|1759|11/05/17|144.4|9.9|4.1|Present|34667.33|364040.88
964|1577|2023-03-03||17.7|2.5|present|0|153323.87
965|1631|06-04-2024|126.1|22.2|2.5|absent |0|236920.41
966|1620|03/10/20|198.7||4.1|absent |0|195516.86
967|1177|12/07/20|184.6|23.0|4.7|Present|0|182118.51
968|1180|22/04/18|183.1|8.7||absent |24590.48|476284.75
969|1845|13/12/23|-5.0|14.5|4.4|Present||442103.3
970|1527|August 17, 2021|143.7|0.0|2.0|Absent|5008.89|664902.73
971|1091|26/11/20|138.4|24.5|4.1|Present|0|278771.33
972|1054|14/04/23|185.0|16.7|4.6|Present|0|408735.75
973|1081|2021-11-04|155.7|9.4|4.4|Present|0|397165.82
974|1182|26-11-2022|189.0|8.6|1.1|Present|6252.38|464307.7
975|1125|23-08-2023|143.1|5.9|1.5|Present|46904.55|422482.53
976|1621|05-07-2021|172.2|17.4|2.9|present|27310.32|638459.76
977|1786|2017-07-26|178.6|8.1|2.7|Leave|0|492968.97
978|1326|01/19/2023|138.0|16.8|4.4|present|0|502216.26
979|1009|2023-09-03|178.1|6.1|1.9|present|0|291807.12
980|1535|27-Jan-2020|147.1|15.1|3.4|Present|37034.82|773193.42
981|1781|2021-03-17|151.0|19.8|3.0|Leave|0|205769.42
982|1660|03/17/2022|152.3|7.0|3.3|Remote|0|
983|1545|06/18/2023|165.7|22.1|1.2|Present|0|554418.36
984|1662|03/16/2024|168.0||3.9|Present|0|946389.93
985|1826|2018-11-20|194.3||2.2|Remote|0|391343.45
986|1540|05/04/23|175.6|24.4||Present|15416.97|645951.19
987|1691|2023-11-17||1.7|3.4|Present|0|480617.77
988|1541|08-11-2024|181.9|6.9|2.0|Present|0|259893.1
989|1172|05/11/2024|138.5|21.6|4.5|Present|0|632156.08
990|1283|2024-05-09|162.9|14.5|3.3|Present|0|645027.65
991|1180|2020-06-03|185.0|16.2|1.0|Leave|0|
992|1772|03/07/19|187.2|14.9|4.1|Leave|34928.92|716059.77
993|1239|06/11/2016|140.5|14.5|2.2|Present|0|530633.63
994|1559|02-04-2020|133.8|22.7|2.4|Leave|0|576879.83
995|1172|04/13/2024|149.0|24.9|2.9|Remote|0|635809.37
996|1744|02/22/2021|163.0|21.6|3.1|absent |0|938511.63
997|1131|02-08-2022|186.7|1.2|3.0|Present|25279.17|598499.89
998|1496|September 01, 2023||19.8|3.4|Present|9968.08|649604.2
999|1343|20/05/23|167.5|10.7|3.4|present|0|915285.62
1000|1223|2023-06-16|159.0|19.1|1.9|Present|0|491407.72
1001|1235|May 21, 2022|173.7|20.8|3.8|absent |0|544830.97
1002|1177|September 10, 2024|170.3|13.4|1.3|Present|0|874244.54
1003|1618|July 22, 2020|147.0|21.3|2.1|Present|0|438227.85
1004|1171|27-Jan-2019|153.8|22.0|3.8|Present|0|493121.0
1005|1448|14-Feb-2020|187.3|23.1|3.6|Leave|0|262936.3
1006|1245|27-08-2020|183.5|8.5|2.6|Present|2412.9|298980.87
1007|1526|2023-01-11|152.5|21.9|4.2|Present|46647.54|487958.95
1008|1774|08/13/2021|184.9|25.0||Present|0|541862.94
1009|1423|21/05/22|155.5|4.6|2.8|Present|37030.82|497835.26
1010|1800|23-Sep-2016|189.4|7.1|4.6|Present|0|350743.28
1011|1067|05/12/2021|153.7|4.1|2.0|present|4105.54|659405.21
1012|1424|05/19/2023|181.2|13.7|1.7|Absent|0|615850.38
1013|1512|14-Sep-2016|134.2|13.4|1.8|Remote|0|876516.52
1014|1546|07/10/24|124.4|5.8|4.5|Absent|26814.58|237181.79
1015|1453|01-Dec-2020|167.6|2.4|1.9|Leave|0|
1016|1339|January 28, 2024|157.3|11.1|1.1|Absent|0|233083.87
1017|1777|2022-06-04|170.6|14.5|4.3|Present|0|430836.17
1018|1525|23-10-2020|194.6||3.5|Remote|45322.16|686297.78
1019|1420|16-Jul-2019|121.2|22.8|1.3|Leave|0|727347.17
1020|1120|May 15, 2022|183.9|24.4|2.0|present|0|902939.97
1021|1626|15/02/24|161.8|19.8|4.9|present|0|462157.35
1022|1531|08/23/2019|134.8|3.5|3.6|Remote|0|922231.06
1023|1681|2018-03-13|131.0|13.9|4.6|PRESENT|0|596453.03
1024|1507|14/10/19|197.8|11.8|1.4|Absent|0|350017.91
1025|1812|September 28, 2021|192.5|20.3|1.6|Present|0|266124.95
1026|1052|15-07-2019|187.6|14.9|3.5|absent |0|792896.12
1027|1420|28-12-2021|190.8|20.3|3.5|Present|0|531562.36
1028|1442|08/19/2024|152.8|4.9|3.6|Present|2542.23|809497.08
1029|1673|09-Jan-2022|152.2|13.5|4.1|Absent|0|290371.6
1030|1103|26/11/24|189.0|23.6|3.2|Leave|0|358387.36
1031|1086|06-01-2022|169.0|5.7|4.7|Remote|0|728290.78
1032|1686|2018-05-17|139.9|18.6|5.0|Leave|40633.24|860772.09
1033|1029|May 27, 2021|147.5|22.2|4.2|Absent|0|608227.18
1034|1335|July 23, 2023|178.6|9.5|2.5|Leave|0|453211.47
1035|1671|2021-11-04|194.4|23.3|1.2|Present|0|620494.01
1036|1598|23/12/21|140.0||1.4|Remote|0|622482.46
1037|1362|June 27, 2019|187.9|23.8|3.2|Present|19201.9|620343.55
1038|1683|19/09/17|144.5|16.6|1.6|Absent|0|648833.97
1039|1746|05/20/2021|123.0|18.9|5.0|absent |0|441863.19
1040|1625|12/16/2020|175.2|0.5|4.9|Remote|0|576221.0
1041|1683|09/04/20|182.3|12.3|3.3|Absent||584759.49
1042|1104|26/04/22|196.2|17.2|1.0|Absent|0|859211.63
1043|1634|18-08-2021|186.6|9.9||Remote|0|930324.86
1044|1083|18/05/21|150.7|7.5|4.8|Present|0|697207.79
1045|1098|21/11/21|168.8|6.6|2.9|Present|11479.23|600344.12
1046|1704|12-Sep-2020|199.7|4.7|4.8|Present|0|603753.02
1047|1320|26/11/17|161.0|13.4|4.6|absent |0|553701.62
1048|1626|2021-10-13|127.2|20.3|2.4|PRESENT|0|830047.72
1049|1353|September 25, 2021|127.9|14.5|1.5|absent |0|707921.0
1050|1653|10/23/2021|189.0|7.7|3.6|Present||582622.42
1051|1769|11-Jul-2024|165.9|21.2|1.4|present|0|945069.72
1052|1698|January 13, 2018|183.2|1.2||absent |21695.24|692863.93
1053|1690|2021-01-16|168.6|13.9|5.0|Present|43946.29|770583.78
1054|1654|14-06-2020|197.8|8.0|4.9|Present|0|429864.97
1055|1530|02-04-2020|153.8||4.3|PRESENT|0|740645.05
1056|1320|27-05-2018|128.3|0.9|4.8|Present|0|449130.42
1057|1239|02/07/2018|127.7|9.9|4.0|absent |0|838097.64
1058|1614|21-Nov-2022|175.6|21.1|4.3|Present|0|188993.9
1059|1492|28-Mar-2019|128.8|18.3|4.7|Present|16408.26|792336.85
1060|1004|July 19, 2020|183.3|19.2|1.5|absent |196.6|349786.3
1061|1432|06/05/2024|190.0||1.1|Present|0|328636.98
1062|1014|27-Dec-2023|127.8|8.8|3.1|absent |0|161367.39
1063|1065|01/11/16|129.6|15.3|2.1|Present|0|573754.32
1064|1172|27/11/24|162.8|24.7|1.6|PRESENT|0|430231.13
1065|1471|07/05/19|171.0|15.3|4.5|absent |0|556708.32
1066|1604|07-06-2020|138.1|19.2|4.1|Present|49661.81|179337.48
1067|1126|21-08-2024|155.5|11.2|1.4|present|0|571079.52
1068|1563|03-06-2021|167.0|4.8|4.7|Remote|45390.05|188543.95
1069|1690|15-Aug-2021|155.1|13.2|2.1|present|0|577905.25
1070|1292|23-07-2023|141.2|13.6|3.6|Present|0|688042.24
1071|1327|October 10, 2020|135.0|17.8|2.8|Leave|24515.09|931047.23
1072|1517|November 26, 2023|178.1|3.9|2.2|Remote|43854.15|418858.31
1073|1622|09/17/2019|179.7||4.9|PRESENT|0|900105.62
1074|1561|2018-09-26|171.8|9.4|3.8|Present|0|243260.62
1075|1787|07-Mar-2022|171.4|11.1|4.0|Remote|0|198782.35
1076|1508|August 25, 2023|130.5|20.5|3.8|absent |0|392433.66
1077|1512|2021-12-14|153.7|14.4|1.5|Absent|0|674785.29
1078|1473|26-Jun-2022|124.5|15.0|4.6|present|0|333944.06
1079|1030|August 19, 2023|127.2|24.8|3.0|PRESENT||170394.34
1080|1531|10-Nov-2022||4.3|3.9|Present|0|536457.8
1081|1563|16-Apr-2024|175.9|4.8|2.5|Remote|0|560266.59
1082|1519|November 25, 2017|126.6|1.4|1.6|absent |0|168938.17
1083|1149|02/19/2023|128.9|23.7|3.2|PRESENT|0|764490.52
1084|1048|March 27, 2019|143.7|10.1|3.2|absent |0|618202.21
1085|1589|2023-05-16|130.9|9.3|2.8|Present|0|680674.04
1086|1008|2024-02-27|125.9|19.2|1.6|Present|0|451176.95
1087|1350|December 26, 2019|149.4|19.5|3.6|Present|0|355023.83
1088|1659|27-Apr-2021|139.3|1.4|2.2|present|0|160596.7
1089|1213|23/07/24|147.3|4.8|1.6|Remote|12755.34|840722.89
1090|1086|2024-05-05|174.8|21.3|2.3|Absent|24422.22|886140.64
1091|1604|July 28, 2017|194.3|8.0|4.0|absent |32455.64|835050.19
1092|1818|2021-08-07|164.0|8.1|3.7|Present|0|889472.93
1093|1250|28-12-2021|183.6|1.6|1.6|Present|21600.5|479903.83
1094|1834|17/10/23|149.3|5.6|4.0|Absent|0|447529.14
1095|1829|03/03/2024|194.4|22.4|2.6|PRESENT|0|537177.96
1096|1554|2022-04-16|161.9|15.2|4.9|Absent|0|690842.88
1097|1458|11/12/23|160.9|17.0|1.6|Present|0|748182.53
1098|1786|22-08-2022|172.4|21.6|4.2|absent |0|400428.48
1099|1551|24-Jun-2020|155.3|8.8|4.6|PRESENT|0|948771.68
1100|1158|2022-08-19|168.9|3.8|4.1|PRESENT|0|499378.86
1101|1579|14/05/21|128.0|19.3|2.5|absent |49519.54|432626.11
1102|1494|February 27, 2022|162.3|21.3|1.2|Absent|0|776219.83
1103|1127|10-04-2022|165.3||3.6|Present|26102.62|564093.19
1104|1168|07-Feb-2018|136.5|14.3|4.2|Present|0|620220.96
1105|1650|16/01/19|144.1|18.6||PRESENT|6877.6|295803.66
1106|1317|08/23/2020|170.8||1.4|Present|0|202905.4
1107|1178|09/16/2023|179.3||3.4|Remote|0|229447.19
1108|1779|27-May-2023|137.3|2.6|3.2|Present|3742.99|611115.88
1109|1533|25-Oct-2021|128.5|15.9|2.8|Remote|0|185684.28
1110|1020|23-05-2023|186.3|19.4|5.0|absent |0|845056.15
1111|1188|2024-03-19|152.3|22.4|3.6|Present|0|255248.55
1112|1818|08/19/2019|184.8|1.8|1.6|Present|0|156588.73
1113|1171|12/24/2023|150.5|17.0|4.3|Absent||925672.53
1114|1087|03/11/23||12.6|2.6|Leave|43670.29|748041.51
1115|1125|11-09-2024|184.9|1.8|2.0|Present|0|867911.54
1116|1844|January 13, 2020|138.1|2.6|4.1|absent |210.68|542510.24
1117|1363|12/04/2022|130.5|3.4|1.4|Present|0|597952.5
1118|1726|09/09/2021|192.9|10.7|3.6|Absent|0|650198.86
1119|1053|April 21, 2024|141.0|23.9|2.7|PRESENT|0|488035.45
1120|1776|02-Feb-2019|147.5|15.6|2.7|present|1810.54|735833.42
1121|1140|04/01/2016|198.4|11.9|1.1|present|0|935193.91
1122|1387|05/06/2020|122.5|9.2|4.3|Remote|0|402233.17
1123|1159|09-Jul-2023|160.0|3.8|1.3|absent |0|734587.82
1124|1697|15-11-2023|137.8|5.3|4.4|present|34858.99|545009.95
1125|1507|28-08-2024|169.1|11.6|1.9|Present|31333.81|272355.93
1126|1522|August 10, 2020|182.2|20.2|2.8|absent |0|309719.68
1127|1270|01-04-2018|168.1|7.2|1.0|Present|19468.46|905592.06
1128|1746|23-05-2022|132.0|12.4|3.2|Present|0|495530.43
1129|1730|2024-01-24|150.1|15.1||Leave|0|421338.5
1130|1651|06/23/2021|176.5|4.9|3.0|Absent|7844.52|698465.41
1131|1661|21/04/23|150.2|17.6|4.8|PRESENT|0|196399.66
1132|1487|14-02-2021|154.7|6.3|4.7|Leave|0|367047.37
1133|1322|September 17, 2023|169.0|11.4|4.3|Present|9308.47|697435.85
1134|1383|15-12-2016|155.3|19.2|4.6|Leave|0|552609.47
1135|1083|2024-11-13|183.6|21.1|2.1|Present|0|179691.99
1136|1623|01/17/2021|120.3|9.7|1.7|Present|0|524325.74
1137|1004|17-Oct-2021|170.9|10.6|3.5|Remote|22126.5|720029.12
1138|1077|04-04-2017|173.5|8.2|3.3|Present|0|445233.61
1139|1405|14-08-2022|196.2|16.6|2.7|PRESENT|0|267545.36
1140|1030|25-11-2018|194.1|14.9|1.3|present|16280.55|526596.43
1141|1392|02/18/2023|148.2|9.8|2.9|Absent|21183.12|849596.99
1142|1347|04-Apr-2023|178.8|4.6|3.9|present|0|218781.15
1143|1097|06/13/2020|190.9|21.5|1.7|PRESENT|0|361845.15
1144|1136|01/06/19|165.8|12.2|2.5|present|29979.58|287918.94
1145|1131|01/28/2020|146.8|22.1|1.5|Absent|12115.25|906744.02
1146|1405|04/10/2018|||3.6|absent |0|870989.42
1147|1392|01/17/2018|188.5|6.4||present|3996.24|344685.6
1148|1338|July 04, 2018|195.6|15.6|2.9|Remote|0|691850.51
1149|1807|April 22, 2020|157.7||1.1|Leave|0|725324.89
1150|1847|2021-06-12||24.9|3.0|Absent|0|834644.44
1151|1069|26-08-2022|131.8|13.4|4.7|Present|0|636550.16
1152|1844|September 16, 2020|181.4|14.7|3.4|Remote|26559.48|927766.07
1153|1579|28-09-2018|194.5|5.3|2.9|Absent|0|445520.13
1154|1060|March 02, 2020|190.2|15.6|3.8|Leave|25908.85|617781.72
1155|1841|25-10-2022|159.1|7.3|1.0|PRESENT|10239.14|801990.09
1156|1625|06-Dec-2022|181.5|1.4|1.8|PRESENT|0|525299.72
1157|1018|07/15/2024|158.3|4.4|1.7|Leave|0|569696.84
1158|1173|27-Dec-2021|173.2|6.0|1.8|Present|0|598577.53
1159|1683|2018-07-26|121.3|20.6|2.2|absent |0|643002.74
1160|1226|07/18/2023|143.7|1.4|3.0|Remote|0|688509.24
1161|1210|14/04/23|192.0|14.2|3.5|Present|0|329218.59
1162|1423|06/24/2021|197.0|9.4|4.1|PRESENT|0|278625.87
1163|1036|09/09/20|156.2|12.7|4.5|absent |0|822683.91
1164|1086|11/12/24|158.2|13.5|3.2|Present|47828.25|632882.34
1165|1039|2023-01-05|124.9|20.1|1.5|present|0|702642.93
1166|1367|2023-12-10|144.2|15.8|4.7|present|0|669206.78
1167|1038|07-01-2020|130.0|15.4|2.7|Present|40903.96|724485.91
1168|1848|27-11-2022|173.2|13.6|1.3|present|48989.47|838915.43
1169|1067|2024-05-19|189.3|2.7|1.4|Present|30446.66|282884.11
1170|1112|2023-02-04|174.0|2.7|4.6|Present|0|516784.0
1171|1492|05-Apr-2020|122.5|23.4|3.0|Present|0|422545.8
1172|1223|15-Dec-2023|128.9|12.9|1.1|Leave|42138.34|874200.02
1173|1698|2024-06-20|169.4|2.8|4.7|Present|2735.6|
1174|1181|December 23, 2022|195.8|9.5|1.5|present|0|892586.96
1175|1518|11/09/21|167.4|2.1|1.8|absent |0|905214.16
1176|1338|11-04-2020|196.0|7.2|4.1|absent |0|558524.77
1177|1697|16/01/23|122.8|16.8|4.9|Present|36153.7|529805.4
1178|1594|23-Jan-2023|191.3|2.1|3.6|Present|12300.5|317783.31
1179|1140|04/01/18|142.0|1.2|1.7|Absent||395393.52
1180|1690|2022-09-26|157.2|11.3|1.9|Present|0|371062.35
1181|1363|08/06/21||7.8|2.3|Present|0|661735.0
1182|1324|2021-07-02|167.1|22.1|4.2|Present|41163.82|737912.82
1183|1295|28-04-2020|173.6|11.0|2.5|Remote|1373.49|636187.16
1184|1499|August 25, 2015|190.9|23.7|3.4|present|31429.38|408769.49
1185|1132|2019-08-14|132.6|8.9|3.1|Present|0|473214.77
1186|1669|July 13, 2023|126.9|9.3|2.4|Present|0|196851.04
1187|1215|12-08-2018|141.2|3.0|4.7|Leave|37292.83|670731.9
1188|1677|13-Mar-2022|175.5|18.2|5.0|PRESENT|0|302779.9
1189|1283|November 15, 2023|187.4|0.9|1.3|absent |0|739725.38
1190|1592|12-12-2016|174.5|1.1|2.8|Absent|0|422454.01
1191|1244|2020-11-26|185.9|9.8|4.2|PRESENT|0|372642.48
1192|1581|March 08, 2018|159.7|24.4|2.8|Present|22270.93|946627.0
1193|1499|20-05-2017|178.4||4.0|Leave|0|621877.81
1194|1631|09/10/24|187.3||3.4|Present|0|876378.25
1195|1841|August 06, 2016|187.5|12.5|3.0|present|0|363173.16
1196|1547|March 02, 2019|181.3|6.2|1.8|Present|0|447670.96
1197|1442|May 13, 2020|165.3|12.0|2.5|Present|43784.42|299619.63
1198|1602|02-Jun-2024|174.9|21.0|1.3|Remote|0|587112.24
1199|1165|24/09/24|167.9|14.3|3.9|absent |0|221117.17
1200|1636|11-Apr-2020||17.8|4.5|Present|0|392253.37
1201|1338|08/09/2016|140.5|10.6|1.4|Leave|0|619629.21
1202|1091|05/18/2023|169.1|2.1|1.0|PRESENT|0|775993.92
1203|1691|10/11/2020|129.0|7.0|3.0|Absent|23491.13|593893.52
1204|1500|07/17/2023|164.8|9.6|2.7|Absent|0|530172.12
1205|1048|2019-02-01|134.3|3.0|2.3|Present|214.08|833339.3
1206|1232|2020-10-18|142.8||1.3|Present|0|794193.64
1207|1477|07-Mar-2023|187.2|4.6|3.4|Present|0|807700.68
1208|1229|December 19, 2020|129.4|7.4|3.0|Absent|0|677773.94
1209|1810|22-09-2022|164.0|13.4|2.0|Absent|0|607308.46
1210|1526|24/11/22|150.5|17.6|1.7|Absent|0|277604.13
1211|1298|28-Apr-2016|134.4|22.1|1.7|PRESENT|0|791499.82
1212|1329|15-09-2019|124.1|15.0|4.0|PRESENT|0|686749.65
1213|1055|23-Feb-2023|178.1|19.1|3.8|PRESENT|0|526008.83
1214|1006|14/07/21|166.6|7.2|2.5|absent |0|
1215|1188|2021-06-28|198.9|4.5|3.6|Remote|0|375002.25
1216|1637|March 02, 2024|139.0|17.7|3.8|absent |0|334062.33
1217|1319|2023-08-17|174.0|11.8|2.4|Leave|0|913383.25
1218|1223|October 21, 2023|155.0|22.6|5.0|Present|0|591604.12
1219|1124|2021-08-07|183.9|12.9|2.0|Leave|0|646466.55
1220|1553|10/11/2021||25.0|3.7|Leave|0|437144.77
1221|1635|22-11-2021|132.8|10.9|3.0|Present|0|669026.64
1222|1698|14-Apr-2022|175.7|15.2|4.3|Absent|32387.4|475350.02
1223|1487|08/07/24|165.3|23.8||Present|0|434315.73
1224|1585|February 20, 2022|154.5|17.1|2.5|Present|0|182521.51
1225|1472|25-Jul-2022|192.9|9.6|1.9|Present|36449.77|385804.62
1226|1023|September 23, 2022|-5.0|10.8|2.6|Leave|0|897079.84
1227|1312|09-12-2017|189.3|5.8|1.2|present|0|264738.47
1228|1495|01/02/2022|149.3|4.0|2.4|Present|35986.84|666715.37
1229|1231|27-Nov-2023|141.5|17.6|1.2|Present|48967.41|276547.75
1230|1560|January 04, 2021|123.4|5.0|2.4|Present|0|161731.35
1231|1790|11-01-2023|175.5|9.2|2.2|Present|0|736421.24
1232|1246|17-Jun-2023|159.1|1.7|1.1|Leave|0|889333.99
1233|1030|24-03-2022|137.0|3.3|4.0|Remote|0|362690.65
1234|1567|17-Jun-2019|123.8||4.6|Leave|0|837461.94
1235|1498|September 01, 2020|141.9|16.0|4.0|Remote|0|735779.77
1236|1824|14-Sep-2020|184.4|2.9|2.6|PRESENT|0|381629.23
1237|1223|18/12/22|173.5|5.2|2.1|Absent|0|223195.61
1238|1658|20-05-2020|178.0|2.6|1.8|present|0|647701.11
1239|1176|13-Mar-2024|131.5|10.0|1.2|Present|27601.32|530205.1
1240|1598|11/11/2021|159.4|3.3|2.2|present|0|310838.65
1241|1812|03/06/21|152.0|14.6|4.6|Leave||298453.35
1242|1791|19-Jan-2018|176.0|7.6|1.8|Remote|26472.88|492673.35
1243|1276|June 17, 2017|194.2|7.5|2.2|Present|0|343957.41
1244|1691|12-Oct-2018|124.6|15.0|1.5|PRESENT|413.65|683639.48
1245|1387|2020-01-06|152.2|8.0|1.7|Present|4767.77|607298.88
1246|1586|2024-08-10|199.2|23.2|1.9|Leave|0|725434.96
1247|1443|20/11/22|125.2|21.7|3.3|absent |0|580956.44
1248|1318|10/06/2019|163.7|19.7|1.7|Leave|0|559454.81
1249|1614|19/09/22|188.9|12.9|1.3|Present|0|369708.81
1250|1562|19/08/20|144.5|20.6|1.4|Present|0|453995.16
1251|1477|26-Jun-2018|151.8|13.3|3.3|PRESENT|0|778710.77
1252|1455|25-04-2019|181.2|3.4|2.9|Present|0|851075.67
1253|1831|06/24/2024|124.5|24.3|4.0|present|0|548050.49
1254|1371|2021-09-11|140.1|4.8|2.0|absent |0|205181.98
1255|1069|October 15, 2022|124.8|2.1|3.2|present|24559.48|555528.75
1256|1108|19/06/17|199.9|15.2||Present|0|209568.72
1257|1311|07/10/2023|184.5|18.0|4.7|present|0|445972.77
1258|1535|08/18/2019|181.2|15.7|2.7|Present|0|583373.04
1259|1027|2023-08-10|135.4|3.1|4.9|absent |0|294342.37
1260|1598|2022-08-17|195.9|12.6|1.2|Present|0|766716.38
1261|1036|01/20/2021|195.5|0.5|1.5|Present|0|793461.58
1262|1485|12/13/2022|167.2|4.9|2.9|absent |0|274311.53
1263|1837|04-Sep-2021|139.7|3.2|3.5|present|0|756628.02
1264|1386|05/26/2019|126.8|22.7|2.6|absent |0|936919.1
1265|1443|17-Jul-2023|182.1|21.9|3.0|Present|0|929757.58
1266|1051|September 03, 2022|164.3|3.4|1.6|Absent|0|808888.96
1267|1829|11-Sep-2022|199.1|5.9|3.6|PRESENT|3594.96|406674.02
1268|1102|03/04/22|191.2|10.8|4.5|Present|0|607702.38
1269|1705|18-Dec-2023|174.7|8.3|2.5|Present|0|947779.84
1270|1421|07/25/2021|188.6|4.6|3.4|Present|0|174701.49
1271|1254|18/07/21|124.0|2.5|2.6|Present|0|303205.79
1272|1556|21/09/17||11.3|1.4|Present|0|897563.13
1273|1088|December 16, 2015|154.3|17.6|4.6|PRESENT|2881.3|509857.85
1274|1535|09/16/2020|147.5|13.7|3.0|Present|0|747922.7
1275|1278|2022-01-12|142.1|6.4|1.8|Present|0|591974.41
1276|1499|01/12/15|191.2|4.8|4.7|Present|0|947729.84
1277|1077|09-Mar-2018|138.4|13.5|2.7|Present|0|295254.9
1278|1171|02/01/17|137.3|11.7|1.7|Present|0|231182.02
1279|1470|18/02/23|120.1|16.8|1.8|Present|530.3|688759.93
1280|1443|25-Jun-2023|193.9|3.9|1.9|Present|0|887305.5
1281|1800|November 23, 2024|160.1|19.2|3.2|PRESENT|0|651829.31
1282|1513|26-Mar-2019|158.4|5.1|4.2|Present|0|210126.38
1283|1390|02/13/2021|191.5|4.5|2.6|Present|0|788372.8
1284|1208|27-Oct-2022|137.9||1.5|PRESENT|0|549142.83
1285|1630|08/12/22|141.5|23.5|4.3|absent |0|713309.24
1286|1648|2023-11-07|171.3|8.3|1.3|Absent|47642.66|793544.7
1287|1812|05-10-2022|137.9|19.5|2.7|present|0|841939.32
1288|1676|01-Oct-2023|179.0|6.7|3.2|Remote|0|768708.62
1289|1244|2021-06-21||24.7|4.5|PRESENT|0|297653.62
1290|1523|09/20/2021|194.2|2.1|2.0|Remote||509595.45
1291|1171|06/04/2021|138.9|0.5|4.2|Present|0|168854.71
1292|1184|2023-05-25|-5.0|20.1||Leave|0|514248.84
1293|1083|2018-05-22|134.4|23.4|2.5|Absent|0|826964.04
1294|1618|2021-04-20|174.5|5.0||Present|0|626123.05
1295|1120|November 11, 2021|132.5|5.1|4.5|present|0|454717.72
1296|1458|March 02, 2022|170.4|22.0||Present|0|673600.01
1297|1490|17-09-2024|167.8|11.1|2.1|Present|0|637191.54
1298|1845|April 10, 2019|152.8|16.7|2.3|Present|0|512009.74
1299|1002|28-Jun-2024|186.8|23.7|2.9|Remote|0|913114.05
1300|1784|09/01/16|178.5|7.7|1.5|Present|12085.01|451518.45
1301|1401|01-Jan-2022|153.6|4.6|4.4|Present|0|582798.28
1302|1100|2024-10-10|131.9|2.1|2.9|Absent|0|729097.25
1303|1525|19-Feb-2017|140.7|14.0|3.0|Leave|0|619117.85
1304|1229|December 03, 2023|139.4|13.2|3.5|absent ||752266.76
1305|1322|27-12-2020|189.2|3.1|4.2|Leave|0|337658.45
1306|1325|April 03, 2022|198.2|1.7|3.6|Present|0|496467.73
1307|1083|2021-09-17|158.8|13.5|2.8|Leave|24175.84|227082.44
1308|1454|28/06/24|179.6|19.7||absent |0|823556.66
1309|1398|October 18, 2020|184.8|15.3|1.8|Present|0|462992.41
1310|1277|19/01/19|168.3|22.8|3.4|Leave|0|
1311|1719|2022-05-21|172.8|2.8|3.5|present|0|265963.34
1312|1286|11-08-2020|192.7|15.6|4.9|PRESENT|25143.44|229197.86
1313|1527|12/13/2015|171.6|16.1|3.7|present|0|590366.4
1314|1637|06/03/2023|169.0|5.8|3.2|Present|7321.11|272320.49
1315|1745|06/04/23|159.2|8.5|4.4|Leave|11413.98|833479.6
1316|1498|June 18, 2021|177.5|21.5|4.7|Present|26177.05|706177.16
1317|1677|10/26/2022|187.2|10.3|3.0|Absent|0|813029.87
1318|1320|06/10/23|160.4|0.3|1.8|Present|32938.22|630017.17
1319|1134|13-05-2023|151.7|15.5|2.9|Present||771465.72
1320|1845|May 06, 2022|157.7|22.8|3.9|Remote|0|375898.4
1321|1324|19-02-2021|122.7|0.6|1.4|present|19753.32|813220.78
1322|1824|2019-12-26|143.2|11.7|3.8|Present|0|234588.59
1323|1143|08/16/2018|197.6|2.9|4.1|PRESENT|20787.28|251927.47
1324|1769|06/08/23|131.6|0.3|4.7|Present|0|524369.25
1325|1735|2020-06-13|155.6|18.4||Leave|386.29|377415.19
1326|1320|March 15, 2019|184.7|9.5|2.2|absent |24022.33|430888.83
1327|1410|21/08/22|149.5|21.3||Remote|39337.87|915709.33
1328|1283|03/21/2024|145.7|20.4|3.5|Present|0|
1329|1627|24-Apr-2022|199.6|6.8|2.1|absent |0|868752.63
1330|1220|02-06-2016|145.6|0.1|4.6|Remote|0|427526.17
1331|1453|2018-10-05|134.4|8.1|3.8|Remote|15178.44|325891.77
1332|1727|12/01/23|138.0|10.3|1.2|Absent|18676.46|350432.7
1333|1023|24/04/24|187.7|15.8|4.3|Present|0|909512.33
1334|1001|2020-07-03|151.3|21.4|2.0|present|26118.28|903192.45
1335|1089|2018-10-23|179.3|13.5|2.4|present|0|823448.37
1336|1304|June 25, 2018|150.2|16.4|3.3|Absent|23881.84|296517.35
1337|1660|25-Dec-2017|140.6|12.9|3.9|PRESENT|0|735173.07
1338|1317|February 18, 2021|156.4|13.4|3.5|present|44796.07|370070.92
1339|1131|15-01-2022|184.5|16.5|2.3|Present|24271.8|483902.28
1340|1800|23/02/19|161.8|24.1|4.7|Absent|0|823603.63
1341|1719|22-12-2021|175.8|9.7|4.2|Present|0|941934.52
1342|1373|2020-02-15|173.2|7.0|3.7|Present|19994.89|634817.73
1343|1220|21/12/17|178.1|20.8|3.6|Present|0|382678.77
1344|1729|2020-12-13|185.8|5.5|4.8|Present|0|534808.73
1345|1097|2024-12-17|165.1|14.0|1.1|Present|0|563003.36
1346|1354|14-Jul-2020||12.7||present|0|249231.9
1347|1353|January 10, 2017|176.9|16.3|3.7|Leave|1540.72|689374.52
1348|1505|09-Mar-2024|190.5|0.7|4.7|absent |0|699749.12
1349|1621|February 28, 2024|171.8|4.3|2.4|Leave|32405.96|433630.63
1350|1312|01/12/18|137.1|18.1|1.8|Present|0|600987.06
1351|1158|2021-08-25|157.7|18.2|3.0|Present|24625.53|191802.72
1352|1531|11/06/20|-5.0|2.9|2.2|Remote|0|437066.63
1353|1656|December 20, 2020|152.9|9.4|2.6|Present|0|387335.24
1354|1434|14-Feb-2021|157.9|13.6|1.4|Remote|24113.04|422607.06
1355|1404|06-Apr-2021|183.4|21.6|4.8|Present|0|897327.77
1356|1722|08-May-2024|196.7|2.3|4.2|Present|18583.99|678775.89
1357|1394|2024-12-19|132.7|20.1|1.5|Remote|0|688733.24
1358|1224|05/22/2015|171.9|22.1|1.6|Remote|0|906673.15
1359|1249|12/12/2022|122.7|14.9|2.0|Remote|0|917223.2
1360|1029|January 13, 2023|137.4|18.1|1.3|present|0|749690.91
1361|1525|2019-04-03|181.7|18.4|3.7|Remote|0|942665.49
1362|1527|2018-07-17|147.8|16.8|2.1|Absent|32068.62|340774.06
1363|1445|14-10-2022||12.8|4.0|absent |0|271062.37
1364|1807|03-May-2024|123.2|17.4|2.3|Leave|32605.81|777518.38
1365|1500|01/03/2021|186.9|16.3|2.0|present|0|275421.73
1366|1277|18-Oct-2018|129.3|21.5|4.1|Present|23486.21|178977.74
1367|1688|09/18/2020|164.5|3.6|2.2|Present|28203.67|489165.49
1368|1154|16-04-2022|135.8|15.9|4.3|Present|27491.2|846616.77
1369|1062|04/09/2023|187.8||1.1|Present|0|799728.29
1370|1203|22-10-2024|125.7|19.7|3.2|present|0|526168.98
1371|1563|15/11/24|140.8|7.7|2.7|Present|0|325957.81
1372|1639|2018-02-17||3.1|4.2|Present|38411.69|703968.13
1373|1668|07-06-2024|136.7|20.4|1.4|Present|0|452186.24
1374|1049|10/28/2017|156.7||2.2|Remote|0|233335.35
1375|1490|04-04-2022|139.1|14.2|1.1|Leave|0|845158.86
1376|1477|06-08-2023|188.4|24.4|3.3|absent |12389.39|222823.67
1377|1383|20-02-2023|140.8|8.1|4.1|Remote|43503.62|821033.53
1378|1484|November 07, 2023|192.2|21.4||Present|0|551657.48
1379|1377|01/14/2019|164.9|0.8|4.5|Leave|9387.75|508820.76
1380|1531|October 11, 2019|185.7|20.6||Remote|0|169458.87
1381|1610|01/20/2019|157.4|14.7|3.3|Present|0|567383.48
1382|1092|17-06-2021|145.1|16.3|4.9|Remote|0|643508.05
1383|1445|06-05-2021|141.0|15.1|1.4|absent |0|
1384|1746|22-Sep-2020|179.0|17.8|2.5|Present|1297.8|178102.55
1385|1721|16-Dec-2021||13.3|1.5|Present|36017.19|885305.0
1386|1168|2024-09-05|156.7|7.7|3.1|Present|0|341753.97
1387|1828|2024-04-12||23.2|3.9|Present|0|862244.38
1388|1215|25-Nov-2021|122.1|19.3|4.1|Present|0|175408.27
1389|1488|2020-12-10|199.8||2.0|Absent|0|755677.38
1390|1089|April 01, 2017|-5.0|24.8|2.6|Leave|0|264340.39
1391|1162|06/10/2024|128.1|7.6|1.0|Present|0|276375.35
1392|1608|2023-06-21|184.8|7.6|4.6|Present|0|620587.06
1393|1354|08/13/2024|123.8|5.6|4.3|present|0|444336.58
1394|1051|2023-09-11|155.4|23.2|1.8|PRESENT|11366.84|790214.53
1395|1505|08-Jan-2024|157.9|18.2||PRESENT|0|707696.52
1396|1030|10/16/2022|132.6|4.2|4.2|Remote|0|450358.24
1397|1776|24-Nov-2021|122.5||4.1|Present|11895.64|153511.48
1398|1026|08/07/2023|159.3|17.9|1.6|Present|14787.09|353332.92
1399|1159|03-01-2019|146.6|2.3|3.3|present|0|914454.84
1400|1270|24/06/19|169.0|13.9|3.5|present|8320.55|595850.57
1401|1733|03/01/24|173.6|18.3|1.7|Present|0|619736.57
1402|1584|2024-08-15|142.1|6.5|2.8|present|0|366332.5
1403|1104|24/12/24|179.0|7.5|3.7|Present|40350.8|327188.72
1404|1138|18-Jun-2021|198.8||3.8|Present|0|413218.25
1405|1580|July 03, 2017|180.7|23.6|3.4|present|27882.78|796802.6
1406|1583|2024-10-03|154.6|14.5|4.3|absent |0|258618.68
1407|1293|05-06-2020|138.5|10.7|2.1|Present||604107.32
1408|1216|03/10/2023|138.5|24.4|3.1|Present|28855.5|853586.38
1409|1461|12-03-2024|162.2|6.3|2.6|Present|0|903200.51
1410|1671|05/06/2024|172.6|1.3|4.9|present|0|608535.71
1411|1648|03/01/23|159.9|16.1|3.7|Present|0|773929.52
1412|1637|04/18/2022|-5.0|21.3|4.4|Remote|0|739664.07
1413|1637|2024-04-21|189.5|2.9|1.3|Present|0|722634.98
1414|1527|01/09/2024|191.3|7.5|4.5|Absent|1522.04|237335.14
1415|1714|18-Apr-2021|144.4|11.7|2.5|Present|0|674528.47
1416|1418|28-09-2022|128.4|15.2|1.6|Present|0|634016.46
1417|1002|December 20, 2022|148.4||2.7|Remote|0|362125.98
1418|1242|06/07/21|183.2|17.4|4.6|PRESENT|25097.28|428804.98
1419|1160|2015-07-01|144.6|20.6|3.7|Absent|0|471852.37
1420|1097|07-03-2021|189.1|2.7|4.8|Present|2783.15|588684.84
1421|1309|28-Oct-2024|134.2|3.8|3.8|Absent|28687.83|201094.32
1422|1758|2022-01-19|176.2|15.8|2.5|Present|0|824835.65
1423|1106|2024-08-27|157.3|22.7|4.0|present|0|900158.96
1424|1140|2020-10-26|194.4|0.8||present|0|194141.64
1425|1149|06/06/2024|182.9|0.7|1.8|absent |0|267114.17
1426|1204|08-Dec-2019|192.6|1.6|2.5|PRESENT|0|584240.01
1427|1779|24-04-2023|158.6|17.0|4.7|Leave|18272.37|803117.62
1428|1708|2024-05-28|160.8|24.1|4.2|Present|34776.79|304238.59
1429|1618|19/08/21|124.9|13.9|2.2|Present|0|
1430|1678|November 07, 2024|192.2|10.8|3.3|Present|0|538982.31
1431|1090|09/28/2018|130.5|11.6|2.7|PRESENT|20051.45|181276.74
1432|1754|February 06, 2024|147.1|15.4|1.2|Present|0|723554.75
1433|1771|2023-05-02|170.3|18.0|1.7|Present|34800.99|663960.42
1434|1300|05/09/2019|156.1|17.1|3.4|Remote|0|329976.06
1435|1263|04/25/2023|146.6|1.6|4.2|Present|0|881197.95
1436|1108|01/20/2020|182.8|2.8|4.9|Remote|0|802619.07
1437|1060|May 13, 2024|166.9|14.0|1.4|Present|0|331102.39
1438|1464|26-02-2019|164.8|17.5|2.2|Leave|0|897376.18
1439|1071|November 05, 2021|126.7|3.1||present|0|561377.16
1440|1407|03-04-2023|124.9|3.1|3.2|PRESENT|0|228156.66
1441|1789|2022-01-26|191.2|5.3||Remote|7865.27|622012.03
1442|1345|18/04/22|180.8|11.7|2.5|present|0|381518.38
1443|1714|May 07, 2023|163.2|4.7||Leave|0|459865.41
1444|1020|15-Nov-2024|168.9|18.2|3.1|PRESENT|0|224039.6
1445|1203|22-08-2021|156.7|12.0|4.5|Present|0|554904.78
1446|1273|2022-10-24|157.3|0.2|4.5|Remote|0|878573.33
1447|1445|26-09-2020|157.2|0.4|3.3|Leave|0|929118.6
1448|1487|01-10-2022|141.2|11.2|1.4|Present|0|546009.2
1449|1421|06/10/15|168.0|4.8|4.3|Absent|22748.21|899421.14
1450|1393|11-Mar-2022|125.1|14.8|2.0|Leave|0|307605.66
1451|1055|28/01/20|135.2|0.9|5.0|Leave|0|872460.93
1452|1764|August 14, 2023|159.8|17.7|1.4|Present|0|451214.66
1453|1779|March 05, 2015|157.2|17.0|3.7|Present|0|491161.04
1454|1756|2023-01-12|190.3|14.4|4.3|Leave|0|851471.97
1455|1645|12/08/24|154.3|13.0|2.8|absent |0|264314.79
1456|1534|10/09/2017|172.9|16.3|2.9|present|0|194178.58
1457|1818|2021-12-26|180.4|6.6|3.0|Present|0|227188.4
1458|1424|2023-07-15|165.4|0.8|1.6|present|46431.61|387449.54
1459|1385|23-Feb-2018|192.8|9.0|1.9|Leave|0|656786.8
1460|1100|2020-12-13|168.8|21.0|1.3|Absent|0|637058.72
1461|1206|10/13/2016|140.1|20.3|1.1|Remote|47550.79|599691.61
1462|1589|October 22, 2023|142.8|15.2|4.1|Present|42393.6|268754.1
1463|1613|07/03/2021|196.8|17.5|2.8|Present|10462.25|663395.7
1464|1308|March 04, 2023|182.0|18.7|1.8|Remote|33507.36|282554.84
1465|1565|2024-03-11|138.9|7.0|1.7|Present|0|837188.81
1466|1363|February 23, 2022|181.9|10.3|2.2|Absent|0|735449.82
1467|1288|03/10/2020|190.2||1.1|Present|0|299973.36
1468|1237|June 06, 2023|120.3|22.2|4.2|Present|0|316916.31
1469|1553|09/21/2024|157.0|9.6|4.6|Present|0|677111.67
1470|1656|01/07/18|174.5|3.7|1.4|Present|0|289515.18
1471|1221|02/05/22|153.3|15.7||PRESENT|0|450044.18
1472|1362|03/26/2023|141.3|3.1|1.8|Present|0|251705.45
1473|1058|2016-06-05|176.0|7.7|1.9|Present|16246.5|396441.02
1474|1478|12/11/18|162.2|0.6|4.1|Remote|0|536264.88
1475|1617|03/10/2021|154.4|15.5|3.0|Leave|0|825879.0
1476|1329|December 07, 2023|153.9|11.5|1.4|Present|0|562408.43
1477|1294|10/01/2016|154.5|19.2|4.4|Leave|16767.53|865464.82
1478|1330|27/03/21|173.0|23.9|4.2|present|0|202567.52
1479|1271|04/07/2022|131.3|18.7|4.1|Absent|0|557073.79
1480|1338|26-08-2021|135.2|18.8|4.6|Present|29085.54|277786.77
1481|1219|May 28, 2022|169.3|18.5|1.3|Present|31846.52|913077.56
1482|1282|September 20, 2022|193.6|10.3|4.3|Leave|7081.61|602967.35
1483|1081|April 12, 2021|161.6|1.9|3.3|Present|0|312659.72
1484|1478|06/23/2021|157.9|11.7|1.5|PRESENT|0|465880.18
1485|1177|01/15/2022|137.6|15.0|1.9|Absent|0|330028.37
1486|1126|2022-08-24|192.4|0.1|2.8|Present|0|231345.22
1487|1839|15/06/22|142.4|21.2|2.5|Absent|0|394988.06
1488|1202|09/12/2017|161.0|20.4|3.6|present|0|824057.72
1489|1376|01/05/22|182.0|6.1|4.5|Present|13346.95|867191.93
1490|1738|2024-05-26|153.0|4.1|3.3|PRESENT|0|555241.69
1491|1112|June 12, 2020|184.3|13.7|2.1|Present|0|404255.83
1492|1321|2022-05-18|185.8||3.4|Present|3250.9|
1493|1059|2019-12-24|146.6|2.1|2.0|present|0|610720.73
1494|1714|02/05/2022|165.2|5.2|3.6|Present|0|570898.23
1495|1313|October 05, 2024|194.9|23.5|2.8|Absent|0|674709.8
1496|1063|08/19/2021|152.0|2.7||Remote|0|388097.08
1497|1329|02/16/2024|140.7|9.1|4.3|Present|29905.8|587835.97
1498|1291|05-04-2021|182.4|24.8|2.2|Remote|43262.55|215155.97
1499|1463|11/16/2022|190.3|6.1|2.3|Present|3427.93|696426.54
1500|1005|28/09/22|148.2|24.9|1.3|Present|47788.19|316736.64
1501|1204|24/01/23|121.5|3.2|4.4|present|0|902095.14
1502|1646|06-Nov-2024|135.7|0.8|3.0|Present|0|897900.35
1503|1677|2022-04-14|166.6|10.7|3.4|present|0|758884.39
1504|1232|17/07/21|192.7|16.7|3.9|Present|0|860930.76
1505|1773|03/09/2024|127.4|24.2|1.3|Present|0|940322.32
1506|1838|December 17, 2024|-5.0|9.8|1.3|Remote|0|797187.98
1507|1556|09/10/2024|161.7|6.0|4.0|Present|46848.65|751370.77
1508|1490|12-08-2018|153.8||2.3|Present|0|175049.38
1509|1120|15-12-2023|180.8|3.8|2.7|Absent|0|150288.76
1510|1077|21-Mar-2017|161.0|22.0|4.4|Present|39311.72|882712.06
1511|1291|11/11/23|172.3|5.6|1.9|Remote|0|560679.36
1512|1429|13-01-2023|155.9|8.0|3.9|Present|0|871747.05
1513|1807|2021-09-05|147.4|8.9||present|0|603770.59
1514|1318|June 05, 2022|186.2|17.7|4.5|Leave|0|546719.14
1515|1151|2020-09-25|190.9|4.2|1.9|Present|0|416177.48
1516|1125|2017-04-08|134.0|17.4|1.1|Leave|42888.19|944260.56
1517|1724|17-Sep-2024|187.1|19.4|2.1|Absent||240487.53
1518|1721|2019-10-03|198.0|15.4|3.1|PRESENT|0|406173.53
1519|1431|01-01-2021|-5.0|12.7|3.2|Present|0|918910.42
1520|1286|16-11-2022||2.0|1.7|Present|0|635326.29
1521|1764|19-Mar-2019|164.3|3.6||Present|0|221945.49
1522|1463|August 03, 2022||23.6|4.6|Leave|24632.86|424842.11
1523|1213|2021-01-12|168.3|2.7|1.9|Present|3284.28|374667.67
1524|1496|07-01-2023|172.4|10.0||Present||304325.87
1525|1340|25-Dec-2020|-5.0||4.8|Leave|40453.86|653752.69
1526|1335|20/11/21|172.0|6.4|4.9|Remote|0|464778.27
1527|1504|03/06/2024|175.3|13.9|2.4|PRESENT|0|759387.53
1528|1356|12-05-2022|150.7|14.6|4.5|present|0|887451.31
1529|1727|09/11/20|192.6|16.6|1.6|present|0|920502.89
1530|1475|07/17/2021|122.3|11.6|3.3|Absent|0|424857.99
1531|1440|01-Oct-2017|155.2|9.0|4.5|present|0|723035.12
1532|1393|24-Nov-2019|136.0|7.0|3.4|Present|0|368321.42
1533|1557|2024-11-22|197.0|21.6|1.6|Present|14577.77|160991.52
1534|1405|March 15, 2019|136.8|1.5|3.1|Remote|0|483101.48
1535|1331|07/05/23|195.3|13.5|1.3|Present|0|941459.93
1536|1194|October 28, 2023|180.3|24.7|4.7|PRESENT|0|155476.07
1537|1034|01/19/2021||21.4|3.3|Present|0|901444.58
1538|1375|May 04, 2018|145.6|14.7|3.3|Remote||709237.28
1539|1279|02/04/2024|137.4|4.7|1.6|present|0|436189.7
1540|1640|21/11/23|170.2|13.7|2.9|Leave|0|786782.77
1541|1143|2024-05-06|189.7|11.9||Present|0|655361.69
1542|1256|07/03/2020|-5.0|17.9|1.9|Absent|45170.5|678481.36
1543|1645|24/05/23|175.9|22.3||Present|0|743628.19
1544|1286|08/10/2021|166.2|1.8|3.5|absent |45275.87|880148.78
1545|1537|2022-11-26|163.2|15.9|2.2|PRESENT|0|
1546|1538|19/09/19|130.5|0.0||Remote|9881.71|395261.74
1547|1416|January 19, 2021|154.2||2.2|Present|0|197223.55
1548|1636|December 13, 2022|133.4|10.2|3.6|Present|0|512361.42
1549|1453|03-Feb-2019|177.9|12.4|1.2|Present|0|633093.45
1550|1382|04/21/2022|199.7|17.1|4.3|Leave|0|284780.58
1551|1040|19-Dec-2020|157.5|23.8|4.8|PRESENT|0|725026.25
1552|1159|13-04-2019|194.4|10.6|1.4|Present|7098.64|888938.07
1553|1109|05/01/21|182.7|19.7|1.1|PRESENT|0|265680.57
1554|1526|2016-07-20|156.8|12.6|1.5|Absent|0|760812.19
1555|1312|2016-12-22|141.3|8.9|1.2|Present|26268.33|588183.01
1556|1078|07/09/20|164.7|12.9|2.7|PRESENT|0|506598.41
1557|1530|08-Apr-2018||15.7|1.8|Absent|43062.99|450588.7
1558|1532|20/08/16|182.1|4.7|1.7|Present|0|655687.5
1559|1800|May 27, 2019|170.8|14.6|2.0|Absent|0|406891.38
1560|1288|08/14/2018|150.5|5.0|1.6|Present|0|270250.32
1561|1110|2022-06-05|129.5|1.5|2.1|Leave|0|329491.24
1562|1022|11-08-2019|139.5|14.5|3.5|Absent|0|298936.35
1563|1773|January 16, 2020|152.1|17.2|4.7|absent |16551.17|650728.37
1564|1424|24/11/23|132.6|14.6|2.7|absent |24417.37|538345.01
1565|1561|01/09/2018|166.5|18.3|2.7|Remote|0|594635.97
1566|1515|2023-05-13|154.6|10.8||PRESENT|11751.49|715246.88
1567|1061|October 14, 2023||18.6|1.4|Leave|0|948785.34
1568|1174|24-Jun-2021|193.0|23.5|2.8|Leave|36892.6|677155.47
1569|1458|15-06-2023|174.1|10.7|3.7|Absent|49526.25|267588.11
1570|1244|2021-03-23|123.1|14.6|3.9|Leave|1614.47|880523.36
1571|1841|09-May-2020|148.0|13.9|1.9|Present|0|
1572|1167|August 16, 2019|153.6|16.8|3.1|Present|6437.08|578035.02
1573|1527|2019-05-15|182.0|20.5|1.0|Present||588135.82
1574|1434|19-Feb-2023|158.2|16.3|1.1|absent |0|343067.22
1575|1203|December 24, 2021|141.3|22.7|2.2|Leave|48424.54|900017.16
1576|1006|October 20, 2015|188.4|22.8|3.7|Present|23166.21|919597.93
1577|1297|2024-03-14|195.1|||PRESENT|0|942876.23
1578|1136|06-07-2023|171.3|14.8||PRESENT|44037.14|832406.17
1579|1769|05/20/2024|124.9|6.2|4.0|Present|0|726270.03
1580|1151|08/04/22|166.5|12.3|2.6|PRESENT|0|765620.77
1581|1759|07/11/2017|135.0|13.8||Present|0|394220.88
1582|1431|2020-07-11|122.6|9.2|1.2|absent |0|656936.54
1583|1150|2021-05-07|142.4|11.1|3.7|Present|0|302685.95
1584|1835|2024-06-05|195.3|3.2|3.7|present|0|383734.02
1585|1155|28/07/23|123.3|5.1|4.4|Present||407878.33
1586|1660|25-03-2019|123.2|3.9|3.3|Present|0|314589.06
1587|1205|12/28/2024||15.9||PRESENT|0|889621.82
1588|1246|2021-04-19|187.0|8.2|1.4|present|0|512863.62
1589|1415|November 22, 2022|154.9|7.6|2.8|Absent|0|361829.46
1590|1735|May 21, 2023|193.6|22.9|3.0|Present|28049.17|936031.53
1591|1169|25/05/24|129.8|5.9|1.3|Present|0|466968.6
1592|1023|10/13/2021|121.9|7.5|4.5|Absent|6577.57|498100.19
1593|1492|March 21, 2022|182.6|13.4||Remote|0|755834.39
1594|1740|10/27/2024|141.5|13.0||Present|0|849932.85
1595|1440|August 25, 2018|167.1|8.3|3.5|Remote|0|911600.58
1596|1172|09/25/2023|178.9|8.1|2.6|Present|33646.81|203899.79
1597|1252|05/11/2023|182.0|23.7|1.2|Remote|0|588919.77
1598|1524|February 02, 2021|172.6|21.5|3.9|Present|43777.72|311672.08
1599|1215|19-11-2016|192.0|13.8|3.0|Remote|0|809617.23
1600|1085|11/12/2019|196.4||3.8|Present|9796.48|687974.36
1601|1560|08-Apr-2019|149.0|14.9|3.0|Remote|914.03|794637.14
1602|1791|January 05, 2020|155.2||1.1|present|0|620790.2
1603|1631|2022-07-27|168.2|6.3|3.6|Leave|0|248790.18
1604|1085|05-03-2018|154.3|11.5|3.6|Present|0|715086.71
1605|1300|10-Mar-2019|157.8|21.8|1.8|present|0|796028.43
1606|1771|05-09-2024|148.4|16.6|3.5|Present|0|291244.25
1607|1555|18-Nov-2023|165.6|12.1|2.2|present|0|543801.8
1608|1556|02-Sep-2016|180.5|24.6|2.5|Present|0|945711.13
1609|1536|2016-12-17|138.8|5.9|4.8|absent |0|405660.89
1610|1491|01/08/2023|-5.0|10.3|2.8|Remote|0|638437.87
1611|1355|14-08-2024|183.3|7.9|2.7|Remote|0|638094.74
1612|1042|18-Oct-2023|173.6|17.6|2.9|Remote|0|944226.83
1613|1693|17-Sep-2018|174.3|23.4|2.2|Present|0|354113.14
1614|1246|07-Mar-2024|131.5|3.2|1.2|Present|0|881791.48
1615|1155|January 27, 2017|155.6|11.0|2.1|Present|0|641109.06
1616|1685|09/06/22|147.5|9.6|4.6|absent |0|892277.68
1617|1419|24/05/20|143.3|11.7|3.5|PRESENT|0|156439.66
1618|1077|20-Dec-2018|156.4|7.3|1.6|Present|0|340288.29
1619|1648|05/02/2024|153.7|12.4|4.4|Leave|0|930366.05
1620|1390|18-Mar-2022|151.1|8.5|2.2|Present|0|609612.36
1621|1850|17-06-2024|135.1||1.6|Absent|5650.54|579850.88
1622|1081|02/24/2023|163.6|3.8|3.2|Present|0|281109.55
1623|1317|04/19/2024|173.0|12.2|4.9|Remote|0|198420.45
1624|1542|28/02/17|136.8|12.5|1.5|Present|27514.8|834246.73
1625|1317|18-11-2024|168.0|8.9|4.6|Present|0|909413.93
1626|1233|03/08/2018|169.9|8.4|3.6|Remote|0|628650.16
1627|1735|15-Dec-2021|187.0|12.6|2.4|Remote|20171.48|507909.27
1628|1327|2021-06-26|166.3|7.8|3.0|PRESENT|0|180677.48
1629|1234|2023-04-27|177.6|13.8|1.4|Present|0|352917.25
1630|1151|05/01/20|146.1|7.9|1.2|Present|0|180160.7
1631|1847|10/22/2021|156.3|24.7|1.9|Leave|0|528140.76
1632|1325|17/10/24|198.6|18.0|3.8|Leave|6790.99|463395.8
1633|1020|2020-10-01|186.2|8.5|4.8|absent |0|891176.19
1634|1833|13/07/24|148.3|16.0|4.6|Present|38151.02|478768.97
1635|1721|20-Jan-2019|174.9|14.1|1.9|Present|27026.76|579785.63
1636|1124|December 18, 2021|161.5|11.3|2.2|Leave|0|292741.66
1637|1812|06/18/2019|181.2|16.6|3.7|Leave|0|205659.75
1638|1362|12/03/2023|132.7|23.6|2.9|Present|0|426355.52
1639|1008|06-05-2019|180.0|8.5|1.2|Present|49872.16|711514.26
1640|1794|January 09, 2019|150.5|4.6||present|17348.95|661931.45
1641|1708|05-02-2022|-5.0|13.5|2.9|Remote|0|818253.04
1642|1778|11/24/2021|127.4|6.4|3.8|PRESENT|0|849032.08
1643|1458|2020-11-01|135.0|6.5|2.4|Absent|0|827954.04
1644|1806|07/05/21|195.1|18.4|3.2|absent |0|261054.1
1645|1289|02-03-2021|153.7|7.8|2.5|PRESENT|19239.01|408785.54
1646|1767|2022-09-15|149.9||3.3|PRESENT|0|161378.8
1647|1238|2021-05-19|176.6|8.1|2.1|Present|0|932662.54
1648|1597|2023-08-13|195.9|5.2|2.4|Remote|0|805439.77
1649|1144|10/07/2021|152.0|23.4|1.5|Present|0|843496.86
1650|1641|2018-01-17|174.3||4.4|Present|0|357857.58
1651|1053|2020-02-10|156.0|13.3|3.9|Present|0|588886.23
1652|1094|27-11-2023|193.9|10.9|4.5|Present|20132.7|323505.86
1653|1105|15/11/21|123.2|8.3|3.7|Present|0|368780.08
1654|1321|March 17, 2024|156.4|8.6|2.1|Leave|47907.99|579405.57
1655|1779|2020-05-22|127.1|14.4|4.0|Absent|0|589317.06
1656|1117|2023-12-15|151.7|5.0|2.6|Present|0|761089.96
1657|1613|09/15/2020|147.1|21.8|1.9|Present|0|503017.5
1658|1638|October 04, 2017|166.5||1.2|PRESENT|0|918128.12
1659|1594|01/03/24|190.7|5.2|1.3|present|0|
1660|1131|04/18/2023|153.8|19.2||PRESENT|48801.1|528490.89
1661|1697|03/04/24|142.0|22.5|4.1|Present|30701.52|166855.45
1662|1663|05/02/23|190.7|22.2|3.1|absent |0|790818.98
1663|1070|21-Jan-2023|186.5|23.6|4.1|Remote|0|395552.67
1664|1429|04/25/2019|147.5|24.6|4.2|PRESENT|26231.8|620221.78
1665|1691|19-09-2019||3.7|1.9|Remote|0|820012.67
1666|1635|15-Feb-2019|185.7|15.7|3.5|present|0|731422.24
1667|1702|06/02/23|195.4|10.8|3.3|Present|0|742450.04
1668|1229|11-May-2020|182.3|12.3|2.7|Present||503038.36
1669|1302|13-Apr-2023|171.1|0.5||Present|0|823187.9
1670|1379|24-Feb-2022|139.5|16.6|2.0|Present|0|607343.17
1671|1225|06-06-2022|128.6|5.1|1.0|Present|0|532592.44
1672|1244|14/02/24|153.9|9.4|3.0|PRESENT|0|830465.32
1673|1525|2024-03-08|149.2|15.9|4.0|Present|31824.42|
1674|1686|06-12-2020|165.2|18.9|1.1|Present|0|396876.36
1675|1315|12/17/2023|149.0|11.5|3.1|Present|0|443517.35
1676|1086|2024-03-13|197.1|1.3|2.9|Present|0|
1677|1247|06-Jan-2024|179.4|13.4|1.6|Leave|0|306134.59
1678|1190|February 10, 2021|173.5|2.3|5.0|Present|25597.66|327127.94
1679|1545|07-Nov-2024|170.1|3.0|4.5|absent |0|265013.16
1680|1478|January 05, 2016|192.1|24.2|2.9|Remote|49911.13|269463.55
1681|1068|24-10-2021|134.1|1.3||Remote|22199.21|810621.36
1682|1516|12/04/2020|120.1|6.1|1.9|absent |0|400426.5
1683|1031|2020-05-18|147.6|6.6|4.4|Present|0|790517.13
1684|1743|21-Aug-2020||21.7||Leave|0|
1685|1102|11/21/2021|||3.9|PRESENT|0|777055.55
1686|1170|December 28, 2021|168.3|15.2|4.9|Present|45034.91|813567.52
1687|1686|16-11-2021|186.2|8.2|3.8|absent |0|625091.88
1688|1072|2021-06-15|132.1|24.2|4.5|Present|0|628985.61
1689|1801|28-Sep-2023|154.4|4.7|1.8|Present|0|613599.82
1690|1648|May 25, 2023|182.2|2.2|1.8|Present|0|195687.82
1691|1100|04-07-2022|127.9|20.1||absent |0|173295.31
1692|1103|19-12-2022|137.1|18.3|4.1|Present|0|930889.13
1693|1762|05/11/2020|125.9|18.2|1.6|present|3586.37|453703.56
1694|1318|2023-02-18|177.7|6.1|1.6|PRESENT|11474.28|752035.89
1695|1459|06-10-2017|153.7|13.0|1.8|Present||225755.24
1696|1412|2024-10-06|164.6|5.1|3.3|Leave|3284.73|460288.03
1697|1808|2022-10-03|-5.0|16.5|3.4|PRESENT|0|307662.13
1698|1268|October 07, 2024|199.0|8.4|1.9|Present|0|
1699|1396|2020-08-17|155.6|4.0|1.8|Present|0|525590.85
1700|1250|06/03/24|134.3|0.6|4.1|Present|30657.89|782401.47
1701|1660|June 03, 2019|196.0|3.2||Present|0|264427.74
1702|1477|September 07, 2020|199.5|10.5|2.9|Present|0|458436.18
1703|1681|11-01-2023|178.6|24.1|1.8|Remote|41896.69|940986.54
1704|1014|05/26/2020|177.5|10.3|3.8|PRESENT|0|855323.76
1705|1278|16-Aug-2023|188.9|14.5|1.2|Absent|46120.89|165324.01
1706|1151|14/03/24|146.0|4.6|4.7|Remote|12006.67|373612.06
1707|1477|2018-09-15|136.1|2.4|4.4|Present|0|243884.14
1708|1181|March 06, 2021|177.8|7.0|3.2|present|0|857438.32
1709|1141|11-Jan-2020|159.8|23.6|2.6|PRESENT|21944.86|606961.17
1710|1500|2019-06-13|-5.0|7.9|2.2|absent |0|703197.81
1711|1098|2024-03-23|135.4|3.9|1.7|Present|0|559372.72
1712|1012|01-Oct-2019|147.4||2.8|Leave|0|156993.36
1713|1578|2017-09-14|121.5|13.2|3.3|absent |6196.42|545555.7
1714|1397|08/12/2024|177.9|20.8|2.4|Absent|0|426038.15
1715|1251|2021-12-12|149.5|4.8|3.0|Present|0|792791.15
1716|1680|22-May-2023|120.3|12.4|2.5|Present|9497.63|750592.78
1717|1579|07/10/21|197.8|13.5|4.8|Leave|0|863818.32
1718|1630|11-12-2024|191.6|6.6|4.1|absent |0|250997.63
1719|1407|11-11-2018|192.2|5.8|4.8|absent |19141.89|389274.59
1720|1068|07/27/2021|179.2||1.6|Absent|0|375753.56
1721|1078|2018-02-07|167.7|12.5|1.6|PRESENT|0|527768.2
1722|1761|25-10-2024|150.0|15.1|4.1|Leave|0|940164.79
1723|1430|25-03-2023|130.6|12.3|4.5|Remote|0|442075.87
1724|1814|09-12-2024|193.1|18.5|1.6|Present|35734.04|539890.28
1725|1528|05/13/2018|-5.0|2.9|2.0|Present|3625.87|
1726|1289|May 20, 2022||7.2|4.2|PRESENT|0|744076.77
1727|1234|09-Jul-2023|180.2|22.3|1.7|Leave|0|653663.44
1728|1322|05/04/2021|131.4|12.7|1.7|Remote|48187.19|355590.06
1729|1588|May 22, 2024|136.1|4.5|1.4|Leave|0|710371.71
1730|1436|28/04/23|191.8|1.5|4.1|Present|0|556059.47
1731|1033|July 03, 2024|121.7|21.9||Present|555.34|580652.31
1732|1270|27-03-2023|130.8|3.3|3.0|PRESENT|0|364350.66
1733|1230|26-06-2022|185.8|7.0|4.5|Present|0|613961.1
1734|1782|13-Oct-2019|122.4|22.8|3.1|present|0|540690.07
1735|1523|12/11/19|192.4|9.8|2.9|Present|0|425924.83
1736|1227|July 22, 2016|162.1|17.6|2.4|Remote|45632.06|238815.88
1737|1796|2023-07-20|137.1|15.6|3.3|absent |0|654751.92
1738|1343|07/10/2023|177.2|5.8|1.3|absent |0|873090.4
1739|1559|2020-10-07|147.5|17.1|3.1|PRESENT|0|682860.44
1740|1336|2020-06-01|189.7|14.5|3.4|Absent||935064.98
1741|1008|25/04/20|126.4|14.7|2.4|Present|0|582188.68
1742|1582|2024-06-24|150.7|11.5|2.8|absent |0|847493.84
1743|1773|19-10-2019|194.3|5.7|2.2|Present|7049.31|443293.17
1744|1376|January 03, 2019|134.6|18.2|3.6|present|17051.67|876678.76
1745|1776|2022-11-02|188.2|24.2|1.3|Leave|0|343799.68
1746|1330|05-Aug-2019|195.0|17.3|4.6|absent |0|193332.43
1747|1062|05-Sep-2020|175.1|1.5|4.1|absent |0|742850.07
1748|1177|27-05-2020|150.2|6.8|3.3|Present|0|778204.08
1749|1023|May 20, 2022|175.4|11.6|2.9|Present|0|595626.07
1750|1730|03-Oct-2021|155.1|18.4|2.0|absent |36602.54|589462.16
1751|1410|23-09-2021|183.2|24.2|4.1|Present|44217.54|523428.94
1752|1471|2022-07-20|196.8|10.7|4.3|Remote|0|893687.04
1753|1491|15-May-2016|149.4|7.9|2.1|Leave|34133.3|546198.61
1754|1212|16-04-2024|172.1||3.4|present|0|380806.54
1755|1647|06-Mar-2022|134.9|5.0|1.4|Present|0|483004.64
1756|1609|18-06-2018|144.7|18.1||present|23448.17|182307.98
1757|1314|05-Mar-2024|187.6|19.3|1.6|Remote|0|676914.41
1758|1140|2019-10-20|122.6|4.5|2.8|Present|6911.55|675672.96
1759|1320|January 06, 2016|170.7|4.1|3.3|Present|8513.49|270753.67
1760|1122|18/11/22|191.1|24.8|1.1|Remote|40647.91|506365.25
1761|1291|2024-11-10|195.2|13.8|2.9|absent |6145.76|155086.39
1762|1431|12/05/2020|155.5||4.1|Leave|0|838696.28
1763|1354|01/02/22|189.8|20.0|2.0|Present|0|934692.76
1764|1649|24-Apr-2024|177.0|21.8|3.9|Absent|0|
1765|1046|12-04-2016|137.8|3.6|1.5|Present|0|817779.26
1766|1625|27/02/18|183.9|0.6|2.8|Remote|34317.29|906003.94
1767|1227|18-May-2020|163.3|21.7|2.2|Present|0|752012.29
1768|1398|25-Oct-2019||3.2|5.0|Present||403178.3
1769|1398|2022-12-03|147.4|4.3|3.4|Absent|25998.71|779500.93
1770|1563|11-06-2018|174.6|21.6|4.7|Present|0|430850.12
1771|1403|09-08-2023|163.9|4.2|3.8|present|0|903925.51
1772|1201|13/09/17|171.1|7.2|2.8|Present|0|
1773|1354|05/07/2016|137.0|0.6|4.6|Present|48698.57|539008.88
1774|1306|2020-08-04|130.2|9.5|1.1|Present|0|474542.02
1775|1770|2021-11-14|169.5|10.0|2.6|Present|38289.15|761664.76
1776|1222|04/02/20|147.8|19.0|3.5|absent |0|237111.05
1777|1338|25-06-2017|144.0|6.5|3.8|present|0|823610.21
1778|1162|2016-01-02|124.6|17.1|1.5|PRESENT|24399.85|573293.56
1779|1507|06/08/2018|129.9|16.9|3.8|Absent|0|451969.43
1780|1097|2019-10-24|197.5|3.5|4.1|Present|0|350721.64
1781|1052|19/03/21|189.5|12.0|4.6|present|15378.13|582089.3
1782|1780|07/09/22|198.4|0.3|4.3|Leave|0|422903.34
1783|1275|19/02/18|129.0|1.7|4.3|Present|12731.77|674057.2
1784|1162|December 26, 2015|195.5|12.1|3.6|Present|0|585148.45
1785|1409|14-06-2016|129.7|12.4|3.1|Present|0|
1786|1758|11/13/2023|194.8|10.6|4.8|Present|0|758661.09
1787|1787|2021-08-21|-5.0|13.9|3.1|Absent|0|211366.04
1788|1709|2018-03-04|162.6|2.5|3.7|Present|0|684658.28
1789|1762|12/03/2021|145.9|3.8|2.7|Present|0|715503.6
1790|1656|22-04-2019|164.4|24.6|3.7|absent |0|
1791|1346|08/18/2018|-5.0|12.5|2.8|absent |17808.65|169701.65
1792|1224|07/07/15|192.1|9.1|4.4|Present|0|926341.19
1793|1691|21-Oct-2021|122.4|2.9|1.4|Absent|0|928381.65
1794|1090|11-05-2021|136.3|16.4|3.3|Remote|0|273643.47
1795|1238|2021-12-14|127.4|2.5|1.2|present|0|807275.7
1796|1140|2020-02-14|138.4|12.0|1.2|Absent|0|940300.14
1797|1321|February 14, 2022||16.3|3.0|absent |23103.2|441836.26
1798|1709|2019-10-17|123.8|3.7|2.9|Leave|0|213250.03
1799|1538|06/17/2021|152.1|13.0|3.0|Present|0|169780.71
1800|1284|23/11/22|129.2|3.0|4.9|Present|0|710696.05
1801|1632|March 03, 2019|165.0|22.6|2.7|present|0|864550.9
1802|1362|19-03-2018|132.4|13.0|3.4|Present|0|708056.23
1803|1310|04/03/18|188.1|6.2|2.1|present|0|362124.51
1804|1141|2019-09-05|141.2|22.8|2.1|Present|0|
1805|1409|2024-06-07|152.7|14.1|1.2|Present|3462.9|782282.77
1806|1303|15-01-2020|177.2|5.8|2.5|Absent|0|624536.24
1807|1102|13-Sep-2024|138.4|2.8|1.2|Present|0|454637.33
1808|1423|2022-07-10|124.8|19.6||Present|0|376026.54
1809|1850|12/04/24|165.5|1.9|2.5|Present|31683.0|608663.34
1810|1061|01/04/18|179.2|18.6|4.3|PRESENT|39192.12|842624.55
1811|1823|08-Jan-2016|192.4|23.1|2.4|Present|0|
1812|1012|14-11-2020|177.0||4.7|Remote|0|553922.73
1813|1407|04/16/2018|155.1|13.3|2.0|PRESENT||617777.41
1814|1799|April 21, 2022|198.7||3.8|Remote|0|566183.22
1815|1150|17/01/22|186.2|15.0|4.1|Leave|24069.18|893025.97
1816|1625|21/07/18|128.8|0.3|4.3|present|0|339784.47
1817|1731|07/19/2022||23.1|2.8|Present|0|523391.86
1818|1271|2022-01-18|147.5|9.5||Present|0|396519.53
1819|1777|2019-01-12|123.4||3.7|Present|0|772778.07
1820|1517|06/05/2024|189.2|15.4|1.7|Present|0|254498.31
1821|1005|08/11/16|166.2|6.8|4.2|Present|33577.51|550456.64
1822|1622|24-02-2022|189.9|16.3|2.5|PRESENT|0|795726.73
1823|1090|2023-08-28|123.8|15.0|4.9|PRESENT|1711.67|684648.58
1824|1706|July 18, 2023|132.5|22.5|3.5|Present|0|568804.21
1825|1646|27/06/23|164.1|17.4|2.1|absent |0|359767.71
1826|1782|15/12/17|177.1|6.1|2.3|absent |0|448479.69
1827|1356|August 11, 2022|146.6|16.5|4.5|PRESENT|0|441707.16
1828|1206|11-May-2023|157.8|17.7|4.6|Present|30855.7|162062.88
1829|1513|2024-04-20|123.2|0.1|2.1|Present|29881.74|217986.27
1830|1764|04/13/2020|121.7|4.8|1.1|Absent|0|366007.27
1831|1038|02/23/2019|178.1|7.1|1.5|PRESENT|0|723242.27
1832|1038|April 09, 2024|127.9|20.8|1.5|Present|14032.97|371419.23
1833|1288|05-11-2019|138.2|15.6|4.6|Absent|0|630523.3
1834|1684|18-Jul-2024|130.3|16.6|1.0|Absent|0|718073.26
1835|1194|15-02-2022|170.0|13.7||Present|0|290676.64
1836|1123|09-12-2021|174.1|1.6|1.3|absent |24046.81|342295.12
1837|1288|2020-01-02|170.3|10.7|2.4|absent |0|480640.16
1838|1363|09-Jun-2019|147.2|19.3|1.6|Remote|0|220475.39
1839|1791|12-01-2021|147.7|23.4|2.1|present|0|455046.4
1840|1585|06/17/2024|120.5|21.1||present|0|947945.42
1841|1204|December 16, 2024|186.9|9.4|4.2|Present|0|274839.62
1842|1539|June 14, 2021|199.6|5.4|2.0|Remote|17104.68|312094.6
1843|1258|01/11/2024|167.9|1.5|1.8|Present|0|857090.76
1844|1158|06-12-2023|121.1|2.7|2.4|Leave|0|228079.47
1845|1492|05/10/2020|182.7|4.7||present|43632.26|561789.3
1846|1116|16-May-2024|175.1|0.4|1.4|PRESENT|0|496415.62
1847|1410|09-Nov-2022|138.2||2.0|absent |0|748115.02
1848|1409|03-11-2022|166.5|17.4|1.0|PRESENT|0|227444.07
1849|1791|09-Jan-2022|140.0|22.1|3.4|present|0|440862.13
1850|1180|06/27/2021|146.7|14.5|1.5|Present|17738.28|805421.97
1851|1717|October 11, 2023|173.2|23.3|4.0|PRESENT|12000.01|639084.91
1852|1098|February 20, 2020|126.6|3.2|2.9|absent |46147.54|826767.84
1853|1424|23/11/21|186.3|0.7|4.4|Present|14976.99|495104.72
1854|1492|06/18/2024|151.6|2.9|4.7|PRESENT|0|662247.17
1855|1139|16-Mar-2023|130.2|3.1|3.1|Present|0|461104.17
1856|1474|01/04/23|147.9|3.9|2.1|Absent|0|865082.83
1857|1406|22-07-2021|165.4|3.1|2.3|Leave|42593.01|658614.41
1858|1325|12-Oct-2018|167.2|22.6|4.5|Leave|0|798556.95
1859|1363|2018-05-04|160.8|16.2|1.7|present|37118.86|714082.21
1860|1332|12-11-2019|157.8|22.1|2.1|Remote|0|792767.65
1861|1189|April 16, 2023|138.3|24.3|1.7|Remote|13866.5|750424.84
1862|1792|28-06-2023|191.3|16.9|1.4|PRESENT|22093.35|153403.43
1863|1222|08/08/20|177.2|12.2|1.7|Present|0|185096.64
1864|1412|2023-03-18|123.3|23.2|3.2|Absent|38310.14|224090.63
1865|1418|2020-09-27|181.1|22.3|2.3|Absent|0|874621.65
1866|1714|10/23/2022|122.3|15.2|1.3|PRESENT|0|367615.99
1867|1607|10/23/2024|183.8|0.4|3.2|Present|0|855704.33
1868|1678|February 21, 2022|184.8|13.4|3.6|Present|0|945615.08
1869|1500|13-11-2016|144.5|19.7|2.8|Absent|43538.52|220135.1
1870|1166|06/12/22|166.4|17.5|4.3|Leave|9005.06|461839.59
1871|1206|12-09-2016|150.4||2.5|Present|0|839984.36
1872|1136|14-Jan-2024||11.2||Present|32674.66|519700.51
1873|1404|December 13, 2024|197.8|1.4|2.6|Leave||500500.26
1874|1165|05-Sep-2020|194.8|16.9||Present|0|667476.84
1875|1658|01/05/22|158.3|6.0|3.0|PRESENT|7460.44|326787.52
1876|1313|07-Sep-2020|191.0|5.7|1.1|Remote|35671.87|276582.51
1877|1230|01/26/2024|136.3||4.2|Present|19716.58|695627.79
1878|1535|2023-07-22|192.3|13.3|1.4|Absent|0|492729.36
1879|1134|19-06-2022|124.8|10.5|4.7|Leave|0|845073.64
1880|1542|28/02/24|164.9|22.7|2.9|Remote|0|259304.4
1881|1013|04-04-2017|126.7|11.5|2.7|Present|0|916841.24
1882|1116|05-Nov-2022|154.2|5.1|3.2|PRESENT|0|553990.57
1883|1700|10/16/2021|162.3|5.0|2.1|present|0|
1884|1073|August 12, 2021|176.4|3.6|1.0|Present|0|509332.73
1885|1531|2023-05-15|195.3|23.9|3.7|Present|0|157420.52
1886|1730|17/03/23|126.4|6.2|4.8|Leave|0|618237.3
1887|1750|22/08/23||11.3|1.9|Remote|0|241984.44
1888|1564|11-Sep-2020|185.1|16.3|3.5|Present|0|
1889|1674|21/01/21|195.5|3.1|2.6|Present|15061.06|252264.21
1890|1467|06/10/2017|141.8|23.5||Remote|0|477685.18
1891|1739|June 12, 2021|166.9|7.3|1.4|absent |0|790995.83
1892|1225|24/01/21|197.9|14.0|3.8|Leave|0|775820.76
1893|1826|11-02-2020|139.6|10.2|4.5|Remote|0|267405.29
1894|1336|13-05-2021|129.9|1.7|3.3|Present|0|460629.1
1895|1317|2024-06-09|152.7|1.1|3.8|Present|0|
1896|1411|01/19/2023|192.3|0.1|1.9|present|0|621631.82
1897|1141|October 07, 2022||19.3|4.7|Present|0|814167.03
1898|1192|10/08/20|126.6|16.8|2.6|Absent|0|282707.87
1899|1279|13/08/23|146.7|0.6|2.3|present|0|290784.35
1900|1791|2024-09-12|133.8|14.0|4.2|Leave|0|465308.78
1901|1688|20-Mar-2020|183.1|3.1|2.5|Present|0|649468.16
1902|1348|January 06, 2024|153.0|12.7|4.4|present|0|651701.49
1903|1782|2018-06-08|127.1|1.7||Present||568919.94
1904|1322|11-Apr-2024||25.0|2.7|Absent|34426.36|393023.42
1905|1106|March 21, 2024|152.1|||Remote||719348.14
1906|1534|05/01/19|163.2|6.8||PRESENT|0|701958.39
1907|1471|10/08/2018|144.2|2.8|3.8|Absent|38662.14|706882.94
1908|1177|08/26/2022|144.0|0.5|3.9|Present|31092.01|813478.33
1909|1397|19-Jul-2019|177.7|2.0|1.5|Absent|0|237879.48
1910|1836|22-Apr-2022|189.1|24.6|2.4|present|0|758810.89
1911|1022|11/10/22|172.9|||Present|0|743094.4
1912|1497|2024-12-11|181.1|18.2|4.0|Present|0|462850.71
1913|1800|17-Mar-2017||4.6|1.8|Absent|16121.89|848952.22
1914|1068|04/10/18|186.8|2.2|3.0|Remote|8914.58|919115.26
1915|1275|11/16/2018|120.6|8.4|3.3|present|0|304888.1
1916|1127|08/11/2023|182.6|23.3|4.3|Leave|0|641584.82
1917|1628|05/19/2024|192.9|12.8|1.9|present|0|483084.54
1918|1780|January 08, 2024|150.6|16.4|4.2|PRESENT|43881.93|859069.05
1919|1674|2021-12-20||22.9|2.1|Remote|0|629863.11
1920|1634|06/11/2021|149.2|6.1|4.6|Leave|0|555106.32
1921|1157|November 05, 2020|138.4|22.6||absent |0|347040.96
1922|1795|2023-11-15|137.4|24.3|2.8|present|0|295246.66
1923|1186|07-Jun-2024|197.3|2.8|4.1|absent |0|769169.82
1924|1801|May 25, 2023|153.3|15.6|4.9|Remote|23014.42|774766.49
1925|1375|December 22, 2022|199.2|8.4|1.0|PRESENT|0|242801.73
1926|1768|05-08-2024|130.3|18.2|1.1|present|0|717129.04
1927|1760|19/07/23|160.0|11.6|4.3|Present|0|186140.91
1928|1440|October 15, 2016|169.8|10.8|3.0|PRESENT|0|256409.55
1929|1735|01/17/2020|151.2|21.3||Absent|0|164519.59
1930|1494|September 03, 2022|199.9|1.8|2.5|Present|35821.73|570123.35
1931|1258|2024-04-03|162.9|15.5|4.9|Present|0|638454.61
1932|1529|13-Sep-2022|133.8|21.6|3.2|Absent|0|678693.2
1933|1692|February 12, 2017|148.7|18.3|2.7|Present|0|
1934|1001|July 27, 2022|145.9|21.2|3.6|Present|19460.6|552862.72
1935|1092|10/07/22|131.3|12.8|3.3|present|974.67|402289.87
1936|1668|04/19/2020|150.8|11.9|1.8|absent |13675.56|643355.94
1937|1390|04/24/2023|189.9||4.2|Remote||183493.81
1938|1077|11-May-2018|179.5|13.6||absent |0|459647.94
1939|1640|February 03, 2023|121.7|3.1|4.3|Remote|0|405934.4
1940|1540|04-09-2019|137.4|14.8|2.6|Present|0|215860.36
1941|1131|10-Aug-2018|197.7|13.6|3.6|PRESENT||715172.39
1942|1774|August 10, 2018|137.4||4.5|Absent|19675.54|173902.25
1943|1616|18-04-2020|167.7|8.1|3.4|present|0|714827.72
1944|1307|17-Jan-2024|132.1|21.7|2.6|Present|0|634102.11
1945|1362|02-May-2021|139.6||4.0|Present||357866.21
1946|1750|March 12, 2023|148.9||2.5|Present||293748.35
1947|1326|15-Mar-2024|187.5|8.8|4.9|Leave|47080.74|252008.46
1948|1265|March 03, 2023|142.3|18.8|4.5|Leave|10263.8|550822.04
1949|1243|12/22/2019|166.7|10.2||Present|0|418445.76
1950|1344|14-Apr-2019|128.6|19.5|4.9|Remote|1682.31|413692.78
1951|1519|08/12/2019|139.8|24.9|1.7|Leave|16396.81|858634.19
1952|1232|2019-03-09|175.4|0.8|4.3|absent |20319.57|364923.44
1953|1629|15-10-2022|142.6|23.4|2.5|Present|0|884321.18
1954|1206|15/09/21|136.2||4.0|Absent|0|703785.58
1955|1490|2024-07-21|148.1|18.2|4.3|Remote|0|340783.62
1956|1373|28-Mar-2024||23.9|1.6|Present|0|230980.93
1957|1844|07/19/2024|136.0|10.8|2.8|Present|0|850779.25
1958|1072|16-04-2021|134.0|6.5|4.1|PRESENT|0|217582.9
1959|1231|02-11-2020|128.1|15.5|2.1|Leave|0|431480.97
1960|1629|06-Jan-2024|194.3||1.4|Present|0|674852.03
1961|1576|03/12/2023|181.3|7.0|1.6|PRESENT|0|501289.75
1962|1246|September 03, 2018|151.3|11.3||Present|0|325052.24
1963|1067|04-Aug-2021|150.2|23.4|2.1|Present|37758.21|680312.97
1964|1843|February 15, 2024|140.6|9.0|1.6|present|0|626341.06
1965|1576|28-11-2021|198.3|13.0|3.8|absent |47095.53|546557.12
1966|1814|2023-03-07|-5.0|11.4|2.8|Absent|0|786857.49
1967|1325|2019-09-13|193.6|5.8|3.9|Remote|47008.23|647238.18
1968|1754|10/23/2024|158.0|24.8|1.3|Leave|12736.92|904035.7
1969|1474|09/21/2021|163.6|16.5|4.3|Leave|0|662279.74
1970|1546|2023-06-26|125.7|19.4|5.0|Present|24437.69|916332.4
1971|1231|20-Jan-2019|178.9|1.5|1.6|PRESENT|0|325984.41
1972|1089|09-Apr-2018|126.4||1.3|Present|0|350822.84
1973|1779|02/03/23|124.4|1.6|4.5|Leave|0|307007.68
1974|1212|2024-03-11|127.4||4.0|PRESENT|45958.77|421703.98
1975|1155|02/09/22|174.3|1.1|4.3|PRESENT|0|
1976|1589|December 02, 2023|198.6|23.8|1.6|Absent|40100.08|
1977|1106|14/09/18|133.7|23.3|1.5|Present|0|223117.97
1978|1721|02/23/2024|155.1|16.3|2.8|Present|26875.71|739309.93
1979|1623|22-05-2022|170.9|5.4|4.8|Present|0|531984.49
1980|1428|15-06-2018|122.3|19.6|1.5|absent |0|639766.63
1981|1681|14-Oct-2020|184.4|15.1|2.6|Present|0|861520.86
1982|1323|01-01-2022|146.6|19.6|3.6|PRESENT|32097.65|543182.45
1983|1685|20-09-2024|162.4|23.8|4.3|Remote||586740.58
1984|1276|2024-06-27|122.2|14.6||Absent|0|306043.92
1985|1442|02-12-2020|178.4|1.6|2.2|Absent|21447.92|186882.2
1986|1839|11/08/2022|185.2|14.9||Present|0|362055.75
1987|1051|08/19/2023|128.9|18.1|2.2|present|0|734132.5
1988|1366|04-11-2022|155.1|20.4|3.1|Remote|0|556497.32
1989|1067|08/03/20|193.9|4.2|4.2|Present|0|338216.2
1990|1027|24/04/20|121.3|19.5||Remote|0|427035.86
1991|1170|February 03, 2023|187.3|15.9|3.2|Leave|0|834600.89
1992|1520|09-06-2023|192.2|23.6|3.6|Leave|7733.75|538341.67
1993|1201|01-09-2016|160.2|9.2|3.7|absent |26497.91|917129.38
1994|1497|07/24/2024|122.7|3.8|1.6|PRESENT|0|793179.63
1995|1134|January 04, 2020|126.2|11.2|2.0|Absent|0|707894.49
1996|1390|01/15/2021|181.4|9.3|2.5|Present|0|919795.95
1997|1140|June 21, 2021||7.3|3.2|Leave|0|828723.7
1998|1367|December 13, 2022|131.5|24.6|4.6|Present|0|919053.24
1999|1658|August 19, 2023|163.2|6.6|4.7|absent |26550.92|749127.68
2000|1270|August 16, 2020|137.0|21.6|1.8|PRESENT|0|486722.16
2001|1153|2016-11-07|190.0|24.1|1.7|Remote||384405.68
2002|1308|21-Jan-2023|185.2|20.0|3.6|Present|0|643424.51
2003|1622|09/04/23|156.3|18.3|1.5|Present|0|501409.14
2004|1177|24-11-2016|121.6|7.5|2.5|Absent|0|695913.12
2005|1132|09/15/2020|156.2|1.9|2.4|Present||536059.16
2006|1443|2023-11-10|166.4|7.5|1.9|absent |0|921848.83
2007|1635|November 04, 2022|177.7|17.3|4.6|Absent|40096.15|504223.2
2008|1799|January 09, 2022|158.1|18.0|3.9|Remote|0|809510.93
2009|1160|04/24/2015|129.0|14.3||Present|0|921617.44
2010|1417|2021-09-09|153.5|16.2|3.8|present|0|804439.31
2011|1774|19/06/19|179.8|22.0|2.4|present|0|519234.54
2012|1520|07/10/20|148.8|10.8|2.1|absent |0|556074.24
2013|1734|2023-02-12|134.9|7.1|3.4|Present|28568.76|851726.57
2014|1428|11/18/2019|125.5|6.3|4.7|Present|31690.47|240602.01
2015|1582|07/03/2022|132.3||1.0|Present|0|662364.71
2016|1471|08-Aug-2018|152.1|7.6|2.0|Absent|0|568459.37
2017|1799|2023-10-05|145.1|4.6|4.0|Present|0|258923.71
2018|1313|02/27/2018|121.3|4.0|4.5|Present|0|386425.69
2019|1231|06/26/2023|134.2|11.3|4.5|Remote||870973.46
2020|1321|28-Sep-2022|140.5|18.0|4.1|Present|7628.1|428374.48
2021|1037|26-08-2023|124.0|7.8|4.3|absent |39454.35|272212.38
2022|1759|04-Jun-2017|141.4|3.7|2.8|Present|18357.49|917512.82
2023|1052|August 25, 2022|180.9|16.0|1.1|Absent|10982.43|803278.68
2024|1136|28-Sep-2020|160.6|0.3|4.7|absent |0|151570.43
2025|1458|September 02, 2021|163.0||2.8|absent ||230297.81
2026|1682|2016-11-22|-5.0|17.2|1.1|absent |0|634262.72
2027|1317|12-08-2021|179.3|14.8|4.0|Present|0|917038.41
2028|1814|2024-01-21|157.4|13.1|3.6|Leave|17901.14|491271.56
2029|1822|10/17/2018|140.1|16.0||Remote|0|464750.88
2030|1471|September 21, 2022|161.8|15.2|3.6|Remote|0|227158.01
2031|1288|08-Mar-2016|185.6|20.6|4.8|Remote|17183.92|444577.46
2032|1579|03/19/2018|137.9|18.8|4.9|absent |0|
2033|1127|December 09, 2019|164.6|24.2|3.3|Present|0|332448.92
2034|1724|July 10, 2020|146.7|3.9|4.7|Remote|13135.59|397970.86
2035|1158|2022-05-10||18.2|2.3|PRESENT|0|479927.88
2036|1490|08-07-2021|141.9|8.9|1.5|Present|0|519243.03
2037|1540|04-07-2019|142.7|10.9||present|0|797635.95
2038|1256|27-Jan-2024|180.9|5.5|1.0|Present|0|169416.97
2039|1151|20-Jul-2023|144.9|2.7|1.7|Absent|11828.8|301311.63
2040|1007|13/04/16|185.5|24.5||Leave|0|291044.85
2041|1393|19/08/20|177.7|10.5|4.2|absent |0|664298.86
2042|1006|11-Dec-2015|190.9|24.5|3.3|Present|0|
2043|1709|22-04-2023||22.3||Remote|0|533939.49
2044|1250|2023-09-07|136.0|20.8|1.9|Remote|0|238980.51
2045|1786|20/02/20|-5.0|5.4|2.0|absent |0|196952.71
2046|1246|18-08-2022|164.2|16.7|2.3|Present|0|210013.69
2047|1581|05/18/2023|179.7||4.4|Present|34736.79|817106.81
2048|1720|06/18/2024|152.0|15.3|2.8|Present|1628.64|284539.57
2049|1134|12-Feb-2021|169.0|4.4|1.4|absent |0|392915.8
2050|1100|22-03-2016|132.5|8.1|1.1|PRESENT|0|329845.22
2051|1789|06-04-2024|157.9|9.1|3.1|Leave|23101.08|303394.43
2052|1675|09/14/2024|174.8|2.4||Present|0|777588.44
2053|1486|02-Aug-2022|138.7|21.8|3.8|present|0|919659.75
2054|1028|21-Dec-2022|188.3|15.6|2.3|present|0|444395.75
2055|1535|25/02/23|191.2|2.9|2.6|present|0|725259.95
2056|1303|11/11/2018|123.9|22.4|5.0|PRESENT|0|836144.66
2057|1800|01/06/2018|157.3|7.3|2.6|PRESENT|31348.0|317838.61
2058|1059|03-Aug-2022|146.9|14.0|4.7|Present|29213.77|802486.0
2059|1340|08-09-2022|155.4|6.6|1.7|Present|0|804800.13
2060|1550|03-11-2019|184.0|4.5|2.0|present|0|939090.15
2061|1078|June 12, 2019|179.5|9.2|4.4|Leave|0|377733.2
2062|1318|16-12-2015|160.6|17.5|4.6|absent |0|
2063|1226|2020-10-19|144.2|6.6|3.2|Present|41828.54|402218.54
2064|1176|22-Jul-2023|156.9|15.1|5.0|Leave|0|897835.8
2065|1640|28-05-2023|163.7|0.7|4.2|Absent|0|416175.85
2066|1756|25-Jul-2022|177.6|23.6|2.9|Present|22436.99|867879.77
2067|1257|April 27, 2021|153.8|19.2|5.0|Present|0|
2068|1694|16-Jul-2019|174.3|23.4|4.8|Present|9460.04|728787.81
2069|1431|2021-06-03|186.3|0.5|2.9|Leave|0|
2070|1521|04/05/2017|125.6|23.0|3.9|Present|47598.47|693839.25
2071|1310|02/11/2024|191.8|3.1|2.4|PRESENT|12732.91|922787.35
2072|1461|December 16, 2023|125.0|4.5|3.8|present|0|666099.68
2073|1302|11-Jun-2023|146.1|20.7|2.9|Leave|0|799169.13
2074|1786|April 12, 2023|135.5|6.1|4.8|Present|0|558326.62
2075|1327|13/07/22|185.7|20.9|2.2|Absent|0|513725.03
2076|1487|19-Sep-2021|174.4|22.6|2.5|Remote|0|344251.99
2077|1579|28-05-2023|132.4|1.5|2.7|Leave|0|814297.0
2078|1061|07-05-2022|122.6|15.9|3.1|Absent|0|795292.53
2079|1849|August 04, 2021|134.8|5.5|1.2|present|0|526278.32
2080|1083|05/15/2022|126.2|16.2|4.0|Absent|16229.67|680005.75
2081|1104|May 17, 2023|165.1|6.0|4.3|Remote|0|
2082|1777|01-07-2020|198.8|19.0|3.9|Present||236227.04
2083|1533|03-08-2017|-5.0|18.9|4.4|present|21579.98|698889.94
2084|1479|March 14, 2019|146.3|21.6||Present|29335.32|461374.91
2085|1477|February 09, 2019|157.9|22.1|2.8|Present|0|153618.68
2086|1581|13/10/24|176.4|6.5|4.6|PRESENT|15245.64|177221.9
2087|1580|12/16/2017|171.5|19.8|1.9|PRESENT|0|904584.6
2088|1846|May 28, 2024|135.9|16.6|4.3|present|0|912174.22
2089|1799|2024-01-14|129.7|13.1|3.2|Present|0|313536.47
2090|1107|06/05/22|177.3|2.1|1.9|Present|0|793273.72
2091|1689|December 11, 2021|135.7|17.1|3.0|Present|0|467765.53
2092|1827|27-06-2022|127.9|5.6|3.7|Absent|0|922996.15
2093|1252|2020-05-07|198.5|17.6|1.2|absent |27885.54|861524.34
2094|1693|21/06/23|169.2|8.1|3.6|Remote|32330.34|872394.47
2095|1420|08/27/2018|144.6|16.9|1.3|absent |49842.35|910282.15
2096|1270|11-02-2017|151.3|14.2|3.4|present|19087.59|745194.96
2097|1673|June 23, 2021|158.2|9.9|4.4|Leave|29934.66|759151.69
2098|1843|2024-12-17|165.3|13.3|3.7|PRESENT|23471.02|317614.74
2099|1759|13/06/16|133.1||2.9|Present|0|271669.82
2100|1634|December 20, 2021|134.8|8.2|2.2|PRESENT|0|645377.77
2101|1149|May 27, 2021||17.7|3.0|Remote|0|684770.68
2102|1744|14-Aug-2017|140.2|18.5|1.8|Present|4496.73|264838.68
2103|1430|04/02/24|130.4||4.9|Absent|0|883524.0
2104|1232|19/09/20|180.7|7.0|4.7|present||
2105|1564|26-Mar-2024|192.5|10.7|3.9|present|35742.87|459408.92
2106|1779|15/09/23|166.6|4.7|5.0|Present|9916.93|529641.79
2107|1393|12/12/2022|131.3|2.4|3.7|Present|35843.86|825556.0
2108|1391|05-01-2023|121.4|24.8|4.6|Absent|0|327527.66
2109|1478|14/11/15|170.6|22.0|1.5|Present|0|603805.64
2110|1524|01/21/2021|185.3|24.4|1.4|PRESENT|0|257815.77
2111|1592|05-May-2018||21.2|2.0|Present|0|327467.71
2112|1244|26-Jun-2018|125.1|23.2|1.1|Absent|38941.0|809094.63
2113|1284|08/07/2019|133.4|15.4|1.9|PRESENT||588565.31
2114|1073|07/27/2018|-5.0|11.3|2.6|Absent|0|209579.49
2115|1277|22/01/23|132.6|4.2|4.8|absent |0|704206.75
2116|1048|2023-08-08|161.4|22.4|4.0|Present||640784.54
2117|1155|2019-08-16|134.0|18.1|1.7|Remote|0|873449.62
2118|1592|11/08/17|154.7|4.4|3.1|Present|13484.91|719423.06
2119|1311|December 20, 2021|146.0|23.3|3.9|Present|0|670542.53
2120|1467|May 06, 2018|129.8|17.4|1.9|present|0|323860.31
2121|1779|06/12/21|171.3|15.2|2.3|present|0|816816.31
2122|1141|July 12, 2022|136.7|18.5||Present|0|462173.4
2123|1448|04-07-2024|177.7|21.2|1.6|absent |40946.68|409765.34
2124|1365|2020-09-24|186.0|14.1||Absent|16282.08|400970.49
2125|1293|28/07/24|193.5|22.6|2.5|PRESENT|0|328064.41
2126|1440|September 09, 2015|187.2|7.9|3.6|Remote|0|826475.93
2127|1062|09-Jun-2022|147.8|19.1|2.4|absent |47005.82|390321.0
2128|1185|2024-08-19|163.6|24.1|4.5|PRESENT|10253.2|278276.95
2129|1826|2024-05-25|187.5|2.2|4.8|Remote|0|807573.47
2130|1014|25-02-2022|174.6|15.2||Leave|0|771972.28
2131|1134|August 18, 2020|158.8|0.1|1.6|Present|0|819368.85
2132|1654|06/09/20|162.0|22.2|3.0|PRESENT|0|264050.74
2133|1547|26-Aug-2021|141.1|19.5|1.1|Present|1823.56|686417.44
2134|1229|02/13/2019|161.6|2.3|2.9|Present|0|927074.35
2135|1025|18-04-2024|191.6|16.2|3.6|PRESENT|0|335569.14
2136|1370|06/21/2021|133.9|13.3|3.4|PRESENT|0|778996.32
2137|1556|2015-11-04|179.5|9.9|3.0|absent |0|560850.96
2138|1688|05/05/21|194.5|23.7|3.7|Present|0|192649.62
2139|1393|06/17/2021|157.6|11.5|4.8|present|0|693252.63
2140|1165|2020-01-04|190.7|19.9|2.4|Present|0|309655.58
2141|1343|2024-03-17|145.7|12.5|4.9|present|0|150775.29
2142|1773|12/06/19|162.3||1.8|absent |24536.19|568083.97
2143|1237|2021-02-17|125.3|22.7|1.5|Present|40871.36|817103.63
2144|1500|26/10/23|151.5|18.6|3.2|absent |20788.92|878379.43
2145|1234|04/10/2024|196.5|24.5|1.7|Present|0|164307.14
2146|1132|2022-10-17|175.3|1.5|4.9|Leave|14682.58|406758.97
2147|1692|June 11, 2019|143.4|17.0|1.3|Present|0|889910.91
2148|1812|December 04, 2018|152.5|16.0|3.0|Present|36292.24|222012.95
2149|1678|16/01/23|128.9||4.4|Present|0|545014.16
2150|1780|2022-01-28|181.1|14.9|4.1|PRESENT|0|287777.79
2151|1184|18-Aug-2022|166.8|2.8|2.8|Present|0|687854.3
2152|1693|02/28/2021|175.8|13.2|2.6|Present|19153.05|650611.52
2153|1515|July 10, 2024|157.4|11.0|1.1|Absent|0|467308.38
2154|1577|2020-10-26||7.7|1.1|Remote|0|446967.87
2155|1110|18/04/18|195.9|10.0|1.5|Present|0|282348.77
2156|1533|17-Aug-2023|136.5|24.6|1.5|Present|0|357624.94
2157|1115|2021-04-01|148.2|0.6||Remote|0|315001.95
2158|1389|August 28, 2021|126.6|15.1|4.3|absent |0|949489.99
2159|1568|15-Jul-2019|166.4|16.7|1.1|Present|0|362230.01
2160|1053|2020-10-12|141.9||3.0|PRESENT|5175.86|216070.35
2161|1344|26/09/20|182.9|16.8|2.9|Absent|6471.08|251015.76
2162|1192|02/10/2020||22.6|4.4|Present|0|873827.43
2163|1552|03-Aug-2023|139.1|5.7|3.7|absent |0|675640.84
2164|1300|26-02-2020|155.6|1.8|2.3|Present|0|762493.7
2165|1145|08/04/22|121.1|11.1|2.4|absent |0|464350.37
2166|1325|11/01/18|179.5|22.0|2.3|Leave|0|802089.31
2167|1081|15-Jun-2020|194.4|15.7|2.6|absent |0|635272.47
2168|1418|2019-10-20|149.6|23.1|2.4|Absent|0|582100.76
2169|1155|13/09/16|137.3|16.2|5.0|Present|0|421572.75
2170|1339|November 15, 2016|189.4|24.3|3.9|Leave|0|384391.37
2171|1440|October 04, 2023|190.6|16.9|2.8|Remote|34447.83|371382.06
2172|1099|04-Jul-2019|180.5|22.7|1.5|Present|0|634385.58
2173|1073|20-Apr-2024|167.0|11.4|4.3|Present|0|392256.58
2174|1125|14-05-2022|176.6|23.2|4.4|PRESENT|0|752226.21
2175|1509|05/10/2024|150.6|14.7|2.7|Present|8312.84|293637.93
2176|1340|2021-11-02|140.9|23.3|1.4|absent |7542.97|406541.8
2177|1575|2022-06-01|181.8|15.4|4.9|Present|0|736374.06
2178|1468|01-09-2017|167.8|17.9|2.6|absent |42647.02|281378.8
2179|1062|02-Dec-2023|185.0|13.0|2.7|PRESENT|0|760239.66
2180|1423|2019-06-19|168.3|20.4|2.5|absent |8723.88|809326.7
2181|1131|10/01/2020|151.1|10.8|2.2|absent |27465.04|323830.31
2182|1004|2020-10-02|166.8|0.4|3.4|Present|0|188654.92
2183|1145|June 05, 2023|130.3|13.4|3.1|Present|0|883099.21
2184|1691|08/21/2022|138.4||1.7|Present|17688.66|185809.27
2185|1212|02/14/2020|121.4|18.4|1.8|Leave|0|554593.45
2186|1312|December 17, 2020|144.5|11.1|4.7|Remote|0|680933.13
2187|1279|01-Jun-2020|158.2|16.6|4.3|Absent|0|428185.75
2188|1644|18-Jul-2024|198.8|21.6|4.9|absent |0|635974.64
2189|1265|21-12-2024|173.0|18.1|2.6|Leave|2705.46|
2190|1497|2023-10-14|154.6|5.6|2.7|Remote|0|248838.92
2191|1362|22-Mar-2020|141.4|18.9|1.1|Present|0|
2192|1375|September 19, 2021|127.4|10.5|2.7|Present|0|707339.49
2193|1639|18-Apr-2017|166.6|16.7|4.2|PRESENT|0|695583.99
2194|1777|28/10/21|160.5|16.1|4.4|Present|0|863912.05
2195|1754|06/16/2022|169.3|16.3||present|0|414336.68
2196|1535|24-10-2021|190.8||4.5|Present|0|224429.88
2197|1636|2019-01-04|162.5|2.0|3.8|Leave|30035.15|751282.06
2198|1365|2022-03-04|170.2|20.8|1.9|Present|0|919535.8
2199|1580|01/11/21|162.8|19.9|3.1|PRESENT|0|675940.09
2200|1001|2021-03-25|136.6|20.6|1.2|present|0|304420.95
2201|1157|01/26/2022|153.4|||Remote|0|286364.56
2202|1519|October 07, 2019|176.1|10.8|4.6|present|0|275512.51
2203|1651|23-08-2021|147.8|23.6|4.6|PRESENT|22828.33|881653.85
2204|1203|2018-03-05|152.2|8.4|4.5|present|30696.08|628145.69
2205|1387|2024-09-04|122.8|0.7|2.2|Present|0|863222.59
2206|1363|24-Mar-2022||8.4|3.5|Present|0|873555.48
2207|1398|12-06-2023|161.1||1.0|present|0|439457.96
2208|1056|12/07/21|186.9|14.0|4.0|PRESENT|29778.45|939511.34
2209|1592|21-04-2023|139.3|6.1||Present|0|425383.46
2210|1778|21/12/20|136.8|24.8|2.6|Present|0|768652.09
2211|1136|01/19/2023|188.3|23.9|3.9|Present|0|336670.71
2212|1311|April 28, 2023|149.5|16.6|5.0|Present|0|445455.7
2213|1524|2019-01-25|174.1|17.3|1.4|Remote|37403.97|751047.42
2214|1779|12/01/2020|148.1|7.5|4.3|absent |20570.1|185042.34
2215|1691|2022-12-03|120.1|0.4|4.3|Present|32599.16|163222.94
2216|1591|16-06-2017|129.7|14.7|3.7|absent |0|301682.46
2217|1033|04/12/24||24.9|2.0|Leave|0|686904.19
2218|1345|2020-04-01|162.3|21.5|1.6|Absent|24958.48|237408.89
2219|1001|27-02-2017|154.4|24.7|2.5|Present|7564.92|159650.45
2220|1351|2024-10-21|144.2|2.4|1.4|Present|0|792525.12
2221|1847|27-10-2022|156.3|9.4|2.6|Remote|0|210011.43
2222|1288|05/18/2016|144.2|3.5|4.7|present|0|915948.63
2223|1732|December 28, 2024|147.2|15.1|4.7|Present|1289.89|472751.57
2224|1310|22/08/18|128.5|9.4|3.0|present|379.48|229390.98
2225|1410|12/14/2017|198.4|23.0|2.3|Present|0|169148.44
2226|1453|June 27, 2023|164.5|19.6|4.3|absent |0|583938.71
2227|1292|2023-05-22||18.4|2.2|PRESENT|0|373092.85
2228|1193|2023-09-28|177.8|1.4|4.2|Present|0|161852.06
2229|1252|19-Oct-2024|-5.0|22.3|1.8|Remote||
2230|1201|11-07-2019||19.0|2.4|Present|0|606462.16
2231|1776|2019-06-04|159.4|24.4|3.1|absent |0|367817.15
2232|1794|05-May-2021|139.4|12.1|2.6|Leave|0|857010.57
2233|1457|October 22, 2021|186.5|4.1|3.3|Present|0|419221.89
2234|1428|July 16, 2019|169.7|24.2|3.0|Leave|14879.51|260833.94
2235|1334|24-08-2023|120.1|23.5|2.6|Absent||865760.53
2236|1525|24-Jun-2022|120.5||3.1|Present|10110.67|185186.12
2237|1700|23-08-2022|157.7|7.7|3.8|Present|0|674253.95
2238|1416|10-09-2022|135.1|20.0||Present|34652.73|484381.41
2239|1764|2018-08-14|184.2|3.6|3.0|Absent|0|294511.93
2240|1352|01/01/2024|195.9|6.6|4.9|Present|0|596456.58
2241|1316|April 16, 2024|151.5|20.6|2.2|Absent|31012.92|776932.6
2242|1156|2023-03-02|152.2|13.4|4.4|Present|0|239032.87
2243|1370|17/06/19||19.0|4.9|Present|22831.74|517734.48
2244|1024|11/27/2023|185.8|3.6|3.7|Leave|0|462316.37
2245|1812|July 06, 2018|199.5|23.0|1.5|present|0|673575.68
2246|1700|28/11/24|171.4|20.2|2.7|Present|34939.09|294321.81
2247|1325|2020-02-12|158.9|20.7|4.4|Absent|44654.03|720633.68
2248|1527|16-Nov-2024|168.5||3.6|Present|13124.5|478420.41
2249|1582|June 02, 2022|150.3|8.0|3.5|Leave|0|839383.17
2250|1684|12-11-2024|126.2||2.0|PRESENT|0|596002.53
2251|1660|05/07/21|128.2|16.1||PRESENT|25478.82|212759.14
2252|1453|02-08-2023|143.0|0.2|3.3|Remote|0|447740.51
2253|1622|2022-06-22|146.6|15.6|2.1|present|13609.85|709394.43
2254|1525|08/07/20|166.1|24.1||Remote|23770.66|299832.94
2255|1005|02-08-2017|179.1|0.7|4.1|Present|0|857409.92
2256|1674|11/02/20|177.7|6.6|4.0|Present|0|921961.89
2257|1806|27/11/22|140.6|18.0|1.1|PRESENT|30704.9|286367.49
2258|1315|17/10/23|141.4|17.6|1.6|Remote|24403.21|180972.95
2259|1089|06-12-2017|153.7||1.3|Present||653822.84
2260|1173|20-03-2023|176.0|22.0|3.6|Present|0|412151.63
2261|1398|2020-07-22|194.6|5.7|2.9|Present|0|865157.32
2262|1531|16-Oct-2022|158.3|24.2|2.1|Remote|49189.69|509637.26
2263|1815|21/10/20|177.5|1.7|2.1|Present|22958.53|314278.01
2264|1237|20/09/19|121.7|9.1|2.9|PRESENT|0|193662.37
2265|1237|28-Aug-2019|162.7|7.0|3.7|Present|38285.18|656486.78
2266|1706|03/06/23|167.9||3.3|PRESENT|0|200512.59
2267|1516|02/09/2022|195.5|6.1|3.2|absent |0|529911.07
2268|1462|18-09-2022|165.5|9.2|1.3|Present|0|
2269|1490|08/12/16|198.9|16.5|2.7|Present|0|686388.46
2270|1724|August 12, 2023|170.2|13.9|3.8|Present|0|828670.53
2271|1729|2016-01-04||1.1|4.1|Absent|25636.97|305042.25
2272|1327|12/19/2021|154.9|17.4|3.9|Remote|0|819046.61
2273|1123|2019-06-07|197.8|13.7|2.4|Present|10720.7|830468.43
2274|1137|24-05-2024|158.1|18.5|2.6|Present|0|313767.31
2275|1134|October 05, 2024|120.2|2.4|4.9|Present|0|924530.2
2276|1104|2021-11-16|180.4|4.7|4.3|Leave|0|553621.56
2277|1313|August 12, 2016|153.8|24.1|3.7|present|0|928803.18
2278|1091|April 10, 2018|142.4|12.6|3.3|absent |23286.28|873356.96
2279|1312|08/14/2023|140.4|16.6|4.4|absent |0|312241.0
2280|1546|04-10-2022|140.5||2.2|Present|25912.83|696483.09
2281|1586|20-Apr-2024|184.4|7.9|4.9|Present|0|764768.91
2282|1688|2022-09-04|158.2|1.2|2.2|Present|0|360699.09
2283|1331|09-05-2021|194.3|17.2||Present|24443.33|638640.08
2284|1100|2023-06-18|-5.0|24.6|1.0|PRESENT|0|167074.18
2285|1691|10-Apr-2023|-5.0|||Absent|0|707482.45
2286|1487|27-03-2021|141.6|6.0|4.1|Leave|0|614236.05
2287|1100|18-Feb-2023|146.5|24.2|4.6|absent |0|933402.69
2288|1840|05-04-2022|172.0|18.0|4.2|Present|0|503443.7
2289|1796|2022-11-10|-5.0|23.2|3.9|Leave|4852.52|457899.41
2290|1795|12/18/2022|193.9|14.2|2.1|Absent|0|485304.84
2291|1387|February 18, 2018|199.2|8.6||Absent|0|910461.42
2292|1826|January 06, 2019|124.1|8.6|4.5|PRESENT|0|636066.2
2293|1637|05/17/2023|188.7|20.4|1.3|Present|0|796352.79
2294|1712|04-Sep-2023|164.2|7.2|2.0|absent ||502566.0
2295|1201|10-Jan-2022|178.4|11.2|4.4|PRESENT|0|437922.28
2296|1108|2017-11-15|155.2|12.3|3.5|absent |0|382478.88
2297|1271|2021-02-13|195.4|3.5|2.7|Leave|20282.72|229222.01
2298|1850|08/13/2023|161.6|3.0|1.3|absent |11762.44|438949.04
2299|1425|2020-10-05|162.0|23.6|1.2|PRESENT|0|290325.49
2300|1125|20-03-2019|160.4|19.9||absent |10864.25|463626.55
2301|1290|09/28/2023|131.9|10.3|2.9|absent |0|663356.84
2302|1410|2022-12-06|143.9|2.9|4.9|Absent|20981.48|609413.91
2303|1188|28-Jun-2024|144.5|3.3|2.9|Present|6894.08|563386.79
2304|1460|12/04/2024|150.8|8.3||PRESENT|0|
2305|1610|07/08/2020|174.5|20.1|1.7|Present|0|399618.53
2306|1068|06-Jun-2021|148.2|22.5|3.8|Present|0|168696.31
2307|1490|01/27/2018|162.3|24.8|3.9|Present|0|734826.75
2308|1022|15-Sep-2022|188.1|12.5|4.5|PRESENT|0|578916.77
2309|1593|01/28/2024|130.2|24.4|2.1|Absent|0|470271.6
2310|1766|2022-08-08|126.5|12.8|3.2|Present||671076.64
2311|1391|July 27, 2020|187.6|3.5|2.8|absent |0|152040.28
2312|1165|2020-02-19|127.4|23.9|3.9|Present|48756.9|472402.61
2313|1096|25-06-2017|136.8|7.8|2.9|Leave|0|318638.68
2314|1409|07-Mar-2016|130.9|17.4|3.7|Present|0|370560.91
2315|1207|14-Mar-2021|165.6|13.3|1.1|present|0|608860.52
2316|1140|19-03-2019|121.0|17.7|4.0|Present|0|489745.81
2317|1176|May 26, 2023|181.7||3.9|Absent|7109.67|732770.89
2318|1028|2021-07-13|165.2|13.5|1.1|Present|0|705417.37
2319|1310|2018-11-07|156.7|8.2|4.6|Remote|0|861790.94
2320|1544|09-03-2022|158.1|6.1|3.7|Present|14214.62|694421.01
2321|1395|21-May-2019|135.0|24.8|1.1|Leave|0|503726.58
2322|1213|12/06/19|165.3|4.1|1.8|Present|46612.47|234802.07
2323|1127|03-Feb-2021|142.1|15.9|2.5|Present|0|494192.31
2324|1668|15-02-2021|120.6|3.5|4.0|Absent|0|
2325|1686|04/02/17|141.0|10.2|3.1|Absent|0|581155.18
2326|1639|07-Feb-2017|163.8|17.7||Remote|14415.04|234459.34
2327|1659|23-May-2022|153.8|20.2|1.1|absent |47009.26|699570.65
2328|1453|08/28/2021|150.6|7.9|1.3|PRESENT|0|598831.46
2329|1729|06/20/2019|141.6|11.4|4.3|absent |0|247354.08
2330|1844|02-04-2024|185.8|16.4|4.1|present|2441.13|663572.35
2331|1476|01/09/24|150.3|22.3|4.5|present|0|487763.74
2332|1041|10/09/23|175.1|3.6|4.9|Present|0|693290.62
2333|1239|2022-11-01|149.6|9.5|4.4|present|0|916031.2
2334|1778|05/24/2023|192.2|13.6|3.5|Remote|0|804228.15
2335|1671|2024-08-22|152.7|6.5|2.7|Leave|0|913796.97
2336|1215|17-Feb-2023|198.2|0.1|3.8|Leave|0|351435.76
2337|1241|2019-04-05|166.6|4.2|3.3|Leave|0|225263.29
2338|1645|08/03/18|194.2|14.8|1.8|Leave|8936.73|815878.89
2339|1120|01/13/2024|176.7|7.0|4.1|Present|0|628696.65
2340|1636|14-07-2019|137.0|24.3|2.5|Present|2584.62|597997.03
2341|1158|08-04-2024|126.4|8.5|2.6|Present|11218.26|655753.12
2342|1817|11-05-2023|196.1|12.0|1.4|Present|36033.08|723013.33
2343|1105|2023-04-25|189.8|17.7|4.2|Leave|0|255908.52
2344|1614|14-08-2023|174.6|5.1|2.2|PRESENT|41765.42|783687.84
2345|1291|September 27, 2023|153.5|1.6|4.8|Present|0|844803.63
2346|1302|July 08, 2018|182.7|19.7|1.9|Present|25333.22|
2347|1227|24/08/17|192.4|23.6|2.7|Present|0|721652.94
2348|1846|18/09/21|122.1|13.8|4.7|Remote|6278.05|855391.21
2349|1410|05/15/2018|171.4|12.2|2.1|Absent|0|735320.35
2350|1220|05-09-2020|180.1|0.5|3.1|Remote|0|233963.23
2351|1591|2018-11-27|192.8|22.0|2.5|Absent|11216.47|388165.48
2352|1765|08/27/2024|130.5|11.4|4.6|present|0|601138.36
2353|1107|17/09/17|181.4|1.6|3.8|absent |0|268736.22
2354|1599|12-Apr-2022|133.9|0.6|5.0|Absent|0|583108.88
2355|1119|10/21/2020|183.5|17.7|4.8|PRESENT|0|744192.32
2356|1530|11/28/2020|187.4|2.1|1.5|present|0|587944.75
2357|1331|28-08-2018|160.1|24.9|2.4|Leave|0|303146.89
2358|1592|December 02, 2019|-5.0||1.6|present|26098.89|
2359|1432|May 12, 2024|142.6|2.6|4.2|Present|0|332194.97
2360|1773|01/07/24|123.7|1.0|1.8|Present|19321.42|909515.38
2361|1076|25-07-2018|124.6|18.5|3.2|PRESENT|0|228307.92
2362|1576|2018-08-10|144.0|20.3|4.9|Present|0|474067.73
2363|1396|23-11-2017|176.2|10.4|4.3|absent |17333.81|838841.71
2364|1255|July 02, 2021|159.1|5.1|3.5|Present|0|195968.88
2365|1022|11/17/2024|179.2|1.2|1.5|absent |0|677603.97
2366|1563|03/07/17|180.5|10.4|2.9|Remote|0|330664.97
2367|1125|January 22, 2018|161.5|19.3|4.0|Present|0|803082.41
2368|1581|10/11/2021|174.5|18.7|1.9|Remote|40755.65|249587.26
2369|1683|2021-03-20|177.7|15.6|3.6|Remote|39383.85|240822.56
2370|1758|19/09/23|160.7|11.0|2.4|Remote|0|614409.2
2371|1116|11/04/2024|129.6|22.0|2.4|Present|0|918400.79
2372|1150|2024-03-09|127.7|1.0|1.5|present|0|823235.36
2373|1005|July 05, 2018|159.5|4.8|1.2|absent |0|458299.85
2374|1336|September 26, 2019|137.5|21.4|4.2|absent |6439.0|515596.64
2375|1431|24/06/23|197.3|12.1|4.8|Leave|0|816521.07
2376|1030|28-10-2024|134.9|18.7|4.2|Present|0|
2377|1490|02/10/16|134.2|17.3|1.6|Present|0|949193.11
2378|1645|19-Jun-2015|137.7|9.3|1.1|Present|0|313250.43
2379|1340|July 23, 2021|147.7|13.2|3.1|Remote|4114.59|374893.58
2380|1246|04/04/22|120.7|6.1|4.7|Leave|0|274911.47
2381|1656|2022-05-17|197.4|23.6|4.2|Present|35275.02|273119.16
2382|1024|January 16, 2023|193.9|15.4|1.2|PRESENT|0|233574.97
2383|1551|24-Mar-2019|182.5|22.9||Present|0|632047.87
2384|1341|23/07/24|177.9|24.3|2.7|Absent|0|267221.63
2385|1037|02-Jul-2020|148.4|22.9|3.1|absent |0|795796.35
2386|1395|2017-12-18|151.2|10.3|2.5|absent |0|349729.9
2387|1847|12/01/2024|165.6|24.2|4.2|Present|16678.31|843922.46
2388|1073|October 28, 2024|177.4||3.4|Present|8316.39|513467.17
2389|1176|2020-10-04|174.9|7.7|3.0|Leave||712016.91
2390|1306|August 06, 2019|185.3|18.8|2.6|PRESENT|0|622819.31
2391|1467|06/07/20||0.8|4.4|Present|0|270759.07
2392|1684|10-05-2023|196.8|12.0||Present|29416.49|449810.63
2393|1102|03/25/2023|143.6|22.3|2.9|present|34906.91|486054.68
2394|1814|2020-11-12|155.1|21.9|3.4|Present|0|898677.6
2395|1280|14/08/19|197.5|15.3|4.2|Absent|0|591055.45
2396|1429|2024-05-06|161.8|17.4|4.9|absent |0|369530.81
2397|1568|13-11-2018||0.1|1.7|Present|0|860005.74
2398|1358|10-12-2019|183.5|18.2|2.7|Absent|0|170505.95
2399|1584|June 20, 2021|177.4|2.0|3.4|Present|0|692689.56
2400|1031|10/11/20|198.2|7.3|2.4|Remote|22141.13|899659.06
2401|1693|24/06/18|129.9|18.1|3.2|Present|0|754419.18
2402|1620|28/12/20|143.5|14.8|3.3|Present|24703.5|370912.66
2403|1612|23-08-2023||2.7|2.6|Present|30053.3|323793.01
2404|1520|07/20/2018|194.2|11.9|3.2|Present|36603.68|907797.92
2405|1802|October 11, 2018|162.5|2.1|4.2|present|0|169629.56
2406|1393|October 12, 2018|186.7|18.2|2.5|present|0|435682.95
2407|1643|2024-10-08|163.7|1.6|4.8|Present|14344.32|269855.94
2408|1049|20/08/19|179.6|18.8|3.4|Present|34325.64|825517.57
2409|1277|2019-11-13|176.5|14.4|2.0|present|30585.11|273289.88
2410|1811|March 20, 2023|170.4|11.4|3.2|Leave|0|311983.67
2411|1115|September 15, 2024|157.4|2.2|2.7|Remote|0|369154.87
2412|1067|20-Sep-2024|171.1|9.4|3.5|Present|0|696734.96
2413|1114|17/05/17|189.4||3.4|Present|0|235345.41
2414|1623|06/04/2024|165.2|4.0|3.2|present|40627.77|492439.73
2415|1330|10-09-2017|192.7|14.2|3.4|Remote|0|618389.9
2416|1016|13-Mar-2017|162.3|2.9|2.8|Remote|0|655450.14
2417|1626|03/11/19|164.1|8.4||present|0|426505.68
2418|1040|17-Jun-2020|147.4|7.6|3.3|Leave|0|306798.72
2419|1600|07-May-2023|143.3|24.9|3.3|Absent|36781.08|388958.69
2420|1286|28/12/21|157.0|4.1|4.0|absent |0|301705.18
2421|1746|18-12-2020|126.4|4.4|3.4|Present|0|397614.94
2422|1802|20-Oct-2021|196.4|5.7|1.1|Present|0|604759.42
2423|1780|March 09, 2024|130.3|16.3||Present|0|604273.43
2424|1574|2016-10-20|154.8|0.9|2.6|Remote|0|781787.04
2425|1242|14-04-2019|177.7|14.0||Remote|0|478519.29
2426|1679|04/02/2024|162.7|20.4|3.3|present|0|504362.42
2427|1309|July 03, 2024|179.3|23.0|1.7|Present|0|523159.35
2428|1254|11/19/2019|160.4|16.5|4.1|Present|0|202269.56
2429|1227|07-Aug-2021|191.1|8.0|4.3|Remote|0|763333.96
2430|1677|2021-09-08||7.9|4.1|Present|9146.23|511830.01
2431|1483|December 01, 2024|168.2|2.5|3.8|Present|0|164734.13
2432|1150|2020-10-24|139.9|13.0|1.3|Present|38534.49|225485.41
2433|1686|07/09/2022|157.6||3.0|Present|0|467766.55
2434|1376|15-04-2021|133.1|3.8|3.3|Leave|0|704068.95
2435|1141|November 12, 2023|198.0|10.0|1.0|PRESENT|42664.42|264228.35
2436|1579|25/06/18|166.5|11.9|3.6|absent ||755153.91
2437|1173|12-08-2021|132.6|18.9|1.7|Present|0|408409.28
2438|1558|April 26, 2024|199.0|2.9|2.4|present||518070.43
2439|1003|09/03/22|180.4|6.5|2.0|Present|0|815858.55
2440|1040|08/02/2020|193.4|19.8|4.4|PRESENT|0|268749.21
2441|1555|08-Aug-2021|161.7|2.8|1.8|Absent|0|937893.88
2442|1736|16/05/18|194.1|2.0||Present|0|233440.82
2443|1261|February 26, 2024|134.5|15.0|4.2|Remote|0|737336.17
2444|1789|01/06/2024|189.1|10.1|1.9|Absent|0|258877.72
2445|1115|March 02, 2022|192.9|11.9|1.5|Absent|0|594357.76
2446|1660|May 15, 2023|139.0|7.9|3.1|absent |0|281789.66
2447|1004|12/25/2021|155.6|23.4|4.2|present|0|710756.03
2448|1172|02/19/2020|169.4|14.6|1.0|absent |0|780972.4
2449|1679|November 01, 2018|143.6|19.2||Present|0|713292.64
2450|1025|08/07/2019|141.8|19.9|4.5|present|0|428780.11
2451|1527|2018-02-06|193.0|7.6|1.8|Leave|8085.61|825276.76
2452|1815|08-Jun-2024|174.5|23.9|3.6|Present||396874.08
2453|1398|28-06-2020|180.7|9.4|2.4|Present|0|416567.89
2454|1693|07/15/2023|123.0|6.3|4.4|present|0|342591.54
2455|1523|20-Feb-2021|181.4|8.3|3.7|Remote|35271.21|901002.4
2456|1491|13-May-2020|190.2|4.3|4.2|absent |0|411546.88
2457|1450|22-01-2024|185.7|10.0|1.6|absent |36196.32|798661.84
2458|1666|February 02, 2024|195.2|14.9|3.1|present|0|846960.19
2459|1071|06-08-2021|195.6|4.1||absent |0|692383.31
2460|1481|15-Jun-2016|132.1|3.4|1.6|present|12188.22|515164.74
2461|1700|03-Jun-2024|168.7|19.1|4.3|Absent|0|210672.78
2462|1252|April 14, 2024|151.1|16.6|1.2|Present|0|536625.08
2463|1270|21-Sep-2018|184.7|16.0|2.8|Leave|0|255111.67
2464|1801|23-01-2023|-5.0|9.2|4.0|Remote|0|560413.64
2465|1336|2024-12-20|199.5|22.1|4.1|absent |0|377609.85
2466|1533|20-Jul-2021|150.2|16.2|1.3|Leave|0|921403.75
2467|1488|2017-12-22|191.8|16.7|1.7|PRESENT|0|332842.22
2468|1742|September 02, 2022|127.3|24.7|4.0|Present|0|184658.83
2469|1215|01/04/18|-5.0|20.4|4.2|Present|0|648170.64
2470|1271|2021-03-07|177.8|19.7|1.9|PRESENT|25117.76|611773.3
2471|1058|2018-02-23|153.7|11.9|1.8|Present|0|849108.79
2472|1471|2017-08-22|174.7|23.8|5.0|Present|8380.61|383420.06
2473|1746|06-Aug-2021|166.0|12.9|4.5|present|39433.23|583479.97
2474|1569|04-10-2016|177.1|22.0||Absent|34955.63|619794.82
2475|1774|2024-10-07|182.5|4.6|4.2|Present|1722.29|339940.84
2476|1787|2023-12-01|193.3|12.5|3.9|Present|0|613405.67
2477|1069|04/04/2023|171.2|15.3|2.7|Present|0|667056.87
2478|1743|March 28, 2021|149.7|4.1||PRESENT||915862.14
2479|1292|2021-11-21|177.6|24.7|4.9|Absent|0|160236.66
2480|1108|11/24/2023||4.2|4.8|Leave|23214.29|194040.72
2481|1136|22-Oct-2018|138.5|11.5|2.7|Leave|0|162514.49
2482|1737|January 05, 2021|192.0|7.5|1.7|Present|2924.64|700594.04
2483|1127|17/03/21|162.0|4.0|4.8|Remote|0|878940.03
2484|1151|2024-04-04|166.0|5.7|3.8|Present|0|603289.81
2485|1441|04/05/20|133.4|21.6|3.9|PRESENT|0|500212.86
2486|1305|25/06/23|199.7|16.9|3.3|Remote|23685.39|367612.82
2487|1143|21-Jun-2022|191.3|9.9|1.4|Present|0|635565.06
2488|1691|2019-12-05|155.3|7.7|4.6|Absent|15318.6|521682.73
2489|1739|2022-10-15||11.9|3.9|Present|0|259279.17
2490|1155|28/11/19|187.4|10.7|3.9|Present|12325.89|
2491|1365|2023-05-15|163.8|2.7|3.5|present|0|644897.81
2492|1518|2022-11-10|121.1|23.8|3.1|Remote|0|898585.87
2493|1829|2020-01-09|142.5|11.0|5.0|Present|14602.83|676854.91
2494|1233|04-May-2018|178.7|19.3|1.1|Leave|0|359920.54
2495|1533|2020-12-10|165.0|10.7|4.2|Present|0|446951.56
2496|1607|September 21, 2022|144.0|20.4|5.0|Present|0|665287.1
2497|1795|2024-06-05|181.2|3.7|2.2|absent |0|618854.93
2498|1773|September 20, 2017||17.5|4.7|Present|0|841211.89
2499|1405|May 20, 2019|157.7|6.2|2.7|Leave|0|669933.87
2500|1036|09/12/2022|147.0|10.7|2.1|present|0|370681.33
2501|1668|2022-07-01|199.1|18.7|3.7|Remote|0|689565.76
2502|1477|09-04-2022|185.7|20.6|2.9|Leave|0|812890.31
2503|1371|07/08/2021||12.1|1.9|Remote||680359.98
2504|1608|October 11, 2021|167.1|15.0|2.9|Leave|32418.75|549123.05
2505|1005|21-Dec-2019|149.2||4.4|Present|0|162522.84
2506|1315|02-Aug-2021|155.3|6.5|3.9|Leave|0|226919.07
2507|1365|02-Aug-2024|123.7|7.1|1.7|PRESENT|0|234760.93
2508|1287|04-Aug-2016|157.5|18.9|2.8|PRESENT|0|242983.39
2509|1220|03/09/18|-5.0|16.2|2.8|Remote|0|828726.98
2510|1683|22/05/23|153.3|2.8|5.0|present|0|376705.42
2511|1799|02/10/19||23.3|2.7|Present|34917.9|605446.63
2512|1162|09/05/2022|141.9|11.9|4.0|Present|0|894717.83
2513|1600|September 24, 2023||10.8|1.6|Present|0|698677.68
2514|1595|May 28, 2024|144.9|0.8|2.8|Absent|23425.28|469693.58
2515|1177|16-Oct-2021|131.8|2.4|4.3|Absent|0|374538.64
2516|1704|2023-04-06|180.6||2.7|PRESENT|1408.62|258438.84
2517|1774|2015-12-09|139.7|24.7|1.2|Present|0|474739.6
2518|1555|03/17/2021|169.7|23.4|3.3|absent |32071.58|267271.34
2519|1776|2019-12-27|189.7|15.9|1.3|Present|0|398952.92
2520|1473|2023-09-06|143.4||2.9|PRESENT|0|275625.8
2521|1489|06-May-2024|152.0|20.1|2.5|Present|22054.12|695983.54
2522|1134|05-04-2020|153.3|19.8|3.7|Present|0|316363.54
2523|1540|11-01-2020|169.1|12.9|2.0|Leave|18415.83|538802.75
2524|1113|17-10-2017|132.0|0.3|2.6|Leave|1845.12|558143.33
2525|1337|19/08/20|155.1|10.7|4.3|Present|0|180371.41
2526|1162|12/20/2023|161.3|23.2|3.5|Leave|0|509756.4
2527|1264|2023-07-18|179.3|12.0|2.7|absent |31193.57|880441.14
2528|1654|December 15, 2024|138.5|14.2|2.0|Absent|0|657333.32
2529|1048|July 27, 2018|152.9|24.2|3.6|absent |49774.9|447770.08
2530|1487|02-Oct-2019|136.8|16.3|4.8|Present|0|553331.67
2531|1797|01/02/2023|185.4|12.2|4.1|Absent|0|781473.55
2532|1553|March 06, 2021|143.8|13.4|4.4|absent |0|312194.39
2533|1551|27/01/21|163.1|1.1|3.5|present|0|558200.95
2534|1778|May 09, 2019|162.0|9.9|2.0|PRESENT|0|331882.71
2535|1768|09-12-2024|133.3|13.6|3.1|Present|47612.2|261910.09
2536|1317|2022-05-20|188.3|17.7|5.0|Leave|5685.74|362424.64
2537|1754|2023-12-13|152.9|19.9|3.9|Leave|0|603033.9
2538|1849|09/04/19|125.7|4.1|2.8|Present|14352.31|223627.8
2539|1338|01/10/19|195.0|19.3||absent |0|619934.62
2540|1645|10/26/2015|198.7|23.1|3.6|Leave|0|448300.34
2541|1842|04-Apr-2022|154.8|5.3|1.4|Present|0|164800.52
2542|1684|11-Dec-2021|149.7|7.1|2.3|Remote|0|623959.1
2543|1280|01/26/2021|154.9|13.3|4.7|Present|0|312606.55
2544|1665|02/04/23|185.4|18.8|4.4|Present|45975.84|155271.33
2545|1647|04-Nov-2024|156.1|20.1|4.0|present|20782.57|335906.43
2546|1604|02-Dec-2020|144.1|9.6|1.8|Absent|0|734185.85
2547|1061|23-Dec-2021|125.0|24.1||absent |0|885064.41
2548|1520|25-Nov-2024|122.9|6.4|1.6|Present|0|824378.76
2549|1444|26-Jun-2023|152.6|6.0|4.3|Absent|0|659337.98
2550|1508|November 06, 2021|156.6|10.4|3.9|PRESENT|0|302112.86
2551|1402|11-Sep-2017|194.6|0.9|4.3|present|0|710918.12
2552|1234|05/09/2016|120.9|0.3|2.2|absent |0|856956.07
2553|1781|13/02/23|169.7|17.7|4.3|Absent|0|881506.03
2554|1343|01/06/2021|142.4|3.5|4.4|Present|48044.2|800139.16
2555|1405|03/17/2024|131.4|5.4|1.4|Present|0|518615.57
2556|1017|23-Jan-2024|164.1|3.2|2.7|Present|24784.83|802325.56
2557|1058|September 22, 2023|169.5|22.5|4.0|Leave|41631.59|241481.29
2558|1283|September 17, 2024|140.5|2.7|2.8|PRESENT|0|
2559|1579|04/12/21|129.4|8.9|3.2|Present|0|560392.01
2560|1417|08/08/2024|183.1|13.9|2.3|Absent|0|461628.82
2561|1462|20-Jan-2023|175.0|10.8|3.6|Present|0|766646.44
2562|1444|11/28/2022|176.0|12.6|1.2|present|25028.2|327512.32
2563|1796|09/01/24|181.8|23.7|4.0|Remote|0|738849.77
2564|1340|20/07/23|120.3|6.7|4.1|PRESENT|0|629352.01
2565|1052|April 21, 2020|130.9|13.1|2.6|Remote|0|845839.18
2566|1850|08-01-2023|134.7|7.1|3.5|absent |35505.44|460196.06
2567|1492|07-Apr-2019|168.7|13.5|4.8|present|0|615463.53
2568|1235|09-11-2019|131.3||1.8|Absent||849445.56
2569|1022|21-Feb-2020|169.8|14.4|1.5|Present|0|339756.2
2570|1389|17-Dec-2022|186.6|2.5||Leave|0|592198.86
2571|1358|23-10-2020|165.8|22.1|4.4|absent |37887.3|826345.04
2572|1112|August 06, 2019|151.5|14.6|3.9|Present|32353.15|574712.69
2573|1437|10/07/2018|159.4|20.4|4.4|Leave|38538.57|678177.23
2574|1139|2024-01-10|162.1|7.1|2.7|Absent|779.62|653439.9
2575|1521|13/02/18|125.3|7.5|3.2|Leave|0|327114.05
2576|1284|03/10/2017|198.3|9.6||present|0|742083.75
2577|1478|21-Apr-2018|137.5|18.9|2.4|Present|22405.21|913873.02
2578|1595|2021-04-28|197.8|9.4|3.2|present|13098.44|948248.23
2579|1420|18-Dec-2022|197.0|2.7|1.6|absent |0|765908.34
2580|1398|April 13, 2019|136.0|9.0|3.3|Present|25764.22|751104.12
2581|1527|September 13, 2022|156.5|23.0||PRESENT|43424.98|650367.03
2582|1690|2023-04-27|187.3|23.2||Absent|42088.23|367942.11
2583|1202|01/04/2022|194.7|2.2|2.2|present|42697.67|665325.81
2584|1246|01/13/2023|120.0|9.0|1.1|Present|19867.42|663721.33
2585|1467|06/12/23|168.0|2.7|4.7|Present|1712.18|799325.29
2586|1161|06/07/2023|137.1|22.3|3.2|present|0|859219.44
2587|1659|25-04-2023|127.9|7.1|2.7|Leave|0|275209.77
2588|1818|11/06/17|162.9|5.8|1.0|present|23099.99|648693.3
2589|1392|21-Oct-2021|179.7|||Present|0|172407.89
2590|1125|October 17, 2020|149.8|16.8|2.0|PRESENT|0|447767.12
2591|1477|2021-09-22|179.6|19.5|4.9|Remote|1882.47|244995.76
2592|1450|05-02-2024|132.7|13.1|2.0|absent |0|851800.59
2593|1577|September 23, 2018|134.1|10.4|3.3|PRESENT|0|714793.84
2594|1685|26-Oct-2023|134.5|13.4|1.4|Absent|0|354176.3
2595|1849|2022-05-17|158.6|11.4|2.7|PRESENT|34170.79|591470.59
2596|1699|23-May-2020|159.4||3.2|Present|40262.92|384500.03
2597|1246|26/02/24|123.6|15.6|1.9|Present|0|707589.8
2598|1073|04-05-2021|154.0|8.2|2.4|Present|29464.76|314573.37
2599|1679|16-May-2021|183.1||3.9|PRESENT|0|688888.29
2600|1230|11/07/2022|186.0|1.2|1.5|Remote|0|290205.46
2601|1414|07/03/22|151.1|4.1|2.4|Present|0|187686.74
2602|1083|03-May-2020|174.3|4.7|3.6|Absent|29689.36|556445.82
2603|1646|05/18/2023|171.8|3.3|3.6|Present|0|810850.28
2604|1604|January 01, 2017|139.2|2.3|1.8|Leave|3557.47|236772.75
2605|1195|December 01, 2022|149.8|21.7|3.1|Absent|0|722195.88
2606|1392|03-Aug-2015|170.8|19.0|2.6|Present|0|846423.91
2607|1849|13-May-2020|161.6|10.5|1.8|absent |0|633326.54
2608|1013|19-05-2016|138.5|20.7|3.1|Absent|0|759434.44
2609|1222|21-Jul-2024|175.7|18.2|2.3|Present|41814.2|339025.5
2610|1712|26-Oct-2020|142.5|8.8|3.9|present|0|629484.19
2611|1551|December 07, 2017|136.6|5.6|3.6|Present|0|328295.94
2612|1396|04-01-2022|136.6||4.7|Leave|0|559523.74
2613|1824|2022-08-22|197.9|4.5|1.1|PRESENT|0|304605.22
2614|1696|07/01/23||22.4|2.1|Present|30342.85|804830.18
2615|1656|2021-12-07|161.2|10.3||Absent|17026.23|722755.03
2616|1626|January 17, 2024|179.6|23.2|3.0|Present|0|835853.05
2617|1276|09/15/2023|123.0|2.8|4.6|Present|0|935982.51
2618|1140|November 27, 2016|136.2|22.6|2.8|present|0|936121.41
2619|1500|2017-06-05|143.1|1.5|2.6|absent |20118.77|810102.8
2620|1730|08-Jan-2023|166.6|13.8|4.7|Remote|0|707337.93
2621|1151|12/05/2018||19.2|1.1|Present|0|224333.42
2622|1754|27-Apr-2020|165.8|3.5|2.4|Present|0|287829.79
2623|1319|22-Jul-2020|170.7|22.9|2.7|Absent|0|
2624|1043|16-08-2023|156.1|13.5|1.2|absent |0|490974.35
2625|1674|November 11, 2019|189.3|4.6|1.4|Present|0|811324.02
2626|1231|11/07/2022|169.7|19.5|1.6|present|0|213298.99
2627|1364|01/14/2024|164.4|21.1|2.8|Remote|0|724646.7
2628|1353|08/26/2019|183.2|15.7|2.8|Present|25294.86|618603.89
2629|1085|October 10, 2018|185.3|23.3|1.7|Present|0|354648.95
2630|1172|08/09/2021|133.7|6.7|2.4|present|0|296724.63
2631|1407|06/05/2018|155.0|18.3|2.1|Present|0|155290.99
2632|1602|09/11/2024|138.1|3.0|1.3|Present|0|157713.31
2633|1254|07/13/2019|150.1|18.3|3.0|Present|0|496717.18
2634|1681|18-12-2019|180.1|20.3|4.5|present|0|712312.2
2635|1417|2023-07-25|125.4|21.1|4.7|Present|612.48|646706.12
2636|1112|2021-06-13|163.8|9.4|2.6|PRESENT|0|806497.56
2637|1097|07/10/2021|127.7|22.9|1.5|Remote|0|
2638|1162|March 24, 2018|176.2|23.5|1.5|Absent|35612.46|893537.95
2639|1441|July 06, 2019|159.3|14.2|3.6|Remote|0|769907.47
2640|1240|04/21/2020|||2.2|Present||471994.25
2641|1681|14/02/19|162.8|24.7|3.8|absent |39499.46|743969.45
2642|1053|2016-09-09|142.2|21.0|3.2|present||581294.29
2643|1242|08-May-2024|145.1|7.2|1.1|Present|0|553098.66
2644|1232|06/09/2020|150.1|20.8|4.8|absent |42042.02|488705.92
2645|1625|06-05-2019|191.9|23.6|2.5|PRESENT|0|878986.52
2646|1735|May 05, 2019|148.2|0.5|1.4|Remote||598552.53
2647|1265|16/08/22|174.8|13.4|3.4|present|0|810433.31
2648|1397|14-12-2019|126.3|9.4|3.6|Absent|9916.41|636769.0
2649|1632|12/01/21||13.7|3.7|Absent|0|305274.36
2650|1286|14-Feb-2023|149.4|12.8|4.9|Present|15013.52|739115.94
2651|1625|25-05-2018|120.3|24.2|2.8|Absent|0|938044.55
2652|1741|December 03, 2022|191.2|20.4|2.6|Present|35910.33|265020.77
2653|1279|14-Sep-2022|161.9|12.6|2.3|Present|0|400791.04
2654|1351|16-11-2020|173.9|2.9||absent |30089.03|299368.05
2655|1090|03/03/2020|138.5|4.3|2.8|Present|0|212507.76
2656|1059|19-Feb-2016|183.8|0.0|2.2|Present|0|551631.01
2657|1159|17-Oct-2024|183.7|19.7|1.6|Leave|0|229005.13
2658|1177|10-06-2024|154.3|20.2|3.0|Leave|10976.16|844457.36
2659|1777|2018-03-10|120.3|19.0||present|0|837686.03
2660|1249|15-Jul-2020|144.3|7.6|4.5|PRESENT|0|706590.67
2661|1317|2023-09-27||10.2|5.0|PRESENT|0|367448.99
2662|1155|09-Jun-2021|192.8|10.3|4.7|Present|0|769473.57
2663|1642|June 09, 2024|163.8|12.9|4.7|Leave|26579.28|
2664|1231|November 27, 2021|164.8|9.6|3.3|Absent|40343.47|308997.35
2665|1676|11/20/2021|140.8|13.8|2.3|Present|0|357777.81
2666|1134|07-09-2023|140.2|10.2|3.4|Present|0|460862.65
2667|1375|12-Dec-2021|138.9|19.6|2.1|Leave|17603.14|680809.72
2668|1172|2020-03-08|191.8|19.0|2.2|Present|0|643974.93
2669|1741|February 11, 2024|157.6|6.2|1.4|Present|0|317126.02
2670|1712|13-03-2021|177.5|14.3|2.3|Leave|0|797995.92
2671|1239|18/09/22|126.2|14.3|4.8|absent |0|293760.75
2672|1642|13-Nov-2024|162.9|2.3|2.5|present|0|765304.19
2673|1711|12/01/2018|165.1|3.8|4.0|Absent|0|765343.08
2674|1494|2024-01-02|124.8|11.9|2.4|Present|0|731572.4
2675|1777|2022-05-07|131.8|6.6|3.1|Absent|0|847762.86
2676|1344|19-02-2022|141.4|2.1||Remote|0|838806.43
2677|1704|13-May-2021|165.9|24.8||present|0|663846.73
2678|1787|September 23, 2023|163.0|19.0|1.0|Present|0|323895.4
2679|1226|19-10-2021|148.0|7.3|1.3|PRESENT|46973.59|764900.93
2680|1334|06-Jun-2023|135.3|9.8|3.4|PRESENT|0|321514.03
2681|1802|27/03/24|130.3|10.4|3.7|Present|0|528596.14
2682|1647|02/19/2015|148.8|20.6|3.9|Remote|0|615422.07
2683|1350|2022-03-03||9.8|2.7|Leave|0|195276.1
2684|1313|02-Apr-2022|141.9|8.8|3.0|Present|0|836717.5
2685|1299|2024-08-10|183.4|7.7|2.3|Present|0|666375.86
2686|1168|23-Oct-2020|195.4|5.9|2.4|Absent|0|402331.77
2687|1106|05-Mar-2020|176.6|2.2|2.9|present|0|694572.79
2688|1287|March 26, 2021|143.8|13.9|1.6|PRESENT|0|834457.27
2689|1470|04/26/2022|167.1|13.5|3.4|Present|0|
2690|1686|01-Sep-2017|153.8|3.9|2.3|Present|0|384496.06
2691|1134|22/09/20|131.7|14.9|4.2|Present|0|175437.55
2692|1249|27-05-2024|128.7|7.8|3.9|present||
2693|1213|27-Jul-2023|161.8|7.6|2.2|absent |0|556431.14
2694|1845|2021-09-18|188.2|18.3|1.5|PRESENT|0|511166.51
2695|1073|2020-03-21||6.8||Present|0|480830.49
2696|1729|01/28/2023|164.3|7.7|4.6|Present|36023.03|307672.92
2697|1201|2022-12-04|129.0|5.8|4.0|Present|0|288371.35
2698|1061|August 17, 2018|178.9|4.1|1.3|Present|0|195979.09
2699|1778|18-Sep-2019|161.0|8.1|2.8|Leave|0|373506.22
2700|1120|2022-08-26|184.6|21.0|2.2|Absent|0|653593.23
2701|1355|2021-05-02|144.8|9.5|4.4|Present|0|880193.29
2702|1612|07-Oct-2020|-5.0|1.1|3.5|Present|35672.65|300699.73
2703|1674|2020-07-12|194.3|4.7|2.3|Leave|48063.7|242617.47
2704|1166|January 27, 2024|128.9|4.6|1.4|present|0|940460.88
2705|1732|28-Dec-2021|171.7|13.3|3.7|Present|0|568198.09
2706|1737|23-Jan-2022|178.5||3.1|present|0|854528.2
2707|1304|26-Dec-2017|180.7|8.5|1.7|Absent|0|796526.06
2708|1195|2017-01-05|-5.0|6.3|2.4|Present|0|284963.6
2709|1249|2023-12-09|156.7|6.7|4.9|Present|0|590454.95
2710|1360|13-Jun-2020|131.6|13.5|2.7|Present|10332.93|935727.48
2711|1008|05-09-2020|197.3|8.3|3.3|Present|0|624186.45
2712|1744|June 11, 2023|120.3|20.7|2.4|Absent|0|365396.78
2713|1006|07-04-2024|199.0|7.4|1.8|Present|0|448774.28
2714|1621|23/11/21|150.1|||PRESENT|36521.79|678806.64
2715|1546|2024-01-10|176.5|21.3|1.6|present|0|879223.73
2716|1827|09/24/2020|172.8|15.8|1.8|Present|10878.34|720783.14
2717|1657|07/11/23|191.8|7.8|4.7|Present|0|513466.97
2718|1327|June 18, 2023||3.8||absent |0|305464.43
2719|1061|2018-03-22|129.0|14.3|4.0|absent ||786115.09
2720|1198|January 20, 2024|126.5|0.0|3.1|present|28354.68|814541.63
2721|1738|03/19/2024|171.5|1.9|4.4|PRESENT|0|
2722|1424|2023-06-22|199.2|11.0|4.3|Absent|0|186892.99
2723|1464|11-Jul-2019|137.1|2.7|1.7|Present|0|229801.18
2724|1726|16/06/23|130.4|5.3|2.3|Present|25305.39|771286.7
2725|1653|02/06/2021|123.2|16.9|1.6|Present|0|885618.71
2726|1546|06-07-2023|180.6|24.9|1.1|Present|0|646389.21
2727|1507|12/11/2023|133.3|14.5|2.9|Present|0|283203.9
2728|1241|28-06-2019|152.0|21.7|3.2|Present|14739.45|939045.23
2729|1482|02-May-2017|126.0|19.3|1.7|Present|0|874723.38
2730|1622|10/07/2022|127.1|1.8|3.5|absent |0|419870.31
2731|1214|04/22/2022|165.4|1.5|3.0|Remote|48553.15|881681.16
2732|1053|2018-01-17|153.0||2.4|absent |0|881625.6
2733|1396|2023-04-21|142.0|16.9|2.8|Present|0|376096.87
2734|1072|09/02/21|198.5|23.1|1.7|Present|0|933443.4
2735|1106|22/08/20|185.5|3.9|3.8|Present|0|744378.95
2736|1068|2022-09-24|144.3|11.9|2.2|PRESENT|0|690604.41
2737|1002|04/17/2023|-5.0|0.3|3.6|Present|7136.63|771044.46
2738|1508|2017-04-06|192.0|9.1|4.7|Present|0|873223.75
2739|1467|September 28, 2015|168.3|15.9|2.4|present|0|498435.16
2740|1363|April 24, 2022|145.2|9.7|4.1|PRESENT|0|939074.71
2741|1741|08-04-2020|164.2|15.7|4.2|Absent|47764.4|456036.33
2742|1166|28/03/19|128.7|24.9|1.1|Present|31873.93|260575.08
2743|1645|16-11-2020|131.5|3.7|3.4|Present|0|
2744|1025|05/04/2018|141.3|10.2|2.1|Present|29237.64|816567.63
2745|1518|09/04/23|179.4|9.8|4.6|present|0|273611.12
2746|1215|11-04-2021|143.3|24.0|3.1|Absent|0|417600.09
2747|1181|05/07/22|133.0|21.3|3.0|Leave||830858.21
2748|1448|05-10-2019|165.4|8.7|1.8|Present|0|359820.7
2749|1433|October 22, 2019||1.8||Absent|0|355335.37
2750|1103|2022-09-08|148.6||3.8|Present|0|491215.25
2751|1420|2019-12-07|121.4||2.8|present||229038.71
2752|1248|01-Feb-2015|181.6|8.0|3.2|Present|30464.6|832509.82
2753|1207|2021-09-18|188.8|19.3|3.3|present|41592.28|942072.48
2754|1841|08/15/2021|164.4|6.0|1.6|Absent||298396.73
2755|1435|14-06-2024|169.0|22.5||absent |9309.17|395504.27
2756|1225|01-Apr-2023|182.0|23.0|4.4|Leave|0|276493.48
2757|1201|04/07/2023|148.2|19.0|2.1|PRESENT|13992.36|861907.95
2758|1229|February 19, 2023|197.5|8.3|1.5|Present|48534.04|920176.76
2759|1312|2020-07-19|145.2|9.7|3.4|absent |0|538517.32
2760|1204|26-04-2020|126.2||3.0|Present|0|850543.19
2761|1239|16/02/22|140.6|11.6|1.5|Absent|0|485986.09
2762|1222|02-06-2016|126.8||3.7|present|26650.12|233103.06
2763|1392|2018-03-08|159.3|23.3|1.0|Present|26104.59|743977.57
2764|1537|11/05/22|175.1|13.4|4.4|Leave||897521.35
2765|1476|01/04/2021|169.8|18.1|3.3|Present|0|802762.03
2766|1254|August 15, 2024|174.8|22.5|1.1|present|0|350371.95
2767|1025|02/05/2017|153.3|12.3|4.9|Present|0|230100.48
2768|1020|05-May-2021|177.7|10.1|2.2|PRESENT|0|526250.97
2769|1542|06/01/2021|194.0|0.1|1.7|Leave|6802.11|809007.38
2770|1791|25/04/21|190.7|1.7|3.9|Leave|0|834136.13
2771|1826|23-07-2021|172.5|18.5|4.1|absent |0|802797.44
2772|1560|February 03, 2021|132.5|11.7|1.1|Present|0|851826.58
2773|1825|2023-11-04|136.3|18.6|3.6|present|0|424742.51
2774|1577|December 23, 2022|125.5|9.4|3.9|Present|0|358494.82
2775|1345|04-05-2021|175.9|15.2|2.0|PRESENT|44665.5|338173.27
2776|1721|01/09/2020|134.3|11.1|2.5|present|36487.99|226236.88
2777|1392|June 06, 2020|172.0|19.5|1.1|PRESENT||439859.5
2778|1764|February 03, 2022|142.8|24.4|2.2|Present|0|391959.87
2779|1228|08/01/21|143.8|17.3|4.5|Present|0|920478.85
2780|1166|May 13, 2020|121.5||2.2|PRESENT|0|360131.36
2781|1764|14-09-2022|185.3|6.0|1.5|Leave|0|475402.54
2782|1232|08/20/2018|143.0|0.8|3.6|PRESENT||661402.98
2783|1303|18-Sep-2022|183.8|2.2|1.2|Present||865364.61
2784|1807|2024-09-27|193.2|3.9|2.7|Leave|0|271543.5
2785|1353|February 28, 2024|132.0|21.3|2.0|Present|0|901119.48
2786|1657|26-07-2023|162.4|17.0|2.5|Remote|0|643179.55
2787|1392|2019-07-01|121.8|14.5|2.8|present|0|647020.12
2788|1059|17-04-2020|172.8|4.3|1.2|Remote|0|181868.17
2789|1501|08/10/23|160.8|7.7|2.9|absent |0|841248.43
2790|1229|2019-04-01|126.7|0.1|3.3|present|0|689220.66
2791|1513|14/05/19||1.7|1.3|Present|0|384668.11
2792|1420|10/25/2022|139.0|11.6|2.8|Present|40194.91|914997.44
2793|1152|12-Dec-2021|122.8|15.3|1.5|Present|0|176193.69
2794|1312|July 20, 2018|145.5|24.1|1.5|Present|0|674078.03
2795|1662|June 08, 2018|131.9|2.0|3.0|Present|25424.43|761993.21
2796|1714|06/03/24|152.1|14.6|4.3|Present|0|665045.42
2797|1637|01/10/21|156.0|6.5|2.7|Present|35037.47|252095.27
2798|1298|15-12-2016||14.5||Present|17788.15|764595.84
2799|1323|26-06-2020|135.7|9.7|2.4|absent |25342.32|170707.08
2800|1188|2024-01-21|186.5|23.3|3.8|present|0|648765.17
2801|1592|11/04/2021|134.4|10.4|2.4|Present|23861.47|497428.69
2802|1412|2024-05-12|126.7|16.2|1.7|Present|38919.08|774055.3
2803|1547|July 04, 2021|132.2|18.1|3.6|Present|0|590881.45
2804|1313|18-02-2022|146.7|21.2|2.1|Absent|0|344120.3
2805|1369|23-May-2023|156.0|10.7|3.7|Present|31156.13|336785.68
2806|1136|2022-02-26|126.1|9.7|4.4|Present|0|
2807|1752|April 06, 2016|171.5|10.0|1.3|Leave|0|618490.89
2808|1204|November 08, 2024|197.1|4.6|4.6|Present||627888.77
2809|1796|2024-04-02|179.9|12.2|4.9|Absent||456863.14
2810|1354|06/17/2018|141.1|24.1|3.0|Absent|0|239080.21
2811|1155|28/06/23|182.7|12.6|4.5|Leave|0|832437.57
2812|1395|03-11-2019|161.1|15.8|1.7|Absent||582753.73
2813|1494|2024-07-07|150.3|13.2|4.6|Present|48322.82|609747.44
2814|1231|10/26/2024|180.4|18.0|3.2|absent |38793.05|929714.38
2815|1847|18-03-2023|161.0|6.6|4.9|Present|0|505797.42
2816|1693|03/02/2022|185.8|8.3|2.2|present|0|398699.21
2817|1155|20/01/20|142.1|9.3|1.3|Present|0|166358.53
2818|1848|April 28, 2022|173.0|8.5|1.0|PRESENT|0|359819.13
2819|1641|11-03-2018|143.8|4.2|1.3|Present|0|650457.91
2820|1737|10/25/2022|137.9|22.5|1.0|Leave|26801.5|472961.57
2821|1025|17-May-2023|177.5|14.9|3.7|Present|0|425208.66
2822|1742|22-Feb-2022|193.3|3.2|1.0|present|0|888937.59
2823|1107|20-Aug-2015|194.9|23.5|3.0|present|0|657809.76
2824|1537|12-Jun-2023|199.1|3.7|3.6|Present|37446.24|948520.3
2825|1016|12/12/16|189.5|11.0|1.0|absent |44054.77|856336.77
2826|1270|05/09/21|160.2|14.9|2.3|present|0|723690.83
2827|1327|18-Jun-2024||18.0|2.8|absent |19138.12|265664.94
2828|1785|March 28, 2020|165.6|10.5|4.9|Present|34933.07|898744.32
2829|1300|April 01, 2018|164.8|13.0|3.9|present|0|938262.04
2830|1563|16-12-2021|122.0|5.1|4.5|Present|0|863574.88
2831|1657|June 19, 2023||6.3|4.9|Present|0|941616.79
2832|1049|2017-11-21|157.1|23.8|3.1|Leave|30051.92|636760.51
2833|1849|12/02/18|179.0|16.4|3.2|Present|0|202977.17
2834|1151|February 28, 2016|172.0|8.9|1.2|Present|0|469720.57
2835|1310|January 12, 2024|168.4|12.4|4.7|Present|0|436524.86
2836|1572|17-01-2022|142.0|16.2|3.8|Leave|0|916922.12
2837|1235|2022-08-02|122.6|10.6|2.3|Present|0|267249.64
2838|1520|01/08/2018|154.4|7.9|2.7|PRESENT|0|757372.49
2839|1162|05/10/19|122.4|21.3|1.5|Remote|0|351447.04
2840|1618|06-Mar-2020|197.5|20.5|1.1|Leave||753694.97
2841|1270|04/01/2021|160.4|4.6|3.9|PRESENT||771372.72
2842|1203|February 12, 2022|170.9|0.9|2.7|Present|37622.07|203560.91
2843|1691|11/04/24|128.6|1.5|3.6|Present|6650.18|652783.15
2844|1655|20-05-2023|163.3|16.3|2.7|Leave|26531.93|554422.38
2845|1326|26/12/20|188.4|4.0||PRESENT|0|916610.32
2846|1783|July 26, 2023|140.5|8.1|1.8|Leave|0|
2847|1554|July 21, 2021|157.4|12.2|1.4|Present||832182.23
2848|1208|April 12, 2024|145.8|20.1|4.3|Absent|0|285521.48
2849|1785|June 20, 2022|120.4|23.4|2.6|Leave|707.11|590895.37
2850|1451|August 08, 2024|140.5|20.5|4.0|Absent|38326.81|504852.45
2851|1030|May 26, 2023|145.7|4.1|2.5|absent ||356188.28
2852|1753|August 06, 2024|130.6|11.8||absent ||552861.27
2853|1334|19-Aug-2024|178.5|17.7|2.7|present|0|171379.98
2854|1563|04-08-2023|170.8|2.2|1.4|absent |0|153694.56
2855|1420|13-04-2019|143.1|11.5|1.6|Present|0|241000.46
2856|1195|2016-04-27|187.7|16.6|3.1|PRESENT|42513.65|822392.85
2857|1629|26-07-2022|130.7|16.3|1.6|Present|0|201554.25
2858|1559|19-09-2017|155.0|10.9|1.1|present|38068.64|802144.92
2859|1404|November 01, 2020|151.5|14.4|3.5|Present|4652.4|757598.78
2860|1239|10-Jan-2021|135.8|10.4|4.7|present|0|899399.99
2861|1557|February 06, 2024|180.5|9.9|3.9|Present|0|234966.24
2862|1830|05-01-2024|140.0|4.8|2.5|present|0|343975.81
2863|1724|2018-08-15|137.6|4.6|1.1|Present|0|549790.02
2864|1313|20-10-2023||20.6|4.0|present|0|365570.44
2865|1425|March 11, 2019|177.8|24.5|3.9|Present|0|246003.5
2866|1747|November 15, 2021|-5.0|23.4|4.8|Present||658423.15
2867|1815|February 28, 2020|137.9|10.7|3.1|Remote|0|677156.39
2868|1166|19-Oct-2018|120.6|14.9|2.7|present||326391.13
2869|1623|03/16/2023|139.3|16.5|4.4|absent |1447.33|185652.19
2870|1252|11/16/2018|168.0|16.2|4.6|Present|0|287825.73
2871|1281|19-04-2024|142.7|22.5|1.3|Remote|0|218816.04
2872|1797|09/23/2022|143.6|18.8|2.7|Present|0|323727.14
2873|1817|October 03, 2023|170.3|16.5|1.2|absent |0|161501.39
2874|1626|23-03-2017|154.6|1.9|2.8|present|0|631062.0
2875|1181|11-Feb-2021|193.0|17.6|4.9|absent |0|926734.52
2876|1413|13-05-2024|130.2|13.9|2.3|absent |0|845726.66
2877|1426|February 24, 2019|134.2|6.9|2.7|Present|0|498336.09
2878|1802|September 24, 2022|151.1|2.0|2.4|PRESENT|0|450898.09
2879|1632|August 27, 2022|198.7|19.5|3.4|Absent|36870.7|543827.14
2880|1303|11/05/2023|129.6|24.1|1.7|Present|0|189544.42
2881|1006|August 15, 2020|176.8|2.7||Present|0|
2882|1602|February 06, 2023|169.3|5.8|3.6|Present|0|238185.4
2883|1528|11-02-2024|139.7|19.4|3.2|present|0|929351.92
2884|1512|09/03/2024|187.6|12.6|2.8|Absent|0|321661.51
2885|1645|2024-06-08|186.7|16.2|2.3|Present|0|596734.25
2886|1149|21-11-2019|147.4|14.5|1.7|Present|0|842724.81
2887|1848|December 07, 2024|198.4|12.5|2.9|PRESENT|0|628666.92
2888|1645|05/02/23|165.7|6.8|4.9|PRESENT|3705.97|689893.41
2889|1617|27/09/22|155.5|12.8|4.7|Remote|0|395109.23
2890|1182|October 09, 2022|165.6|5.6|1.7|Present|0|818474.04
2891|1529|April 20, 2022|155.1|22.0|3.5|Present|40300.31|214194.71
2892|1041|05/20/2024|163.6|20.1|1.4|Present|0|284417.63
2893|1338|2017-08-05|182.5|6.8|2.2|Remote|28597.37|328309.52
2894|1635|05/12/19|172.3|9.8|2.3|Present|0|870880.73
2895|1001|10/17/2020|138.8|17.6|1.1|Leave|0|355804.9
2896|1712|27-07-2024|153.0|24.6|4.4|Leave|30373.91|782181.42
2897|1185|05-09-2021|122.0|9.1||Present|0|154626.46
2898|1193|November 01, 2023|-5.0|4.5|4.4|Leave|0|652636.35
2899|1181|March 28, 2022|-5.0|14.8|4.4|present||549274.03
2900|1617|2022-11-04|199.3|0.8|3.9|present|0|370549.03
2901|1660|2024-12-18|165.0|18.0|4.5|Present|0|
2902|1545|10-01-2024|133.5|0.4|4.3|Present|0|461449.28
2903|1580|13-Sep-2022|190.2|17.9|1.8|Present|49054.43|487139.49
2904|1049|May 20, 2022|128.7|5.8|4.6|Remote|32912.52|237161.57
2905|1172|September 10, 2021|194.0|19.4|2.6|absent |0|819509.96
2906|1086|02/19/2024|178.7|6.4|1.6|Leave|23527.18|581929.35
2907|1789|15/10/21|126.5|15.9|3.1|Present|0|864210.24
2908|1538|October 03, 2023|181.3|20.0|2.3|Absent|0|900763.33
2909|1207|06/12/2022|160.3|20.5|2.2|absent |0|400296.02
2910|1276|May 02, 2023||24.4|1.1|Leave|5113.23|179249.07
2911|1144|2023-06-08|173.7|19.3|2.4|Leave|0|217134.51
2912|1788|18/11/22|165.9|7.5|2.1|PRESENT|0|550206.0
2913|1322|03/21/2019|196.0|6.1|2.8|Remote|0|287952.92
2914|1243|June 23, 2021|135.8||3.2|Absent|40348.84|
2915|1680|02-Mar-2024|193.8|18.9|3.3|Present|5832.33|256682.24
2916|1282|2019-11-17|192.3||1.9|Present|0|231160.42
2917|1822|06/10/24|158.6|0.4|1.6|absent |0|519400.67
2918|1429|2023-09-03|198.1|4.5||Present|0|816068.01
2919|1067|07/06/2022|172.5||2.2|Absent|0|537707.55
2920|1106|08/11/21|164.6|13.7|1.5|absent |0|640226.74
2921|1812|December 02, 2024|163.6|2.9|1.9|present|0|548172.01
2922|1265|23-Dec-2021|165.4|0.2|1.6|absent |12476.48|693932.77
2923|1126|09/25/2023|149.3|11.9|3.2|Absent|3928.82|665216.14
2924|1846|May 07, 2023|159.1|11.4|2.2|Present|41803.19|691690.21
2925|1056|17-07-2022|170.1|2.6|1.0|Leave|0|604103.92
2926|1410|2022-02-25|158.0|19.4|2.0|Remote||449341.54
2927|1266|20-07-2020|192.5|8.6|2.3|Remote|0|303578.7
2928|1351|03/17/2021|139.4|21.6|2.0|Present|0|595607.64
2929|1186|2023-07-03|139.7|5.0|3.3|PRESENT|0|909004.88
2930|1685|January 27, 2021|192.3|15.4|3.5|Absent|0|370984.18
2931|1402|03-08-2017|195.0|2.8|3.8|Present|37212.86|221250.74
2932|1354|11-Dec-2023|120.6|19.7|1.9|Present|0|483253.7
2933|1498|2019-05-18|126.0|15.7|3.9|Remote|0|360309.74
2934|1168|14-Oct-2021|156.5|16.7|3.0|Remote|0|730870.36
2935|1020|08/21/2019|198.9|11.5|3.1|present|0|830627.29
2936|1578|2016-02-04|154.4|12.6|1.5|Present|0|684699.8
2937|1626|03/09/2018|152.5|7.9|1.6|Present|0|174539.33
2938|1143|January 28, 2017|-5.0|24.1|2.7|Remote|0|415111.05
2939|1198|August 13, 2022|155.3|21.6||Present||692864.72
2940|1251|23-Jun-2022|174.6|9.8|3.1|Leave|19696.01|588845.54
2941|1427|2024-01-27|171.9|16.0||Present|34551.03|656827.81
2942|1142|06-03-2024|138.6|10.4|2.9|present|0|510057.43
2943|1826|11-11-2023||22.4|4.6|Present|0|204618.32
2944|1063|August 15, 2019|174.1|23.4|3.8|Present|0|243844.91
2945|1072|July 16, 2019|174.1|2.5|3.5|Remote|0|859756.34
2946|1841|10-07-2016|136.5|25.0|2.4|Remote|8030.59|329087.78
2947|1108|22/07/18|159.9|24.5|2.6|Present|0|847694.86
2948|1176|25-Sep-2022|170.9|11.9|1.6|Present|0|439473.54
2949|1845|04/08/22|154.6|17.7|2.6|absent |0|355033.94
2950|1725|06/09/2024|123.4||3.0|Present|0|764691.19
2951|1171|11-07-2017|124.8|24.7|3.8|present|47934.84|647141.65
2952|1662|2024-01-09|139.3|5.2|3.0|Leave|16360.33|157583.81
2953|1004|07/10/2017|130.7|6.0|1.5|Remote|0|273832.89
2954|1231|17/06/21|146.8||4.7|Present|0|525934.3
2955|1660|28/11/24|182.4|6.9|1.4|Present|0|290419.16
2956|1229|07/05/2019|187.9|18.3|1.4|present|0|546659.53
2957|1527|27-06-2018|172.7|2.4|2.9|PRESENT|0|668007.59
2958|1243|14-04-2024|163.5|4.2|3.3|present|28920.68|191584.45
2959|1110|09/14/2024|124.2|1.7||Present|0|806777.92
2960|1383|2019-03-14|141.5|13.2|4.5|Present|26619.18|756360.64
2961|1680|July 27, 2024|136.8|3.5|1.4|Absent|43031.41|416183.68
2962|1077|17/09/21|186.6||3.4|Leave|36066.34|530672.35
2963|1131|12-May-2019|184.2|7.0|1.7|Present|0|510364.73
2964|1553|19-09-2023|199.0|11.8|1.6|Present|0|397148.92
2965|1284|August 11, 2021|181.1|20.0||absent |0|232019.41
2966|1271|March 09, 2020|179.1|21.7|1.4|Absent|7634.27|
2967|1498|08-05-2022|121.6|25.0|4.7|Present|41387.37|241867.75
2968|1813|09-02-2024|142.5|6.9||Present|29858.07|290937.99
2969|1302|06/05/23|152.5|3.0|4.9|Absent|12491.53|868372.21
2970|1426|2019-01-16|189.1|7.5|4.3|Present|35798.67|365809.61
2971|1008|18-Dec-2018|194.6|23.5|4.0|Present||715816.34
2972|1139|December 24, 2022|153.2|24.0|3.9|absent |16701.7|338797.57
2973|1198|22/08/23|135.6|14.6|4.3|Present|0|274552.74
2974|1301|15-Jul-2018|133.5|8.3|4.6|Present|0|947280.12
2975|1291|2021-06-16|169.2|7.1|3.7|Remote|0|934393.01
2976|1072|2020-04-09|177.5|1.6|3.6|Present|0|481389.56
2977|1421|04/05/17|183.5|5.8||Present|22341.75|650131.99
2978|1232|08/12/2020|142.1|14.1|3.9|Present|49604.53|478769.78
2979|1385|18/10/17|141.3|4.6|4.3|Present|0|195197.11
2980|1467|23-09-2022|157.7|6.6|1.2|Present|0|709508.88
2981|1344|15-07-2019|177.8|12.5|4.6|Present|39049.82|755715.08
2982|1616|12-08-2022|186.1|21.1|1.4|Remote|0|599030.35
2983|1665|09-Mar-2021|182.3|19.4|3.7|Present|35255.51|230693.41
2984|1807|16-06-2021|189.9|3.8|4.0|Leave|0|450133.0
2985|1281|2024-03-27|161.1|14.9|2.1|present|0|444475.46
2986|1440|June 18, 2020|146.4|11.4|2.2|Remote|0|502143.65
2987|1500|2019-04-17|168.4|5.5|4.2|Absent|28268.18|712465.11
2988|1699|01/12/22|163.2|2.6|4.9|PRESENT|0|472692.92
2989|1353|28-Dec-2019|184.5|2.9||Remote|9978.61|357175.52
2990|1743|05/15/2024|157.8|10.3|2.7|PRESENT|0|819617.98
2991|1708|2022-03-23|172.2|10.3|4.8|Leave|10489.17|486650.79
2992|1461|2022-08-22|-5.0|19.4|3.2|Present|0|356860.92
2993|1413|2024-10-07|132.3|23.3||Present|23297.11|
2994|1757|09-12-2018|196.2|15.3|4.7|Leave|0|164077.27
2995|1134|05-Apr-2022|146.1|22.8|2.7|PRESENT|4364.77|681094.49
2996|1110|October 09, 2017|198.7|21.3|4.1|absent |0|835257.54
2997|1233|03-07-2021|186.2|2.0|1.0|present|0|746398.71
2998|1702|October 16, 2024||4.3|3.4|Present|33594.11|457680.22
2999|1107|21/03/24||14.6|2.1|present|0|763478.94
3000|1487|17-11-2023|129.6|0.9|1.4|present|37666.18|315703.27
3001|1589|2023-11-10|122.5|10.8|2.6|absent |22321.82|881881.88
3002|1112|2020-04-25|170.1|1.9|2.3|Present|28052.14|920696.58
3003|1153|08-Apr-2017|124.1|21.5|2.7|present|0|919778.99
3004|1752|03/09/2016|199.3|9.4|4.7|PRESENT|0|439290.57
3005|1710|08/06/2019|162.8|4.6|1.5|Present|0|167940.06
3006|1370|21-Nov-2017|186.3|5.4|1.3|Present|0|394806.3
3007|1390|14/08/21|139.2|18.4|3.3|Remote||195091.84
3008|1368|2018-04-02|196.9|1.5|3.2|Present|0|758033.29
3009|1119|09-Feb-2021|-5.0|18.2|2.3|Absent|0|946407.01
3010|1290|03/05/2024|138.3|12.7|4.7|absent |0|898152.01
3011|1507|11/16/2015|165.0|3.8|1.9|present|0|307229.42
3012|1291|2021-10-22|160.7|2.3|3.9|Present|25295.37|452181.86
3013|1056|July 14, 2024|155.9|12.5|2.1|absent |0|734620.45
3014|1524|July 17, 2018|145.8|5.8|2.2|Absent|2705.42|401372.18
3015|1417|September 14, 2024|138.3|10.4|2.5|Remote|10813.25|628210.8
3016|1758|2019-12-23|184.9|24.5|3.6|PRESENT|0|
3017|1087|25-Oct-2016|122.0|0.8|3.5|Absent|0|375209.28
3018|1166|08/03/23|129.2|11.8|4.8|Present|7928.38|321078.38
3019|1347|09/13/2022|138.4|7.4|3.9|Present|0|458961.31
3020|1836|September 23, 2024||15.2|1.8|Absent|27354.59|714940.24
3021|1561|01/02/18|144.3|10.4|4.1|Present|0|508817.15
3022|1138|17-08-2022|181.7|4.6|1.6|Present|0|828404.65
3023|1445|04-06-2022|163.9|22.1|1.7|Present|0|478679.18
3024|1333|2016-12-06|159.3|11.4|1.4|Remote|34440.84|337762.4
3025|1357|02/09/24||12.8||Present|42043.1|593423.55
3026|1282|02/09/2021|197.4|0.4|1.6|Remote|8130.53|696449.4
3027|1741|02/05/19|175.4|22.9|3.8|Present||334215.82
3028|1252|19-Jul-2024|195.4|4.7|1.1|Remote|0|905110.51
3029|1779|03/11/15|126.0|8.5||Present|0|458557.11
3030|1225|18-07-2024|129.7|18.4|2.2|Present|3314.13|215504.62
3031|1512|28-May-2022|170.8|19.7|3.3|Present|29942.27|586250.66
3032|1729|2019-01-11|199.8|6.8|3.5|Present|14761.1|698477.55
3033|1210|19-Feb-2022|150.3|4.7|2.1|PRESENT|0|191930.07
3034|1100|November 24, 2022|165.8|18.9|1.7|Present|0|188573.92
3035|1547|05/18/2018|191.8|6.5|2.8|Present|0|787258.16
3036|1551|2018-10-16|137.1|11.4|2.1|present|0|508561.25
3037|1338|December 14, 2015|138.5|24.6|4.1|Present|0|397240.07
3038|1150|02-11-2018|122.8|3.2|3.5|Present|0|922893.86
3039|1686|10/08/20|122.6|3.7|2.9|absent |13345.85|744589.34
3040|1723|14-08-2023|198.0|12.9|1.5|absent |31677.8|215687.59
3041|1430|September 28, 2021|183.0|5.6|1.5|Leave|0|160156.63
3042|1360|November 11, 2018|197.1|22.4|2.9|Remote|0|653166.07
3043|1434|13/05/20|120.1|14.9|1.9|present|0|
3044|1766|07/14/2023|136.8|14.7|1.3|Remote|0|627117.87
3045|1666|26-Oct-2023|176.7|13.6|4.5|Present|0|310914.88
3046|1786|25/07/21|138.1|5.7|3.6|Absent|0|588044.12
3047|1691|June 12, 2019|149.1|13.6|4.3|Absent|0|733732.63
3048|1141|July 16, 2017|141.6|23.2||present|42975.64|827654.76
3049|1845|2019-10-05|173.0|5.8|1.7|Present|0|312481.0
3050|1187|2024-10-26|162.0|19.4|1.0|absent |0|
3051|1207|2023-05-09|189.5|20.0|3.9|Leave|28408.21|265461.22
3052|1849|05-02-2019|128.0|0.0|3.4|Remote|0|254953.66
3053|1334|11/22/2024|191.9|9.6|4.0|present|33113.05|807935.97
3054|1791|07/14/2022|175.0|12.3|2.7|Present|0|290284.98
3055|1325|June 08, 2023|186.4|18.3|2.1|present|26056.43|490160.95
3056|1254|2021-10-09|184.5|13.4|3.1|Present|0|
3057|1703|22/05/23|197.4|24.2|2.3|Absent|0|308052.21
3058|1474|09/20/2023|-5.0|10.8|3.2|Remote|40604.73|903521.85
3059|1290|November 24, 2023|189.7|6.3|3.2|Present|0|447854.03
3060|1413|June 06, 2022|188.5|5.5|4.1|absent |0|284358.01
3061|1344|2019-09-08|186.6|7.3|1.6|Present|0|310844.09
3062|1573|01-Apr-2021|168.6|19.9|3.4|Present|34391.37|253744.08
3063|1721|17/02/21|148.2|24.1|3.1|Present|0|763711.43
3064|1365|20-Apr-2024|145.3|10.2|4.5|PRESENT|19896.74|753235.65
3065|1433|26/11/20|165.1|3.2|1.9|Absent|0|293862.56
3066|1053|2022-10-18|187.3|0.9|4.7|Absent|28932.78|322546.97
3067|1284|02/03/2022|194.0|2.9|4.2|Present|0|240155.86
3068|1221|25/06/17|152.6|4.1|1.8|Present|0|746916.29
3069|1445|2023-11-22|174.9|5.4||Present|6304.03|
3070|1613|08/11/23|148.9|7.3|2.4|Absent|0|681279.02
3071|1802|03-Mar-2020|185.8||3.9|absent |0|267723.66
3072|1584|2023-11-05|155.4||1.7|Present|0|394320.05
3073|1320|25-Mar-2018|166.1|23.7|4.3|PRESENT|0|805077.0
3074|1002|November 13, 2023|177.8|1.2|1.0|PRESENT|0|676412.16
3075|1564|May 26, 2020|155.6|15.2|1.7|Present|0|253498.22
3076|1785|09/21/2024|167.6|7.6|2.5|Present|11975.93|921828.18
3077|1242|2022-12-12|122.0|15.2|1.1|Leave|19769.18|582680.73
3078|1646|08/27/2022|190.8|24.3|4.4|Present|0|625481.45
3079|1628|13-04-2023|169.8|14.0|2.8|Absent|0|349673.87
3080|1145|06/12/24|132.8|21.0|2.2|Present|0|157200.71
3081|1234|27-08-2018|192.9|2.1|4.8|Present|0|560881.79
3082|1796|September 26, 2022|123.7|15.9|1.2|PRESENT|0|869438.25
3083|1102|26/01/24|197.4|14.3|2.9|Present|0|534467.19
3084|1048|01-12-2019|190.1|17.8|2.9|Present|0|356882.3
3085|1284|06-06-2020|169.3|12.8|2.0|PRESENT|0|213129.32
3086|1030|03/06/21|168.7|5.8|2.1|Leave|0|763024.42
3087|1846|2019-04-22|168.3|12.8|1.7|Present|0|235872.03
3088|1429|November 04, 2021|158.5|22.9|4.0|Present|0|568532.01
3089|1619|07-Apr-2024|143.0|2.5|2.8|Present|0|677479.43
3090|1087|2017-05-14|161.1|19.5|3.1|present|23547.3|
3091|1008|08/20/2020||14.0|2.1|Present|0|544575.84
3092|1209|03/08/22|125.0|3.8|3.8|PRESENT|0|742129.47
3093|1063|19-11-2019|140.1|22.0|4.0|Present|24478.36|413783.84
3094|1498|2019-08-15|182.8|14.4|4.3|Present|0|266951.5
3095|1215|July 02, 2021|158.5|19.4|4.0|Present|0|251775.46
3096|1508|18-08-2017|134.6|4.5|3.6|Present|0|945255.22
3097|1721|21/06/22|147.2|17.5|4.5|PRESENT|0|490464.44
3098|1002|25/01/24|-5.0|21.8|2.2|absent |0|
3099|1845|December 09, 2020|181.4|7.4|1.4|present|778.0|232409.39
3100|1664|2022-08-21|147.2|14.0|1.7|Absent|3001.48|244559.75
3101|1547|03-10-2022|164.0|15.6|1.6|Absent|13314.1|457061.95
3102|1600|January 05, 2024|181.0|24.5|2.2|Remote|0|477188.28
3103|1687|18-Apr-2020|170.6|10.1|1.7|Present|7913.48|922969.29
3104|1709|07-Dec-2022|162.6|14.4|1.7|Present|0|883161.37
3105|1240|01/27/2018|173.5||4.7|Present|36275.03|562032.56
3106|1475|2023-07-09|-5.0|9.5|3.7|Present|0|824793.22
3107|1055|08/26/2022|163.2|15.1|1.5|Present|29874.88|772939.69
3108|1028|06/16/2020|192.8|5.7|4.5|Remote|0|234586.18
3109|1471|12/05/24|134.6|0.1|1.4|Present|0|411393.58
3110|1162|13-05-2023|190.1|14.3|3.8|Present|19715.37|590392.23
3111|1755|2023-05-09|183.3|3.2|1.8|Present|49604.82|383206.99
3112|1715|16/09/24|123.4|1.6|2.5|Absent|0|692273.71
3113|1495|14-01-2024|164.5|5.0|4.5|PRESENT|2972.03|557481.96
3114|1800|2016-03-20|122.7|1.5|2.1|Present|0|555236.32
3115|1826|05/10/2022|195.9|1.6|1.2|Present|30889.23|469016.0
3116|1060|16/05/21||11.1|4.0|Present|0|494579.19
3117|1721|12/09/2022|173.9|23.9|2.8|Present|0|555446.27
3118|1460|26-05-2023|127.4|11.1|3.5|present|8239.68|682452.7
3119|1055|02-03-2022|127.3|17.9||Present|0|658089.94
3120|1668|17-Mar-2022|169.4|4.8|3.2|absent |0|322978.86
3121|1684|15-05-2022|134.6||4.1|absent |0|412477.64
3122|1502|13-01-2022|178.4|6.0|4.3|Present|0|741228.65
3123|1731|09-12-2023|173.8|2.1|2.3|Present|0|695985.54
3124|1270|17-10-2024|144.9|3.6|3.8|Present|31480.61|463280.46
3125|1467|02/03/2022|157.1|1.7|3.0|Present|0|219819.0
3126|1848|August 20, 2023|160.2|17.8|4.5|absent |0|318561.2
3127|1063|September 09, 2021|154.6|14.5|4.4|present|0|352643.21
3128|1416|2020-10-17|||1.9|Leave|34600.13|382876.01
3129|1567|2022-09-15|143.1|10.4|3.7|Present|0|529864.85
3130|1561|04-05-2021|145.5|24.5|3.9|absent |7584.48|478313.5
3131|1242|19/04/22|144.8|15.0|3.9|Present|44358.93|733033.43
3132|1337|04-06-2020|150.0|24.7|4.7|Present|18705.54|889946.6
3133|1149|28-09-2021|151.5|21.8|3.7|PRESENT|0|905052.05
3134|1661|17-Apr-2024|123.0|8.0|1.3|Remote|0|179844.79
3135|1086|October 15, 2024|158.9|14.2|4.4|Present|0|520034.46
3136|1595|28-07-2022|135.0|24.4|4.0|PRESENT|0|936693.34
3137|1202|2024-04-24|140.8|0.0|1.5|Present|0|259589.16
3138|1150|17-May-2019|149.8|8.8|2.4|Present|0|808675.5
3139|1138|2024-03-13|191.1|21.1|1.0|Present|0|573110.68
3140|1006|07/02/16|168.4|6.1||Present|0|555970.9
3141|1500|09-Oct-2024|161.2|18.3|4.4|present|713.59|774929.05
3142|1356|May 22, 2023|171.6|16.3|2.3|Remote|0|279517.3
3143|1004|04/05/2023|159.7|11.7|3.1|Present|0|472974.79
3144|1371|16-06-2023|164.2|19.1|2.5|Present|0|692850.16
3145|1495|02/04/16|167.0|24.0|1.3|Present|0|893800.6
3146|1204|April 10, 2022|161.7|6.8|3.8|PRESENT|0|167244.13
3147|1249|2022-05-27|133.5|17.4|1.1|Present|27184.68|856268.5
3148|1343|14-May-2024|186.0||4.0|present|30924.11|767604.24
3149|1174|25/09/24|166.8|3.7|3.5|Present||273164.38
3150|1526|04/20/2017|165.2|21.2|3.6|Remote|27579.32|684177.23
3151|1073|04/26/2019|130.0|0.2|2.6|Present|0|291092.16
3152|1026|July 24, 2024|136.9|18.9|1.6|Leave|0|873930.65
3153|1564|08-Nov-2020|-5.0|23.1||present|0|832603.47
3154|1331|11-Apr-2020|122.6|12.1|1.2|PRESENT|0|749582.78
3155|1498|18/10/22|196.4|24.3|5.0|Present|45991.41|919273.37
3156|1780|10/13/2021|189.1|22.5||PRESENT|0|177983.4
3157|1827|12-May-2023|164.3|24.7|3.2|Present|0|793755.09
3158|1291|October 01, 2022|188.8|12.3|1.7|Present|0|547216.84
3159|1848|09/09/21|144.7|12.3||Absent|0|379146.06
3160|1053|2024-10-23|163.1|24.8|2.6|Present|0|497194.1
3161|1201|09-05-2022|198.6|7.9|1.5|Present|0|524002.43
3162|1166|2018-01-17|142.7|2.1|2.7|Present|18798.44|593639.83
3163|1257|01-01-2024|167.0|17.8|3.9|Present|0|240086.28
3164|1122|2020-10-27|133.4|13.2|1.9|Present|0|245338.92
3165|1284|25-05-2019|138.7|14.0|1.8|absent |0|851673.5
3166|1213|2020-06-17|192.1|23.3|3.3|Present|6967.3|734403.39
3167|1829|21-03-2021|182.3|8.6|3.1|Absent|10337.42|534927.09
3168|1369|August 27, 2022|132.3|5.6|2.9|Present|0|227030.59
3169|1252|15-09-2017|120.8|11.9|1.7|present|2747.07|224488.99
3170|1098|01-Sep-2021|163.7|7.3|3.0|Present|750.98|942164.64
3171|1182|2023-05-14|134.6|9.5|2.5|Present|41336.89|375234.84
3172|1471|05/02/24|155.8|14.5|3.0|Present|0|567627.23
3173|1555|04-Aug-2024|167.2|18.8|3.5|PRESENT|0|512059.97
3174|1316|2023-12-03|155.3|17.8|1.9|Present|23300.29|295738.07
3175|1673|April 02, 2023|128.1|3.7|2.9|Present|0|646369.77
3176|1591|2019-05-03|177.1|21.0|1.2|Absent|47165.86|680708.45
3177|1354|April 09, 2016|138.9|24.7|2.6|Present|0|880030.01
3178|1540|28-Sep-2023|133.2|21.2|3.4|absent |0|285911.87
3179|1165|28-Sep-2023|140.7|14.5|2.8|Present|0|383841.33
3180|1513|2024-06-18|158.8|4.8|2.4|Present|27752.49|751341.64
3181|1160|28-Jul-2017|132.7|19.9|1.4|Present|0|624359.12
3182|1584|28/04/21|192.1|3.1|4.9|present|0|
3183|1149|February 12, 2024|154.4|14.4|2.6|Remote|0|438466.88
3184|1654|06/25/2022|161.4|2.7|3.3|Present|22262.42|380721.51
3185|1497|November 25, 2024|153.6|7.8|2.4|Remote|0|631210.95
3186|1600|05/06/2024|192.4|12.0|1.9|absent |0|678587.57
3187|1181|June 25, 2020|172.9|2.3|3.9|PRESENT|0|440415.46
3188|1338|2015-07-10|122.8|3.9|3.7|absent |17217.76|578360.35
3189|1841|03-05-2019|133.6|23.3|2.0|Present|0|670934.47
3190|1623|17-07-2018|178.6|17.0|2.5|Leave|0|425507.74
3191|1688|2023-07-19|147.0|23.7|2.1|Remote|0|908974.19
3192|1453|17-02-2021|139.8|20.0|1.4|Remote|0|663673.82
3193|1236|09-Jun-2024|195.4|6.7|1.7|absent |0|666973.08
3194|1059|03/02/19|194.1|17.2|1.6|Remote|0|
3195|1013|01-Mar-2018|184.4|4.6|1.8|Present|23625.64|515813.45
3196|1086|2021-01-12|159.0|10.6|3.3|Present|0|201544.77
3197|1151|11/04/23|132.2|9.6|1.1|Leave|0|585475.83
3198|1271|17-Apr-2024|185.2|14.4|4.2|absent |0|353143.63
3199|1476|2018-11-02|164.4|2.9|1.6|absent |40746.8|283586.17
3200|1724|04-Oct-2016|134.5|8.3|2.7|present|0|489686.77
3201|1284|2023-03-28|121.7|24.5|4.5|Present|0|730016.77
3202|1346|November 11, 2019|182.7|21.6|3.5|Leave|0|
3203|1649|22/03/20||12.4|1.2|present|0|324138.33
3204|1734|25-07-2022|177.6|1.4||Leave|0|243345.89
3205|1325|01-08-2016|193.0|10.5|2.3|Present|0|170498.77
3206|1061|April 28, 2021|174.9|23.9|3.7|Absent|22183.16|535490.83
3207|1434|21-Jul-2019|128.1|6.1|2.3|Present|0|427418.82
3208|1636|18-Jun-2021|190.6|23.2||absent |10589.17|151191.73
3209|1801|04/07/2022|188.8||3.2|Remote|34051.08|929109.97
3210|1697|06/11/24|178.8||1.6|Leave|0|330948.17
3211|1709|02/04/24||6.5|3.8|Present|0|585004.9
3212|1679|08-Jan-2022|197.2|14.7|1.8|Present|0|406463.39
3213|1391|October 14, 2024|139.1|12.7|4.4|Leave|0|811299.1
3214|1051|May 23, 2023|176.5|21.7|2.9|Remote|18501.5|596445.52
3215|1847|17/12/23|135.3|12.1|4.5|Present|0|540434.45
3216|1508|2022-12-04|127.8|6.3|2.2|Present|0|190522.39
3217|1313|27-Jul-2016|153.5|7.7|4.8|Absent|0|477790.08
3218|1545|July 01, 2022|126.6|3.6|1.5|absent |10957.61|767366.03
3219|1212|2019-12-17|197.4||1.5|present|49920.7|783551.53
3220|1005|07/19/2024|175.0|6.6|1.6|Present|0|888316.76
3221|1317|22-02-2020|125.2|10.1|4.4|Leave|0|357084.13
3222|1644|13/10/24|173.9|22.0|4.2|Leave|0|154924.81
3223|1837|12/06/21|159.4|10.6|4.3|present|0|
3224|1786|25/02/21|134.6|6.0||Remote|0|758278.69
3225|1654|28-Dec-2018|130.5||2.2|present|0|454678.48
3226|1559|July 03, 2021|198.9|23.2|4.1|Leave|0|661812.81
3227|1434|16/06/24|123.2||2.9|Leave|0|297205.49
3228|1330|02-Dec-2018|132.4|19.4|4.8|Present|0|387065.84
3229|1803|25-Jul-2016|123.9|1.4||Present|0|651043.64
3230|1551|07/25/2019|156.3|10.9|4.9|Leave|0|606143.13
3231|1213|March 19, 2021|199.0|8.7|1.6|Present|47153.65|587002.67
3232|1177|27-11-2022|148.9|13.1|4.0|Remote|0|242321.83
3233|1399|September 17, 2023|190.5|5.4|3.7|Present|0|244884.34
3234|1095|December 12, 2022|132.4|20.1|4.6|Present|22226.95|440842.8
3235|1344|07-12-2017|130.8|13.0|1.4|Remote|0|189091.82
3236|1433|06-Jun-2022|120.9|6.8|2.5|present|0|487215.81
3237|1832|04/16/2019|136.8|1.4||Present|21333.48|313888.04
3238|1237|03-Jun-2024|161.6|13.8|4.7|PRESENT|0|321423.3
3239|1069|09-07-2019|164.6|24.4|4.3|PRESENT|0|504819.75
3240|1170|2023-11-25|140.9|22.2|3.2|Present|21025.36|182356.92
3241|1581|December 27, 2017|176.9|22.6|3.6|PRESENT|0|650676.98
3242|1049|26/11/16|149.0|13.8|3.3|Present|0|525388.46
3243|1136|07-Jun-2020|159.2|6.7|2.8|Present|0|231198.43
3244|1432|20/08/22|196.0|14.6|1.1|absent |0|226976.34
3245|1539|03/06/2022|128.3|12.5|4.3|Present|0|290127.95
3246|1620|May 22, 2021|131.7|4.7|1.2|Remote|0|300282.07
3247|1484|21/02/24|-5.0|21.4|2.7|Present|0|550341.29
3248|1298|12-Sep-2024|156.7|21.1|4.3|Present||516291.31
3249|1534|2018-02-24|198.4|14.3|3.6|PRESENT|0|
3250|1538|2021-01-21|198.4|18.8|3.1|absent |0|213352.82
3251|1220|03/14/2021|191.2|16.5|4.0|Present|0|
3252|1052|2024-04-11|162.6|1.5|2.7|Present|0|312036.6
3253|1292|27/06/23|177.7|17.3|4.1|present|0|467302.08
3254|1423|23-Nov-2024|192.1|13.9|1.5|Present|0|236431.1
3255|1728|May 22, 2020|140.1|13.4|1.9|Leave|0|564508.06
3256|1158|25/10/24|152.6|6.9|1.5|absent |0|912555.15
3257|1613|2022-05-12|194.0|2.6|4.6|Present|0|185808.78
3258|1560|July 19, 2020|184.9|23.2|2.4|Leave|0|681858.06
3259|1352|27/12/22|135.6|7.2|4.9|PRESENT|0|423151.12
3260|1023|2023-08-16|185.0|23.2||Leave|0|499134.17
3261|1797|February 06, 2023|124.8|24.4|1.7|Absent|0|298739.97
3262|1007|19-04-2015|187.3|17.4|3.0|Remote|0|255169.48
3263|1058|13/12/24|179.9|4.6|3.3|absent |0|380788.21
3264|1360|2018-08-19|198.8|4.1|4.4|Leave|38852.04|338737.01
3265|1762|June 19, 2023|126.9|7.4|4.8|Absent|0|704445.82
3266|1355|24-Sep-2023|141.7|11.5|3.6|PRESENT|0|556805.19
3267|1165|11-11-2023|177.9|3.7|3.0|Leave|49924.44|829111.88
3268|1005|March 13, 2024|152.7|0.6|4.6|present|0|650825.91
3269|1507|05/10/2018|196.9|5.6|4.8|Remote|0|461235.51
3270|1272|March 13, 2024|169.1|10.8|1.8|Present|0|413172.21
3271|1201|2016-05-21|152.5|18.4|1.7|Present|0|924324.68
3272|1387|11/03/21|149.7|1.9|1.1|Present|0|249221.06
3273|1679|10/02/22|181.3|21.9|4.0|Remote|0|364636.2
3274|1111|September 07, 2024||6.7|2.4|Present|0|452715.43
3275|1504|18-Feb-2022|184.9|8.4|3.6|Present||374025.0
3276|1216|09/04/2022|135.2|8.6|2.3|Remote|5941.92|516107.64
3277|1613|20/07/23|122.0|22.2|1.4|PRESENT|0|315614.66
3278|1105|19/08/20|128.6|17.4|2.8|Present|0|466220.99
3279|1686|17/07/17|171.9|15.5|3.5|absent |0|736498.15
3280|1352|June 27, 2021|158.1|9.1|2.8|Present|0|818423.79
3281|1287|2017-11-08|154.3|14.0|3.9|present|0|455705.31
3282|1645|2016-05-23|163.5|6.2|2.0|Present|0|
3283|1704|2023-10-20|145.3|9.3||absent |0|418401.49
3284|1641|12/17/2017|-5.0|11.7|3.3|absent |0|841411.19
3285|1363|05/03/18|137.9|7.5|4.4|PRESENT|17681.22|607844.29
3286|1498|18/08/20|183.5|2.7|4.6|absent |34627.43|804582.55
3287|1080|08-Oct-2024|185.3|20.7|3.3|present|28987.32|549188.91
3288|1812|April 06, 2020|148.3|21.9|3.5|Absent|0|792626.38
3289|1415|2024-09-19|122.2|20.4|4.7|Present|475.66|247234.64
3290|1594|13/10/23|129.0|8.2|1.3|Remote|0|515232.37
3291|1151|January 23, 2024|-5.0|3.6|3.0|Present|7244.38|157327.91
3292|1104|2022-03-09|-5.0|10.7|2.6|absent |0|680584.52
3293|1658|11-Jan-2019|171.7|24.2|2.9|Present|37999.24|
3294|1342|12-07-2022|183.2|14.7|1.0|Leave|0|201031.82
3295|1500|09-12-2018|120.3|10.3|4.9|Present|0|913782.27
3296|1048|05/02/21|125.5|6.9|1.4|Remote|32896.2|608077.53
3297|1520|11/15/2021|191.4|15.4|2.3|present|0|777699.85
3298|1410|2018-08-25|197.4|14.8||Present|0|
3299|1625|January 02, 2024|185.1|0.6||Absent|15349.06|595940.43
3300|1742|16-09-2021|151.2|23.6|3.6|Absent|0|436824.37
3301|1110|23-Dec-2023|190.1|6.8|4.7|Leave|0|927711.19
3302|1049|2020-11-18|132.2|14.7|3.0|Leave|0|452552.34
3303|1053|2022-06-01|163.2|19.0|2.9|Leave|0|240522.2
3304|1235|16-01-2021|187.2|24.0|1.6|present|0|252479.94
3305|1415|2023-11-14|123.1|15.1|2.4|Present|0|384643.35
3306|1489|June 24, 2024|126.8|24.5|3.5|Leave|0|581575.02
3307|1024|21-Jan-2022|165.9|12.5|1.2|Leave|8274.29|772924.49
3308|1387|25/01/16|194.0|20.9|1.7|Leave|0|513464.98
3309|1779|12-Aug-2015|177.1|2.0|1.2|Remote|9407.73|220365.57
3310|1387|February 11, 2023||13.8|1.2|Present|0|627191.05
3311|1776|04-Aug-2023|184.8|5.1|2.9|Absent|0|700446.8
3312|1716|21/05/21|126.7|2.4|1.1|Remote|367.1|776704.08
3313|1126|05/25/2023|138.9|4.4|2.4|absent |0|259292.12
3314|1583|11/23/2024|199.4|5.2|2.1|PRESENT|0|865068.34
3315|1518|January 22, 2024|130.0|13.6|1.2|PRESENT|46410.83|616035.57
3316|1040|14-Jan-2021|180.0|5.7|2.8|PRESENT|15130.0|387363.99
3317|1678|28-07-2021|131.1|2.9|5.0|Leave|43313.73|233433.45
3318|1500|12/05/2020|125.9|15.5|1.3|Remote|8377.88|681338.16
3319|1780|2019-07-20|159.3|18.5|1.4|Present|0|945066.58
3320|1751|08-Jul-2019|161.7|11.8|3.6|absent |40696.81|405191.74
3321|1354|22-Nov-2019|120.0|19.5|3.0|Leave|0|508306.92
3322|1106|23/12/16|166.1|13.6|4.8|Absent||655046.08
3323|1213|09/09/24|152.6|15.1|5.0|Present|0|350746.71
3324|1125|27-Feb-2024|160.4|19.8|4.1|Absent|0|268022.58
3325|1370|03-12-2017|-5.0|20.2|2.7|present|0|176542.25
3326|1516|06/23/2021|158.3|14.9|4.3|Present|0|781762.31
3327|1491|01-Nov-2022|185.4|21.2|5.0|Present|41312.61|376214.02
3328|1207|15/08/21|141.0|15.4|1.9|Present|0|554626.46
3329|1344|09/12/2022|153.2|15.0|4.3|Present|0|634641.77
3330|1748|March 01, 2024|124.8|4.7|1.9|Absent|0|671841.65
3331|1812|15-Apr-2018|136.2|23.1|2.4|Present|0|835529.72
3332|1555|09/21/2022|199.6|0.2|2.4|Present|0|349696.36
3333|1478|2023-03-08|121.3|21.1|1.1|absent |0|809128.28
3334|1242|12/23/2023|132.4|18.6|4.3|present|0|521034.22
3335|1025|19-Dec-2016|161.3|8.5|1.1|present|0|695304.59
3336|1288|2016-06-17|190.1|19.4|2.9|present|0|892288.51
3337|1802|12-05-2024||14.5|3.9|Remote|0|837273.25
3338|1548|23-Apr-2024|198.2|14.9|1.6|Present|0|678322.03
3339|1789|2024-07-24|167.6|13.4|1.7|Present|19948.35|781259.86
3340|1816|11/08/24|-5.0|21.6|2.9|Present|0|577455.98
3341|1174|11/04/2024|132.2|13.4|1.4|Present|0|575676.49
3342|1278|04/08/22|120.7|7.9||Present|0|397731.07
3343|1393|06/24/2018|163.9|17.1|3.2|present|0|945027.38
3344|1077|01/03/2018|141.8|12.4|1.0|present||345878.71
3345|1140|14-Mar-2023|147.2|20.4|2.6|Remote|0|780733.32
3346|1313|28/05/24|140.5|10.1|2.5|Remote|6675.38|177596.91
3347|1665|08/07/24|190.5|14.2||PRESENT|0|783253.53
3348|1762|25/06/24|176.4|6.9|4.4|Present|0|345460.76
3349|1832|02-04-2023|150.8|22.8|1.1|PRESENT|44291.94|715575.74
3350|1296|04/08/23|172.7||3.6|Leave|0|812643.85
3351|1270|2020-03-21|185.7|8.9|4.0|Present|0|214553.71
3352|1544|13/04/23|143.8|10.6|1.9|PRESENT|0|378571.18
3353|1700|October 15, 2022|136.9|21.2|1.3|Present|0|755292.03
3354|1667|08/19/2023|136.5|2.9|4.7|present|0|903190.36
3355|1786|21/01/18|179.7|2.0|4.8|present|46406.62|472355.16
3356|1254|2021-05-25|134.5|8.1|2.0|Remote|0|244408.03
3357|1546|14/09/23|-5.0|11.0|4.2|Absent|0|795999.8
3358|1277|January 11, 2021|133.6|15.6|4.9|Present|0|410139.41
3359|1038|2023-11-06|-5.0|9.0|3.1|Absent|0|716522.0
3360|1812|2021-07-13|132.9||4.9|present|0|
3361|1619|21-08-2024||19.6|3.0|Absent|505.45|726512.0
3362|1367|02/15/2023|173.1|17.8|3.3|Remote|0|161011.41
3363|1190|27/09/20|163.0|0.2|3.7|absent |0|186796.14
3364|1458|22-Aug-2024|133.6|10.2|3.2|Present|0|222368.92
3365|1112|09/19/2020|190.3|1.7||Remote|0|175228.83
3366|1280|September 03, 2020|166.6|16.0|2.7|Present|0|541343.98
3367|1078|05/11/2019|-5.0|14.7||Absent|0|277241.33
3368|1099|April 16, 2021|188.6|10.4|3.8|present|0|528116.32
3369|1729|04-May-2020|187.3|24.4|3.2|Absent|0|324842.22
3370|1359|2024-01-24|140.9|22.5|2.8|Present|0|373368.43
3371|1444|18-Feb-2023|144.2|11.3|3.3|PRESENT|0|409543.7
3372|1710|05/03/23|139.3|19.2|2.9|Present|14034.35|541510.34
3373|1562|09-Jan-2018|199.1|11.6|1.5|Leave|0|168114.05
3374|1086|02-09-2021|140.4|18.4|2.9|Present|0|648818.58
3375|1516|13-08-2020|167.1|3.4|2.8|Present|0|832415.44
3376|1777|2018-07-10|139.8|20.2|2.6|present|0|526025.61
3377|1527|28/08/22|177.8|24.7|2.5|Absent|0|467647.5
3378|1222|2018-08-21|185.3|22.9|2.5|Present|0|701324.3
3379|1290|15-Aug-2024|173.1|15.4|1.6|Leave|0|566330.76
3380|1636|2024-11-19|161.9|18.6|3.9|present|26656.98|283225.05
3381|1681|12/03/2021|131.6|1.4|2.2|absent |776.56|371834.76
3382|1727|04/09/2024|175.7|16.6|2.4|Absent|0|474328.1
3383|1406|26-05-2021|169.9|11.3|3.1|Leave|22703.21|670301.46
3384|1004|2023-03-03|150.0|4.2|2.3|Present|0|269229.71
3385|1255|06/12/2022|170.8|14.7|3.9|Present|0|452500.8
3386|1244|26/07/20|180.4|17.6|1.4|absent |0|236323.14
3387|1450|25-Aug-2023|161.6|4.1|1.6|Absent|0|198295.62
3388|1077|12/08/2020|189.1|9.4|4.0|Present|22301.43|818456.89
3389|1173|06/27/2022|176.7|8.3|1.1|absent |0|
3390|1030|2023-12-25|191.9|0.6||PRESENT|0|738290.09
3391|1766|24/03/19|169.8|0.2|2.4|Present|0|926689.82
3392|1073|15-10-2018|173.8|4.8||Present|36194.46|546373.18
3393|1618|09/11/19|189.6|3.0|1.8|present|37478.18|504168.6
3394|1162|18/09/24|177.0|15.5|4.5|Absent|0|864596.11
3395|1096|2016-12-07|147.8|23.0|3.2|Absent|0|912577.34
3396|1272|2022-09-14|173.1|0.3|4.9|Present|0|763741.66
3397|1416|24-Oct-2021|178.8|21.1|1.9|Absent|29062.79|451287.76
3398|1698|2019-12-12|173.4|3.8|1.4|Present|0|633229.51
3399|1648|December 13, 2023|167.7|9.7|1.3|Present||924057.81
3400|1438|03/05/2018|147.6|16.9|2.0|Present|0|623477.94
3401|1376|06/11/2020|121.6|3.0|1.8|absent |0|758910.9
3402|1475|11-Mar-2021|179.5|14.3|4.2|Leave|48175.02|
3403|1323|20-Nov-2020|145.3|4.1|2.0|Present|0|760760.22
3404|1418|11/13/2020|-5.0|9.0|3.7|Present|0|745145.65
3405|1201|05/06/2019|125.2|1.5|4.7|Absent|0|592615.75
3406|1069|21-01-2019|194.7|5.5|3.0|absent |0|250373.81
3407|1625|10-Oct-2018|127.9|24.8|3.3|Leave|0|863235.88
3408|1646|02/09/2023|149.3||2.0|PRESENT|20514.45|724666.83
3409|1808|25-11-2022|163.9|14.8|2.8|absent |0|719297.46
3410|1710|2024-11-27|178.3|15.3|3.6|Absent|0|872967.48
3411|1524|06-Apr-2020|190.9|14.8|4.3|Present|47797.52|295950.29
3412|1428|06-Mar-2019|182.0|23.4|2.3|present||169526.28
3413|1716|20-Sep-2022|121.0|21.5|4.0|present|3587.46|270248.64
3414|1390|11/19/2020|198.7|10.7||Remote|0|460759.74
3415|1284|2016-08-13|175.5|2.9|3.7|Present|0|446224.85
3416|1395|2017-09-28|170.4|13.3|1.6|Remote|10800.19|838011.51
3417|1815|08/01/2019|163.7|12.1|2.6|Remote|0|580392.9
3418|1252|01/09/19|125.9|3.9|4.1|Present|0|291867.82
3419|1028|March 14, 2018|129.1|5.4|2.9|Present|0|579270.36
3420|1202|10/17/2019|152.7|9.9|1.7|Present|0|377932.09
3421|1028|15-May-2018|152.3|18.9|1.6|Present|0|
3422|1436|August 28, 2024|167.7|15.5||absent |0|565586.47
3423|1140|17-08-2018|151.2|16.6|4.7|Remote|0|500493.55
3424|1246|2022-12-03|193.1|8.6|3.8|Remote|0|498862.65
3425|1704|07/01/2023|162.5|0.6|5.0|Present|8160.12|189023.02
3426|1503|23-Apr-2019|172.2|15.1|2.1|absent |0|259016.04
3427|1433|2024-08-04|150.2|6.2||Present|26027.44|816517.77
3428|1110|19-Feb-2020|170.3|24.2|1.6|present|22713.98|881655.04
3429|1067|01/16/2022|163.0|14.8|2.2|absent |0|818306.24
3430|1537|05/25/2023|132.6|1.1||Leave|43418.27|260544.63
3431|1717|28-Apr-2024|183.0|17.7|1.3|absent |0|275282.17
3432|1651|03/04/2023|160.5|9.0|2.6|Present|0|902767.4
3433|1118|15-10-2024||1.7|2.7|PRESENT|44909.27|333470.45
3434|1107|16-09-2023|187.8|18.4|3.9|present|0|762667.45
3435|1559|02-11-2016|126.3|23.0|2.7|Present|0|174462.77
3436|1276|11/13/2023|162.2|9.2|2.8|Leave|0|431774.23
3437|1068|02-03-2022|198.8|10.8|2.5|Present|0|726869.17
3438|1320|06-02-2018|178.9|5.2|4.1|Leave|24346.39|350662.13
3439|1845|05-02-2021|-5.0|8.0|1.7|Present|0|703286.08
3440|1507|April 19, 2022|121.6|17.9|3.7|Present|0|942351.29
3441|1678|19-May-2023|122.5|19.1|4.1|Present|34995.99|779921.52
3442|1024|01-Jul-2024|176.4|16.3|4.8|Present|0|312863.58
3443|1785|2018-05-08|124.9|21.7|1.7|Leave|0|341942.0
3444|1383|05-Sep-2023|181.2|7.5|1.8|Present|0|178204.45
3445|1683|May 01, 2020|183.7|2.8|2.7|Absent|2326.2|552531.13
3446|1212|July 10, 2022|148.6|13.7|4.3|present|0|632816.82
3447|1673|10/08/2023|152.7|2.3|1.6|Remote|0|646470.33
3448|1643|05-11-2024|200.0|13.5||PRESENT||230436.06
3449|1288|January 07, 2018|158.3|16.8|4.3|Present|0|374742.55
3450|1116|20/05/22|196.5|19.6||absent |0|692521.15
3451|1322|2021-12-28|128.2|18.9|4.4|Remote|0|924529.65
3452|1442|October 05, 2021|147.4|15.0|3.0|Remote|43691.14|356840.16
3453|1559|27/10/22|172.4|9.3|2.5|Remote|29744.28|484710.43
3454|1143|12/24/2021|180.7|15.0|2.6|Leave|5904.92|454881.35
3455|1177|09/16/2017|190.8|10.0|4.0|absent |0|915183.81
3456|1355|19-Nov-2020|147.7|11.0|4.0|PRESENT|0|443168.56
3457|1544|09-Jan-2024|155.1|5.6|4.4|Present|18270.09|353937.88
3458|1807|12/04/22|129.7|2.9||absent |0|183564.24
3459|1627|2022-09-06|141.3|9.9||Present|7270.39|156752.84
3460|1274|02/27/2024|123.6|6.8|1.6|Remote|21711.99|681913.07
3461|1168|27/06/22|199.6|9.2||PRESENT|0|
3462|1143|23/06/16|178.2|17.8|3.7|Present|0|648501.9
3463|1846|01/09/20|-5.0|16.3|1.1|Absent|0|295405.16
3464|1691|21/06/18|169.7||1.5|PRESENT|0|340368.02
3465|1721|06/10/2024|164.2|13.2|3.4|Present|0|641324.58
3466|1479|October 24, 2018||3.5|3.0|Present|0|667861.0
3467|1555|2022-02-12|190.0|11.3|2.9|Leave|0|237730.33
3468|1191|04-Apr-2024|171.5|16.0|2.1|Present|0|664718.4
3469|1223|16/03/23|133.9|22.9|3.5|PRESENT|32254.02|
3470|1618|December 27, 2024|140.6|0.4|4.4|Present|42553.7|941568.61
3471|1363|07/04/23|145.0|6.7|2.9|Present|0|272062.92
3472|1472|22-Oct-2024|127.3|5.0|1.8|absent |39147.24|559559.24
3473|1244|02/26/2017|150.1|2.6|5.0|Present|38456.81|451228.38
3474|1140|02/09/2019|128.9||1.0|Leave|0|897820.94
3475|1109|12-06-2021|174.2|0.9|1.5|Present|34914.35|706260.63
3476|1046|12/19/2016|144.9|23.8|2.6|Leave|79.11|490871.73
3477|1744|01-01-2022|169.6|9.8|1.1|Leave|0|311646.8
3478|1292|10/09/24|-5.0|20.4|3.0|Present|0|783736.26
3479|1672|06-Apr-2021|166.5|12.1|1.3|present|0|174066.35
3480|1226|July 10, 2021|137.1|6.8|4.2|absent |0|879113.51
3481|1162|March 25, 2019||10.4|1.8|Absent|43008.2|696732.85
3482|1091|05/27/2016|141.3|21.4|3.6|PRESENT|43233.68|304193.3
3483|1623|10/10/24|174.6|2.7|1.3|present|0|687559.39
3484|1126|03/05/2024|186.0|6.6|4.7|present|31552.66|349412.46
3485|1753|14/04/24|142.8|8.3||PRESENT|13814.37|788565.95
3486|1201|February 22, 2017|154.5|17.8|2.4|PRESENT|0|694528.93
3487|1639|September 11, 2023|159.8|0.4|4.0|present|0|250711.52
3488|1816|07/26/2023|185.8|15.5|5.0|Remote|0|777740.57
3489|1250|January 18, 2022|182.1|10.9|1.0|Remote|0|426870.8
3490|1463|03-03-2023||24.4|1.2|Leave|0|900551.94
3491|1681|October 09, 2022|122.5|17.8|3.8|Present|42773.04|543398.02
3492|1815|04/13/2020|151.0|9.6|2.6|Leave|0|398781.0
3493|1771|17-Nov-2023|146.7|3.6|2.5|Remote|0|774117.74
3494|1085|18-12-2019|181.3|20.5|3.7|Present|0|206209.98
3495|1371|10-03-2021|147.0|24.6||Present|0|351860.66
3496|1397|2020-04-05|176.8|1.7|1.0|PRESENT|0|577835.98
3497|1091|2019-09-26|193.6|7.3|1.4|present|0|664356.5
3498|1293|02/09/22|154.5|9.3|1.8|PRESENT|0|731489.71
3499|1720|May 24, 2024|169.1|21.4|4.9|PRESENT|0|760009.36
3500|1538|05/25/2020|124.0|4.2|3.3|Leave|0|626667.16
3501|1786|01/03/2023|166.3|3.6|1.5|Leave|0|645674.3
3502|1664|18-09-2022|194.5|24.6|3.4|PRESENT|0|386560.56
3503|1513|2018-10-15|186.3|13.2|2.6|Absent|40536.4|817348.5
3504|1230|21-04-2020|175.7|8.7|5.0|Present|0|174860.33
3505|1082|09/08/19|126.1||3.2|absent ||611709.31
3506|1688|20-12-2022||1.0||Leave|0|431655.16
3507|1537|2021-06-01|139.3|13.2|3.4|present|0|925909.25
3508|1099|01-Dec-2021|185.9|1.0|3.5|Absent|0|927303.72
3509|1849|04-09-2024|175.4|9.2|4.5|present|15069.77|627546.42
3510|1225|October 15, 2021|183.6|6.6|3.7|Remote|6150.36|182946.04
3511|1112|2019-03-17|185.8|15.1|4.1|Leave|39359.18|316674.61
3512|1466|14-Jun-2023|148.1|15.8|3.5|Absent|0|536722.54
3513|1421|04-05-2016|194.5|19.1|1.1|Remote|0|595971.13
3514|1528|2019-07-13|128.1|0.5|1.8|absent |0|609038.05
3515|1159|01/04/22||23.8||Remote|0|564965.99
3516|1530|16/08/23|142.1|11.2|3.6|Present|0|416490.1
3517|1301|26-03-2018|162.7||1.8|Present|0|839685.01
3518|1492|10/03/2021|125.5|5.4|3.8|Remote|0|825939.75
3519|1363|July 24, 2016|199.6|11.6|2.2|Present|0|900125.84
3520|1559|17-Sep-2020|198.0|3.6|4.3|Present|0|799720.04
3521|1127|July 11, 2019|143.5|21.5|2.5|Present|0|919251.36
3522|1845|2023-07-12|121.5|14.1|1.3|Leave|0|911582.91
3523|1835|16/09/23|147.9|15.1|3.0|present|0|233338.5
3524|1814|2023-07-01|126.7|3.1|4.1|Present|0|652936.53
3525|1059|26/02/18|124.0|9.1|4.9|Remote|0|
3526|1741|02-01-2023|154.2|8.1|3.1|Present|34446.38|252305.6
3527|1528|23-02-2019|146.6|4.7||Leave|0|482951.56
3528|1677|2022-05-01|148.9|1.9|3.8|PRESENT|2629.81|947923.85
3529|1100|06/04/22|150.0|2.0|1.5|Leave|0|412629.89
3530|1347|07-04-2022||5.4|3.0|absent |33468.8|912911.13
3531|1490|2017-12-21|151.2|9.3|2.6|present|0|605596.17
3532|1283|11/10/21|162.7|8.3|2.1|Remote|0|200615.94
3533|1399|20-Mar-2024|143.0|13.0|4.5|Present|0|450351.67
3534|1392|21-Feb-2018|149.9|2.9|1.8|Remote|0|795956.6
3535|1014|January 23, 2016|138.3|22.3|1.2|PRESENT|0|328512.48
3536|1534|2018-10-20|170.6|14.3|2.9|Remote|0|655114.21
3537|1466|2021-08-16|127.3|19.5|1.8|present|35740.52|807517.19
3538|1496|16-May-2024|130.4|22.9|1.5|Present|0|603229.55
3539|1593|03-10-2023|199.9|0.4|1.2|Present|0|313372.6
3540|1742|March 13, 2024|161.2|25.0|1.6|Present|0|387104.08
3541|1683|May 10, 2024|130.3|18.6|2.5|Present|11349.07|593093.34
3542|1785|2021-12-10|131.9|1.8|2.1|Present|0|537344.38
3543|1274|03/07/21|194.8|21.1|2.3|Present|0|720946.85
3544|1431|January 28, 2024|152.0|6.7||present|0|888957.77
3545|1807|08-Apr-2017|187.7|4.5|3.6|Present|22325.31|665345.81
3546|1170|28-Jul-2022|163.5|0.4|1.9|Present|49176.93|304164.3
3547|1346|11/08/2018|178.1|23.3|4.7|Absent|4175.9|603788.52
3548|1406|23-Apr-2020|165.5|9.5|4.4|Present|22386.36|470162.12
3549|1623|December 19, 2016|139.3|8.7|1.2|Present|0|416510.4
3550|1727|07-Jan-2019|142.3||2.8|Present|0|919692.19
3551|1449|July 28, 2021|138.8|14.8|3.9|Absent||611203.78
3552|1316|2023-07-03|126.9||1.3|present|0|639717.9
3553|1390|18/09/23|139.7|21.5|4.3|Present|0|423241.47
3554|1684|11/12/2022|170.5|23.7|2.5|Present|0|752744.29
3555|1714|24-04-2022|131.2|13.5|4.2|Leave|0|898546.82
3556|1752|2018-06-15|-5.0|14.4|3.7|Present|46983.78|
3557|1190|August 12, 2020|132.2|12.5|2.0|absent |45879.15|416934.42
3558|1835|26-08-2024|170.7|22.3|3.2|absent |37427.5|805443.07
3559|1326|18-Apr-2023|148.6|24.8|4.7|Present|0|930988.22
3560|1027|February 11, 2020|143.0|24.4|1.9|Present|0|345399.44
3561|1031|2020-07-03|127.2|3.8|4.3|Present|0|642648.13
3562|1664|2024-03-02|196.9|12.7|3.7|Leave|0|935628.73
3563|1068|May 18, 2018|159.4|8.7||Remote|41488.27|733123.43
3564|1800|06-07-2024|121.4|18.6||absent |0|186802.23
3565|1729|22-Feb-2024|129.6|17.2||absent |0|481892.16
3566|1538|2019-12-22|187.8|3.3|3.8|Absent|0|584035.57
3567|1188|05/06/2016|182.3|17.6|3.4|Present|0|431036.28
3568|1828|January 19, 2021|126.6|0.1|4.8|absent |0|840179.14
3569|1175|June 20, 2020|121.0|24.5|2.3|absent |0|559849.57
3570|1345|16/05/19|123.9|4.3|3.8|Present|0|211284.45
3571|1714|28/06/20|163.3|3.6|2.7|Remote|0|319339.98
3572|1141|2024-01-26|127.5|5.3|2.4|Present|0|804594.41
3573|1241|19-07-2020|121.9|13.1|3.2|Present|0|
3574|1579|04/09/21|158.1|2.7|1.5|Present|0|862235.05
3575|1075|July 27, 2019|164.4|3.4|4.0|PRESENT|0|439747.32
3576|1279|04-Dec-2024|180.3|19.8|2.6|Present|0|210381.8
3577|1340|16-08-2021|170.6|24.7|2.6|Remote|0|164791.85
3578|1490|2018-12-11|147.3|23.6|4.1|PRESENT|0|804977.44
3579|1691|2021-11-12|187.6|12.3|4.0|Absent|0|660797.94
3580|1312|10-11-2020|149.0|6.6|4.0|Remote|0|312377.17
3581|1115|11/12/2024|175.9|13.4|4.8|Present|0|251142.69
3582|1038|05-Jul-2018|134.5|2.7|2.6|Present|0|802471.19
3583|1336|27-Sep-2018||24.0|2.1|Leave|38446.88|584335.66
3584|1672|05/05/2019|174.2|3.6|4.6|present|0|156418.09
3585|1086|February 09, 2021|165.3|14.6|2.5|Present|0|737128.44
3586|1590|09/04/2022|177.1|6.3|4.8|Leave|41073.53|642519.32
3587|1292|21/12/24|164.5|2.0|1.3|absent |0|182276.28
3588|1724|July 12, 2021|131.5|20.9|2.2|Remote|10548.5|251490.96
3589|1220|2020-05-03|167.9|3.7|1.7|Present|0|172139.62
3590|1051|January 18, 2024|129.0|11.9|1.5|Present|0|644288.28
3591|1844|13/05/22|147.3|8.3|2.7|Absent|42764.34|306952.44
3592|1424|08/26/2021|180.9|24.0|3.6|Leave|0|416182.47
3593|1240|23-Feb-2019|182.4|0.9|1.6|Present|47822.73|589736.21
3594|1727|05/22/2023|133.8||3.7|Present|0|290235.99
3595|1124|03/13/2021|185.6||3.1|Absent|0|943875.77
3596|1225|13-10-2019|190.5|13.8|2.2|Present|0|750915.75
3597|1530|05/02/16|183.1|19.0|1.6|Absent|3337.6|947018.3
3598|1826|16-Mar-2024|130.2|8.5|2.6|Present|0|193076.02
3599|1277|2019-07-16|120.4|18.4|2.7|Remote|0|602587.17
3600|1345|13/09/20|153.7|12.6|1.3|Remote|0|755105.3
3601|1226|December 20, 2020|148.1|16.1|3.5|Leave|0|590855.31
3602|1448|21/01/21|196.4|16.8|1.7|Present|0|566103.17
3603|1565|05/22/2023|160.9|2.2|3.2|Leave|0|688357.77
3604|1354|11-06-2024|180.4|5.5|2.0|PRESENT|4686.32|674996.13
3605|1414|05/15/2024|170.7|7.4|1.0|Present|47422.03|457547.78
3606|1147|06/14/2024||18.2|2.7|absent |0|682758.15
3607|1431|12/16/2023|186.6|9.0|1.8|Present|0|773156.69
3608|1293|13-08-2024|129.6|17.2|4.5|Present|0|611554.74
3609|1612|07/21/2022|-5.0|3.7|4.2|present|5224.88|279682.5
3610|1786|25-02-2017|170.9|13.8|2.1|Leave|0|179664.72
3611|1625|13-Sep-2018|197.7|21.4|3.8|Remote|37656.62|705683.57
3612|1049|21-09-2019|173.2|6.0|3.3|Present|49928.62|566636.88
3613|1535|16/09/23|168.4|21.5|1.8|Remote|0|432943.43
3614|1055|19-Dec-2022|195.1|3.7|4.1|Present|23235.96|696275.51
3615|1727|25-Oct-2023|122.4|25.0|4.3|PRESENT|0|766764.71
3616|1180|2019-02-22|186.2|23.2||Remote|17809.03|420125.51
3617|1277|08/06/2023|124.9|18.0|2.1|PRESENT|0|241026.23
3618|1210|24/09/21||22.8|5.0|Leave|0|939556.01
3619|1150|06/20/2022|-5.0||3.6|absent |0|701527.09
3620|1231|01/15/2022|144.4|10.3|4.7|Absent||181884.12
3621|1598|22-Aug-2024|175.2|7.6|3.0|Present|0|741855.02
3622|1282|03/25/2022|199.0|8.1|1.1|PRESENT|0|150123.68
3623|1202|03/08/2023|186.5||3.2|absent |0|587931.47
3624|1475|2017-04-14|151.4|0.2|2.5|Present|0|891594.01
3625|1134|23-06-2023|197.8|7.5|3.5|Present|0|823015.66
3626|1829|07/06/20|132.1|16.2|3.3|PRESENT|0|256379.69
3627|1693|25/03/24|173.4|8.1|4.3|Present|0|284054.83
3628|1632|05/17/2021|127.3|7.9|2.8|Present|0|265598.03
3629|1229|06/02/2020|136.2|5.2|1.6|Present|0|601293.35
3630|1453|10/03/24|147.9|18.4|3.5|Leave|25907.89|652651.48
3631|1245|16-Nov-2017|152.5|7.9|2.9|Present|43163.22|353630.53
3632|1177|07-Jun-2023|142.9|12.9|1.1|PRESENT|0|876937.92
3633|1108|2021-01-08|144.6|17.8|4.2|Leave|0|858149.07
3634|1550|17/09/22|188.0|5.7|3.4|Present|0|901018.79
3635|1028|16-01-2024|123.3|23.0|1.5|PRESENT|42248.65|733382.18
3636|1776|03/09/20|136.1|6.2|1.3|PRESENT|0|208956.85
3637|1714|10/05/2024|141.9|17.5|1.0|Present|0|194705.25
3638|1580|01-May-2024|197.0|14.1|3.8|Present|43007.09|748547.64
3639|1518|September 28, 2024|136.7|12.3||Present|0|183163.49
3640|1675|06/16/2024|128.3|0.6|1.0|Present|0|262094.58
3641|1830|2022-10-23|197.7|18.7|4.2|Absent|38075.5|745601.3
3642|1660|10/03/18|199.7|14.9|3.8|PRESENT|29078.31|
3643|1134|08/02/2023|140.7|0.3|4.9|Present|39782.48|836872.26
3644|1659|2024-06-20|129.8|20.5|2.1|Remote|0|455215.83
3645|1567|December 01, 2019|178.3|16.2|1.7|Leave|0|774438.04
3646|1338|September 09, 2016|173.2|9.2|1.6|absent |29225.15|293012.26
3647|1619|23-Aug-2021|154.0|24.9|3.1|PRESENT|0|530331.4
3648|1623|11/13/2017|167.8|16.4|5.0|Leave|0|908768.4
3649|1650|18/12/19|165.7|24.8|1.3|Remote|0|286608.47
3650|1672|19-05-2021|160.5|9.1|1.4|Absent|0|931711.07
3651|1444|12-Dec-2022|180.2||1.6|PRESENT|27021.83|842987.28
3652|1749|September 02, 2024|161.8|6.2|2.3|PRESENT|0|813422.53
3653|1252|14-Mar-2023|176.4|4.8|2.1|PRESENT|5459.2|533713.57
3654|1513|May 17, 2024|175.7|13.4|1.8|Present|0|428679.81
3655|1064|2024-09-20|146.0|21.0|3.7|Present|0|525652.86
3656|1610|April 15, 2019|173.7|8.2|2.1|Present|0|672094.87
3657|1558|11/23/2019|147.2|7.9|3.2|Present|0|600640.65
3658|1427|15/07/23|128.2|19.6|2.3|Remote|3536.78|806758.05
3659|1038|09-11-2018|151.7|24.3|4.2|absent |0|769791.42
3660|1492|January 03, 2020|144.8|23.3|1.5|absent |14393.91|786209.48
3661|1235|06-Nov-2017|197.7|11.3|2.5|Present|0|509702.05
3662|1633|23-Mar-2021||19.9|2.8|present|0|194275.12
3663|1172|2023-11-13|156.3|21.6|3.6|Present|0|898144.1
3664|1223|07/09/2024|157.0|17.2|3.8|PRESENT|0|618407.27
3665|1780|February 01, 2022|152.3|22.9|4.2|Absent|0|733310.43
3666|1324|2023-02-21|127.2|1.3|3.1|Present|0|523518.66
3667|1049|24-May-2024|132.6|4.8|3.2|Leave|14063.79|510874.67
3668|1542|2023-04-06|158.7|21.1|4.1|PRESENT|0|903548.98
3669|1004|06/28/2019|164.1|8.4|5.0|Present|0|337851.74
3670|1303|06-Jun-2023|139.7|18.9|1.9|Present|10008.25|496255.94
3671|1548|19-Mar-2022|176.1||4.8|PRESENT|0|339220.2
3672|1338|28/06/23|136.9|15.9|4.9|Present|0|863883.16
3673|1761|16/03/24|163.2|7.1|4.2|Present|0|257784.48
3674|1743|25/02/24|193.8|3.3|3.0|Remote|0|584746.8
3675|1421|December 28, 2019|166.8|2.6|2.4|Present|0|533066.09
3676|1512|October 19, 2021|172.4|6.6|3.1|Leave|0|476171.13
3677|1555|2022-08-19|137.9|18.8||Present|0|550459.6
3678|1482|19/06/21|184.1|7.0|3.5|Leave|0|758800.75
3679|1072|2021-01-20||18.7|1.8|present|29085.2|755656.03
3680|1747|01/05/24|174.2|20.5|2.8|Present|0|871165.31
3681|1556|2022-11-25|199.2|10.7|4.7|Present|0|783006.79
3682|1766|July 07, 2018|125.8|0.7|2.4|Present|0|211944.49
3683|1741|2021-03-27|149.9|9.9|2.5|Leave|0|488011.43
3684|1592|10/06/2020|170.5|24.1|3.5|Remote|12909.98|468869.27
3685|1443|2020-03-20|163.8|18.7|4.3|Present|0|485327.71
3686|1758|2019-11-07|162.9|3.0|5.0|Present|0|245962.6
3687|1043|23-Aug-2019|175.9|5.9|2.7|absent |48698.56|812090.43
3688|1591|20-05-2016|171.7|13.3|2.9|absent |741.99|534272.7
3689|1383|07-05-2017|125.2|4.5|1.6|Present|25652.55|727625.74
3690|1287|2024-02-05|181.1|2.6||Present|0|658775.09
3691|1203|06-02-2021|124.2|10.9|4.9|absent |0|308436.32
3692|1803|10-May-2016|192.6|5.5|2.8|Remote|37130.26|197656.95
3693|1201|02/05/18|156.6|12.3|2.3|Remote|0|242141.56
3694|1389|25-01-2024|142.2||4.0|Absent|41060.97|723725.6
3695|1526|2016-10-19|148.1|0.4|2.6|PRESENT|0|219193.57
3696|1483|18-Mar-2024|195.7|5.9|2.9|PRESENT|0|164357.14
3697|1263|22-May-2022|189.2|5.0||Present|0|248085.85
3698|1746|06/27/2020|186.8|17.1|3.6|Present||329109.13
3699|1628|December 05, 2023|152.7|7.8|1.9|Leave|0|737044.5
3700|1118|12-02-2024|173.0|12.4|1.9|PRESENT|3267.11|569094.84
3701|1108|08/11/2023|129.4|16.2|5.0|Present|0|553280.66
3702|1332|July 28, 2020|125.5|22.6|1.9|Present||804017.09
3703|1319|May 16, 2021|145.5|8.0|2.1|PRESENT|0|848040.24
3704|1781|25/02/24|132.0|2.5|2.7|present|0|497982.86
3705|1322|07-Jun-2022|-5.0|9.5|3.7|Present|0|
3706|1018|25/02/23|195.8|14.2|3.1|Remote|0|311327.85
3707|1513|03-Feb-2020|180.5|9.2|1.1|Remote|0|677759.47
3708|1475|04-06-2020|135.5|12.1||PRESENT|0|395009.48
3709|1663|21-12-2022|149.6|24.9||Leave|16160.14|532359.44
3710|1224|04-May-2016|130.6|8.9|4.5|present|0|605663.22
3711|1839|18-04-2022|173.2|19.1|2.2|Absent|0|487383.05
3712|1194|05/05/2020|120.8|3.3|1.7|Present|0|201211.6
3713|1053|01/08/2022|188.4|22.3|2.6|Present|0|818030.78
3714|1610|2023-08-28|199.7|20.0|1.5|Present|0|633680.31
3715|1421|July 12, 2018|149.7|8.6|2.7|Leave|20272.27|723968.68
3716|1799|10-Nov-2020|178.0|11.5|2.9|Present|0|706789.05
3717|1441|October 13, 2019|171.0|12.4|4.5|absent |37731.85|
3718|1068|21-Dec-2023|187.0|10.7|4.0|Present|45435.24|310051.33
3719|1173|March 04, 2020|193.1|12.4|2.3|Leave|0|461679.82
3720|1807|10/03/22|158.1|1.4||Present|0|891410.83
3721|1286|11/06/2021|175.5|23.9|1.9|Absent|15307.13|
3722|1263|22-05-2023|188.9|17.7|4.3|Present|6305.44|389309.8
3723|1118|February 18, 2021|195.9|24.2|1.6|Leave|0|857038.57
3724|1713|2023-05-25|133.3|4.9|4.6|Present|0|309275.81
3725|1277|07-Dec-2016|162.1|23.4|1.1|Present|0|824266.02
3726|1126|18-May-2022|174.0|21.3|1.1|Present|0|307374.51
3727|1213|March 07, 2023|133.8|19.8|4.2|Absent|0|881439.66
3728|1150|12/05/2018|123.8|12.8|2.0|Leave|0|523072.36
3729|1673|2024-04-08|170.2|6.1|2.6|PRESENT|0|323043.02
3730|1794|14-May-2022|162.6|20.7|2.9|Present|39108.77|265481.93
3731|1647|06-Jul-2020|123.8|5.6|1.1|Present|0|400658.29
3732|1365|05/10/24||2.6||Leave|27226.61|656443.16
3733|1131|24-Feb-2024|124.1|14.9|3.1|Absent|47994.42|904251.31
3734|1345|2018-08-13|153.0|22.1|2.3|PRESENT|0|805987.61
3735|1780|14-Apr-2019|171.3|6.3|4.6|Remote|0|368001.91
3736|1318|17-Feb-2019|194.9|2.3|1.2|Present|0|659971.18
3737|1490|19-01-2016|168.5|14.5|4.0|PRESENT|0|724208.87
3738|1551|06-Aug-2018|198.7|14.6|4.8|Present|0|830848.69
3739|1379|2021-07-28|144.4|9.3|3.8|Present|0|589717.16
3740|1581|20-08-2017|197.6|12.2|2.0|Present||653638.36
3741|1345|March 28, 2024|177.1|23.4|1.6|absent |0|546535.54
3742|1188|03/18/2019|166.1|24.0|3.4|Present|0|688625.76
3743|1150|04/09/2019|158.5|21.0|2.5|Present|29343.96|407955.89
3744|1610|06/05/2018|186.6|3.7|4.5|Leave|0|574475.05
3745|1332|06-Apr-2021|177.5|1.7||Leave|0|175162.34
3746|1225|07-Sep-2023|127.6|11.6|4.3|Present|0|575317.06
3747|1576|21-Jul-2023|171.7|2.6|1.4|Present|11199.56|800546.73
3748|1038|10/13/2018|186.4|23.9|2.6|Present|23608.81|781832.6
3749|1323|12/28/2021|160.1|10.1|3.9|absent |0|
3750|1750|17-Sep-2022|147.7|4.6|3.2|PRESENT|0|923099.67
3751|1503|09/01/19|144.0|21.3|1.2|Present|0|263180.92
3752|1254|04-11-2021|143.6|20.1|1.9|present|0|270753.23
3753|1240|12-Feb-2020|143.9|10.9|3.6|Remote|0|376531.04
3754|1263|02/19/2022|180.5|14.0|1.2|Present||295700.16
3755|1036|September 20, 2021|136.9|3.1|3.8|absent |0|342193.14
3756|1590|04/08/2023|162.3|6.9||Leave|0|228077.65
3757|1330|March 03, 2017|159.0|6.2|1.5|PRESENT|0|467658.99
3758|1349|December 25, 2022|173.6|10.3|2.2|Leave|31202.33|
3759|1542|06/01/22|191.5|5.2|1.7|PRESENT|0|350982.03
3760|1577|22-Aug-2020|157.9||4.3|PRESENT|0|908513.88
3761|1365|11/13/2017|145.1|20.8|3.3|Present|0|896289.48
3762|1837|2024-11-28||9.7|1.2|absent |8319.1|525948.61
3763|1676|04-12-2023|133.9|12.5|4.9|Absent|0|452875.48
3764|1570|12/16/2021|154.7|18.6|1.4|Remote|18308.64|544411.41
3765|1149|10/15/2022|140.9|1.1|2.4|Absent|0|563927.41
3766|1003|December 05, 2024|195.4|11.0|3.1|Present|0|750546.04
3767|1198|24/07/24||15.0|1.7|Absent|0|270997.17
3768|1781|24-Jul-2023|164.9|7.4|1.4|present|0|580379.6
3769|1161|November 19, 2023|121.1|2.4|4.8|Present|31329.88|249101.21
3770|1625|2024-06-17|125.8|22.6|2.4|Present|0|395639.07
3771|1431|24-02-2024||6.4|2.7|Present|42157.0|742775.39
3772|1394|14-Nov-2022|175.9|9.6|3.6|Present|5179.59|477526.48
3773|1788|23-Jun-2022|143.2|19.2|1.1|PRESENT|49535.76|675558.93
3774|1393|07/24/2019|194.6|14.4|1.5|Remote|0|444991.6
3775|1371|2020-06-14|135.8|20.8|2.3|Leave|0|236188.16
3776|1768|02/27/2024|160.7|5.3|2.0|Absent|0|879221.87
3777|1464|02/14/2021|179.0|17.8|2.7|Remote|1868.81|627584.97
3778|1761|07/20/2024|153.7||4.6|Absent|0|205802.66
3779|1816|06-04-2023|135.3|21.6|4.3|Present|0|276935.47
3780|1513|05/26/2021|153.7|20.3|3.3|Absent|31402.85|546119.32
3781|1227|09-06-2019|191.9|16.1|4.4|PRESENT|0|365100.53
3782|1028|16-Nov-2024|173.6|5.8|2.9|Absent|0|775425.7
3783|1495|04/24/2021|199.2|19.5|2.2|Absent|0|907255.55
3784|1338|01/04/17||0.3|4.8|Present|0|308679.98
3785|1804|05/04/2024|164.2|16.3|3.6|Present||941658.41
3786|1128|2018-07-09|168.3|4.8|1.2|PRESENT|0|865828.47
3787|1259|July 03, 2023|146.6|15.7|2.8|Present|0|285890.96
3788|1674|06/07/2023|149.1|17.6|2.5|present|0|879731.77
3789|1849|15-08-2019|122.2|10.7|2.7|present|24510.21|198243.77
3790|1610|02-Mar-2020|177.8|11.8|1.6|absent |25709.86|921061.3
3791|1086|2023-06-27|186.5|3.0|1.4|absent |21519.76|689965.9
3792|1516|16-Oct-2024|175.0|18.9|4.5|present|32073.05|776581.41
3793|1149|2020-12-05|187.4|13.4|2.5|Present|0|692305.18
3794|1296|23-Jan-2022|182.8|22.4|1.2|absent |0|700683.83
3795|1362|05/08/20||1.2|3.5|Remote|49552.44|776803.12
3796|1477|July 04, 2023|-5.0|19.5|3.8|Present|0|785977.28
3797|1212|16/03/20|169.8|15.5|1.7|absent |0|260157.09
3798|1265|08/07/22|154.7|16.7|4.9|present|18936.11|519603.89
3799|1136|2023-06-16|145.0|20.7|3.0|PRESENT|0|289812.44
3800|1808|January 09, 2023|153.5|5.0|1.4|present|28552.64|330481.68
3801|1049|09/28/2020|146.4|16.0|1.1|absent |0|664696.12
3802|1556|04/04/2018|180.2|12.7|3.2|Present|0|
3803|1530|06/16/2017||22.2|2.4|Leave|19589.28|543709.29
3804|1774|04/18/2020|168.8|9.7|4.4|Remote|34300.14|380892.18
3805|1144|06-06-2024|141.4|18.0|3.5|Present|35790.6|400888.41
3806|1147|2023-03-07|155.0|16.2|3.1|Present|0|425129.48
3807|1165|June 28, 2019|121.1|22.1|2.4|Absent|0|310231.42
3808|1699|20-Sep-2024|152.3|23.4|2.5|Present|0|422075.25
3809|1168|07/04/21|176.2|10.4|4.0|Present|0|894425.21
3810|1645|14/03/15|130.4||2.7|Leave|0|325265.96
3811|1579|23/09/22|122.1|20.2|1.4|PRESENT|0|332813.41
3812|1612|05/11/2021|138.3|3.2|2.4|Present|0|828704.88
3813|1827|September 12, 2024|123.5|9.7|1.5|absent |0|389614.32
3814|1365|04/15/2020|182.3|22.3|2.4|Present|28443.64|560803.64
3815|1559|21/06/22|182.2|24.3||present|0|235707.08
3816|1452|March 14, 2023|130.4|23.9|4.3|Present|0|305423.4
3817|1742|07/10/24|181.4|10.0|4.7|present|0|317268.77
3818|1106|2022-04-12||1.8|1.2|absent |0|637210.8
3819|1523|09/20/2020|156.0|4.3|2.7|PRESENT|0|671554.32
3820|1284|12-06-2016|147.6|15.4|1.9|present|0|306685.47
3821|1201|28/12/16||5.6|1.4|Present|10666.28|829364.5
3822|1348|24-03-2024|-5.0|18.2|4.3|PRESENT|0|336809.91
3823|1432|2022-09-23|125.0|3.2|2.8|Absent|4656.2|928555.75
3824|1404|May 24, 2024|185.6|1.5|3.5|Remote||690522.81
3825|1459|May 22, 2019|161.5|22.5||Present|0|804774.51
3826|1447|25-Nov-2024|-5.0|15.1|2.8|Absent|26254.63|497422.75
3827|1310|23/04/18|191.1||4.1|present||330709.75
3828|1151|01-08-2023|182.7|0.7|2.9|PRESENT|0|430483.28
3829|1350|08-Mar-2024|191.8|21.5|1.8|Remote|0|513209.77
3830|1302|03/02/2021|146.0|24.9|2.7|Remote|0|749815.1
3831|1032|2024-11-11|189.6|23.2|3.3|PRESENT|0|627510.74
3832|1130|October 04, 2024|186.4|13.0|3.7|Present|30527.29|555352.26
3833|1454|03-Jan-2024|138.7||4.7|Leave|0|746767.6
3834|1679|06-08-2020|142.8|18.0|4.1|absent |35558.81|640656.41
3835|1770|2022-01-10|189.8|2.7|3.4|Leave|0|357776.87
3836|1226|23/12/22|121.5|16.4|2.6|Leave||570491.62
3837|1507|28-11-2021|156.7|10.0|2.1|Leave|0|275207.83
3838|1627|02/10/2022|147.6|6.3||Present|0|232673.28
3839|1318|05/11/17|170.0|12.4|4.9|Remote|7481.63|420374.34
3840|1405|18-08-2019|139.2|15.3|4.7|absent |0|224792.17
3841|1751|14-Dec-2021|153.1|17.9|1.3|absent |0|316107.12
3842|1234|October 09, 2019|190.6|25.0|1.6|absent |0|322278.85
3843|1520|05/10/2022|190.0|8.4|3.3|Leave|45427.14|776840.27
3844|1416|05-04-2022|154.6|16.2|2.6|Leave|0|390595.35
3845|1258|26-Feb-2024|194.8|14.6|4.6|present|0|302105.05
3846|1514|23-Dec-2024|153.7|4.5|2.4|Present||775523.17
3847|1304|07-03-2023|172.0|8.1|2.3|Leave|0|731232.81
3848|1420|October 09, 2021|182.3|12.8||present|15924.63|583693.48
3849|1114|01/09/17|138.8|2.4|3.3|present|47363.42|692924.44
3850|1348|November 22, 2021|197.7|10.3|4.1|Leave|0|255113.93
3851|1154|04-May-2023|176.0|11.9|1.6|Absent||781984.48
3852|1599|08-03-2024|132.4||3.9|Leave|0|274494.51
3853|1311|23-Aug-2023|197.9|15.7||Remote|0|182427.21
3854|1616|06-Jan-2022|192.0|16.8|4.3|Present|4914.94|396697.6
3855|1567|04-Aug-2017|154.7|19.5|4.0|Present|0|726892.75
3856|1079|2023-09-20|124.6|4.4|4.5|Present|0|679485.04
3857|1215|07/24/2022|144.5|13.3|4.7|Present|0|359575.71
3858|1363|June 07, 2023|151.8|19.4|3.8|Present|0|751919.14
3859|1710|October 03, 2024|142.6|17.2|4.3|present|19395.19|421504.3
3860|1260|07/26/2021|151.0|24.8|1.4|Present|0|283670.49
3861|1600|02/20/2023|136.3|3.1|4.7|Leave|35240.25|585225.6
3862|1714|July 13, 2020|166.7|6.6|3.6|absent |0|863838.38
3863|1100|27-Jan-2020|144.2|6.5|2.6|Present|28560.21|878081.45
3864|1363|04-03-2021||0.8|1.5|Present|0|375659.75
3865|1451|July 22, 2024|124.1|7.7|2.2|PRESENT|31823.27|252505.52
3866|1551|2018-11-14|171.0|22.4|1.1|present|36093.32|373228.53
3867|1116|2022-06-28|155.7|9.5|1.9|absent |0|609478.56
3868|1648|2022-10-03|180.5|1.7|1.9|Present|0|633346.28
3869|1346|01/12/2019|144.0|11.6|2.8|absent |0|707153.62
3870|1168|07-Jun-2020|156.7|22.0|1.7|absent |975.54|667255.46
3871|1161|December 01, 2020|149.7|1.4|3.3|Present|0|536696.89
3872|1802|08-Apr-2024|173.9|7.1|3.1|PRESENT|40036.48|192871.78
3873|1543|January 07, 2023|176.3|1.7|1.7|Remote|5216.87|319074.98
3874|1245|06-Jul-2017|121.6|14.6||Present|45173.35|830783.18
3875|1308|11-05-2023|173.2|24.4|2.6|Present|0|373691.19
3876|1690|22/11/22|186.3|9.6|3.6|Present|21571.08|175173.78
3877|1702|December 08, 2020|144.7|3.2|3.3|PRESENT|0|196924.16
3878|1604|11-Oct-2023|126.7|1.6|1.5|Leave|35848.85|909381.19
3879|1428|10/25/2020|161.2|14.6|1.8|PRESENT|0|813826.25
3880|1591|24/11/15|155.5|22.2|4.0|Remote|0|278880.39
3881|1837|07/08/22|174.2|10.4|2.2|Present|0|177107.71
3882|1773|25-04-2021|199.2|20.9|3.0|Present|0|254262.59
3883|1201|12/17/2024|174.6|10.9|1.1|Present|0|607330.89
3884|1311|05/12/23|163.9|4.8|1.5|Present|25398.17|386931.66
3885|1672|06/03/2018|171.1|25.0|2.1|Present|0|
3886|1391|September 01, 2022|192.4|21.9|2.8|Present|0|906229.88
3887|1393|2023-11-17|183.8||1.1|Present|0|808471.71
3888|1086|05/05/2022|190.1|19.7|1.3|absent |0|709850.3
3889|1526|02-Jan-2021|163.5|16.6|2.3|Absent|0|848904.33
3890|1735|22-09-2020|162.9|2.4|2.5|absent |9523.53|597113.35
3891|1243|18-02-2022|150.5|2.8|1.8|Present|0|334022.94
3892|1118|11/11/2022|196.6|7.3|3.1|Leave|0|619068.3
3893|1384|12-01-2019|184.9|15.0|3.1|present|19937.2|264455.55
3894|1609|15-Nov-2018|153.2|13.7|2.7|Remote||854221.71
3895|1298|11/05/2023|130.7||2.4|Absent|0|289275.06
3896|1474|2021-12-01|193.7|8.6|4.5|Leave|0|569388.88
3897|1669|03/21/2024|163.6||2.5|Absent|30.37|790783.62
3898|1222|July 20, 2019|162.6|14.2|2.2|Absent|0|316296.78
3899|1239|06/13/2017|193.8|1.5||absent |0|923289.72
3900|1266|16-Dec-2020|180.8|0.8|4.8|Present|0|822672.22
3901|1291|05-03-2021|166.6|0.3|1.5|present||904839.77
3902|1103|09/08/2023|159.7|13.3|4.2|Leave|0|489155.58
3903|1392|02/05/2020|189.9|15.7|1.1|Present|0|
3904|1759|October 10, 2022|175.9|0.1|3.3|Present|18624.59|441097.28
3905|1106|2021-08-25|200.0|16.6|1.0|present|24292.85|877692.19
3906|1322|2024-12-09|147.0|5.9|4.4|PRESENT|0|334034.54
3907|1749|2024-02-21|182.5|17.6|1.3|Absent|43153.6|486945.42
3908|1649|01-Sep-2021|186.5|17.3|2.9|Present|0|172554.5
3909|1845|03-Mar-2021|170.3|14.7|2.2|present|0|461222.91
3910|1623|November 03, 2020|190.1|5.3|1.1|PRESENT|0|443259.7
3911|1274|2024-08-01|190.5|18.8|2.6|Present|0|644420.17
3912|1045|February 01, 2024|156.4|22.7|4.3|Present|36888.6|843336.1
3913|1182|20/06/22|129.3|24.2|3.8|Present|0|889965.43
3914|1252|16-Apr-2022|182.4||4.4|Present|3257.67|521040.1
3915|1369|07/12/2024|160.7|12.8|3.6|absent |0|852717.26
3916|1440|2024-09-15|158.9|16.3|1.6|Remote|11983.04|377752.76
3917|1139|December 16, 2021|186.7|2.8|2.3|present|0|192062.59
3918|1442|07/20/2021|185.2|23.4|2.9|Present|0|747064.7
3919|1466|20-03-2018|158.9|7.3|1.3|Present|0|716232.25
3920|1398|2021-06-15|142.4|1.1|1.4|Present|0|170345.32
3921|1067|17-Apr-2021|195.5|10.1|1.5|Present|11934.79|291360.05
3922|1071|05/20/2021|160.4|19.7|2.1|present|0|711194.42
3923|1249|11/09/2023|154.0|9.4|3.4|Present|0|487476.39
3924|1574|12/01/17|199.8|14.9|1.6|Present|0|196235.98
3925|1229|April 13, 2020|172.0|6.9|5.0|Present|0|205113.57
3926|1767|15/09/24|183.7|21.7|5.0|Present|10887.33|233373.66
3927|1376|May 16, 2017|184.4|11.6|3.3|PRESENT|3188.16|218706.28
3928|1353|2024-01-08|185.2||5.0|Present|0|598932.93
3929|1176|June 21, 2020|152.1|5.8|1.5|present|0|611658.48
3930|1302|05-Jun-2021|141.6|2.7|2.0|present|0|475410.77
3931|1251|March 04, 2023|149.9|15.0|4.9|Present|0|540779.7
3932|1099|2020-06-21|166.3|15.4|2.9|Present|0|940185.71
3933|1518|11-May-2020|184.3|12.3|1.4|Present|0|935447.59
3934|1173|08-07-2019|127.7|24.1|4.3|Remote|0|383425.39
3935|1107|08/16/2023|137.4|6.5|4.1|Remote|22789.03|341327.4
3936|1402|01/01/2017|179.2|17.0|3.8|absent |0|229247.46
3937|1239|2020-09-02|193.8|0.7|1.4|PRESENT|34097.01|806660.88
3938|1734|27/11/22|129.2|9.7|4.8|present|20554.32|490790.42
3939|1154|2023-08-21|173.6|17.3|3.4|present|0|551282.76
3940|1781|13-Feb-2021|171.2|0.9|3.3|Present|0|691396.44
3941|1622|07/02/2020|166.0|1.7|3.7|Absent|0|667341.17
3942|1032|September 03, 2024|122.6|14.3|4.3|Leave|0|934018.99
3943|1434|14-Jul-2024|142.8|5.7|1.9|Absent|0|353912.43
3944|1318|13/03/23|192.2|0.7|1.4|Remote|0|648891.17
3945|1301|07-Jun-2018|170.6|9.2|3.8|Present|0|259801.11
3946|1773|19-Dec-2018|198.8|19.7|3.4|Absent|49826.02|724005.59
3947|1661|01/10/2024|153.9|11.2|3.6|Remote|0|452359.29
3948|1102|December 20, 2023||20.4|2.4|Present|0|443992.4
3949|1298|10-05-2023|199.1|19.3|4.9|Leave|10845.88|470910.37
3950|1632|July 10, 2024|152.3|20.2|2.6|present||420651.75
3951|1058|09/24/2018|180.7|18.2|1.4|Present|0|812372.38
3952|1110|16-04-2023|199.4|22.3|1.0|Leave|0|274070.57
3953|1201|2020-01-11|178.3|20.7|1.8|PRESENT|0|549367.25
3954|1441|03/12/2024|187.9|9.7|4.4|present|0|768750.81
3955|1345|04-03-2020|191.4|11.1|4.7|absent |0|220619.75
3956|1625|14-08-2024|121.7|18.5|2.6|Present|11944.49|398132.61
3957|1004|04-Dec-2018|125.9|23.3|3.7|Absent|0|947814.57
3958|1322|21-07-2019|180.0|15.0|3.9|absent |0|468553.45
3959|1141|2022-03-10|136.5|2.1|1.3|Leave|8857.4|409622.69
3960|1298|11/21/2021|137.6|17.1|1.5|absent |0|513105.64
3961|1736|03-04-2020|140.5|8.7|3.6|PRESENT|0|603483.42
3962|1335|December 05, 2023||10.0|3.6|present|0|533873.24
3963|1359|22-Sep-2022|121.1|13.0||Present|0|423833.12
3964|1536|2016-02-03|123.0|21.0||Present|18524.87|630318.58
3965|1095|25-11-2021|168.0|14.4|2.4|Leave|0|317589.92
3966|1134|January 16, 2022|186.1|2.5|1.1|Present|0|739171.88
3967|1429|2021-01-04|132.3|12.7|3.0|Leave|0|817932.02
3968|1245|22-Oct-2019|174.5|18.5|3.4|Present|7246.35|260773.29
3969|1147|16-05-2022|157.5||4.3|Present|0|356114.76
3970|1462|March 23, 2023|142.0|19.6|1.3|PRESENT|0|943431.41
3971|1490|August 17, 2015|171.6|22.6|3.2|Present|0|659079.21
3972|1746|04/16/2018|159.4|3.9|2.7|Present|0|711068.29
3973|1172|08-Jan-2023|176.6|18.8|1.6|absent |32240.12|178472.45
3974|1679|February 03, 2019|181.6|12.1|4.5|Leave|0|249899.32
3975|1679|01-Dec-2024|192.6|19.2|4.7|Absent|30748.49|239590.85
3976|1155|28-Jan-2018|199.9|7.5|3.4|Leave|31550.71|934452.05
3977|1611|11/05/2023|192.8|9.8|2.5|Leave|0|664450.33
3978|1060|03/03/22|158.0|15.0|4.0|PRESENT|0|769662.01
3979|1232|26-Feb-2021|170.5||1.1|absent |0|763037.03
3980|1070|2022-01-27|139.3|24.7|3.1|Present|49684.0|407129.95
3981|1383|08-09-2021|198.8|23.8|1.8|Absent|0|430713.84
3982|1474|19-07-2020|191.3|20.4|1.3|PRESENT|0|362489.27
3983|1637|03-01-2023|136.4|20.9|3.9|Present|0|404932.71
3984|1796|12-06-2023|172.9|5.9|3.2|present|45882.7|807909.34
3985|1411|2023-06-19|178.0|21.3|3.5|Leave|0|776450.45
3986|1580|April 20, 2018|192.1|4.1|1.6|Present|23088.78|853872.06
3987|1296|05-Apr-2023|185.7|4.7|2.5|Absent|0|651921.4
3988|1103|28-04-2024|173.9|10.8||Remote|0|623692.72
3989|1036|December 19, 2021|125.7||2.2|Absent|0|296420.95
3990|1316|26-03-2022|181.6|9.1|2.7|Present|0|511544.09
3991|1431|09/17/2022|126.3|4.4|2.9|PRESENT|0|761483.83
3992|1440|15-04-2024|176.4|16.8|2.5|present|0|467079.52
3993|1687|02/10/17|137.8|4.3|3.3|Leave|0|800253.67
3994|1381|04/05/23|141.1|1.7|2.5|Remote|0|162959.94
3995|1777|2019-04-15|173.5|15.4|2.9|Present|33385.45|657123.56
3996|1220|27/01/20|158.8|8.0|1.6|Absent|4202.97|678217.45
3997|1474|2023-08-18|165.1|1.2|3.1|Present|0|476387.2
3998|1240|22/11/16|176.9|6.9|2.2|Absent|20451.94|545675.37
3999|1626|August 03, 2017|158.2|22.5|4.7|Present|0|409789.85
4000|1327|2023-01-24|146.9|18.3|1.9|PRESENT|4690.4|175664.23
4001|1191|16-Aug-2022|163.0|7.9|3.1|present|2802.36|822554.87
4002|1777|24/12/17|174.7|12.6|2.3|absent |24180.77|941371.13
4003|1476|08-05-2020|151.3|5.4|2.2|absent |34366.98|431206.11
4004|1387|08/12/23|168.0|11.7|4.2|PRESENT|0|234717.67
4005|1448|2022-06-23|137.0|18.1|2.5|PRESENT|0|311578.58
4006|1082|26/04/19|199.8|12.2|3.8|PRESENT|38701.92|819804.17
4007|1387|20/04/22|179.7|23.8|1.0|Leave|0|602705.03
4008|1577|2019-04-13|158.8|1.5|1.7|Remote|22030.43|507718.6
4009|1533|27/07/17|142.1||3.5|Absent|0|287135.51
4010|1158|13-03-2023|132.5|7.1|4.1|Present|44111.91|618590.9
4011|1376|February 04, 2020|152.9|0.3|1.4|present|0|536046.71
4012|1027|15/05/20|174.6|18.1|1.5|absent |0|745236.98
4013|1278|August 12, 2024|149.7|18.0|4.1|Present|0|535316.83
4014|1391|April 03, 2021|165.0|6.6|2.8|Present|0|429886.96
4015|1318|18-Dec-2016|145.9|15.7|3.9|Present|11037.59|433503.55
4016|1067|06/03/19|193.1|1.6|1.8|absent |0|587235.95
4017|1345|24-Jun-2021|145.0|24.0|2.8|present|0|596815.63
4018|1310|09-Sep-2022|159.2|24.5|3.3|Present|0|846177.77
4019|1665|01/06/2021|163.2|13.2|4.8|Present|0|706156.15
4020|1225|24-Jul-2023|122.5|7.2||absent |0|739934.67
4021|1053|07-Feb-2022|160.7|22.8||PRESENT|0|651544.96
4022|1289|16-Feb-2020|139.2|0.2|2.2|Present|0|561886.42
4023|1140|2021-08-09|177.0|22.1|1.4|Remote|0|203483.67
4024|1043|10-04-2024|141.2|10.4|3.7|Leave|0|510199.13
4025|1098|July 09, 2023|162.1|20.4|2.4|absent |0|
4026|1841|15-06-2024|130.0|14.5|1.4|absent |0|875498.36
4027|1814|26-Dec-2023|143.8|17.7|1.2|Present|0|473683.78
4028|1242|June 10, 2019|149.6|9.5|3.3|present|26493.43|260394.4
4029|1284|25-12-2021|156.2|24.9|2.9|Absent|0|390836.66
4030|1275|10/10/17||9.6|2.3|PRESENT|37704.0|626001.15
4031|1514|05/12/22|196.9|22.4|3.0|Present|0|736206.73
4032|1434|2018-12-03|139.4|3.3|2.2|Present|0|773089.58
4033|1508|26/02/20|174.9|18.7|3.4|Present|0|777195.52
4034|1179|04/22/2021|175.0|4.0|4.4|Present|0|783210.12
4035|1362|February 20, 2020|-5.0|22.6|3.4|Present|0|397468.0
4036|1166|23/07/23|165.9|21.6|4.2|Present|0|257116.43
4037|1202|09/28/2023||20.1||present|0|325523.4
4038|1392|25/08/23|182.3|0.1|4.9|Absent|0|695394.92
4039|1619|2022-06-02|181.2|22.4|4.3|Present|30767.69|159894.63
4040|1119|February 06, 2020||20.3|2.1|PRESENT|31083.19|376584.66
4041|1151|22/11/18|126.1|22.8|2.8|absent |0|473241.41
4042|1779|February 28, 2024|189.2|16.3|2.4|Absent|27539.75|786923.66
4043|1662|11/05/2023|185.0|6.7|3.4|Present|0|754927.17
4044|1760|02/01/2024|174.2|5.5|2.4|absent |0|
4045|1193|27/03/24|164.7|1.7|3.3|Present|0|926389.96
4046|1832|10/05/2021|174.4|5.8|1.6|absent |0|487365.05
4047|1668|2022-02-07|158.3|8.7|1.6|Present|0|368287.69
4048|1235|04-Dec-2017|174.6|20.4|3.0|Present|49833.4|784349.71
4049|1265|12/27/2022|130.8|15.9|4.6|absent |0|813895.28
4050|1182|August 17, 2022|180.7|13.1|1.5|Remote|0|151020.4
4051|1457|06/09/20|174.0|23.8|4.1|Leave|48908.73|757345.03
4052|1849|2018-05-01|123.8|14.5|3.8|Present|0|269055.6
4053|1393|July 28, 2024|186.7|15.7|3.8|Present|25783.38|898450.21
4054|1735|09/06/23|159.4|23.6|2.8|present|26852.01|931887.99
4055|1173|October 03, 2021|169.2|18.3|2.3|Present|5676.52|772733.84
4056|1440|16/09/17|165.3|23.9|1.3|Absent|0|240624.78
4057|1141|21-08-2020|198.4|||Present|0|916942.52
4058|1847|2024-04-10||13.8|1.1|Absent|34206.82|371216.82
4059|1799|April 11, 2021|162.4|3.0|3.5|absent |0|719830.9
4060|1365|09-Sep-2017|159.1|16.2|3.9|Present|0|870242.1
4061|1315|April 03, 2021|147.1|22.1|4.3|present|0|576779.14
4062|1765|15-04-2024|178.0|1.2|3.8|Present|2069.57|544349.55
4063|1367|February 06, 2021||9.6|3.6|Present|0|
4064|1349|October 03, 2024|122.8|9.3|1.7|absent |0|776722.4
4065|1208|12/04/23|129.0|20.9|4.8|Present|45469.89|612744.7
4066|1083|16/04/22|151.7|16.8|3.1|Present|0|170152.15
4067|1207|2022-05-05|162.2|20.3|3.1|PRESENT|0|283928.7
4068|1381|24-Jan-2023|150.0|1.5|2.2|Present|0|275864.11
4069|1345|24-12-2019|130.5|0.6|5.0|PRESENT|0|902736.31
4070|1528|10-06-2022|141.3|4.9|3.5|absent |0|395970.97
4071|1807|26-Oct-2024|193.8|12.5|4.0|Present|0|564655.45
4072|1193|19-Feb-2023|165.0|8.0|2.9|absent |0|559211.87
4073|1158|25/08/17|191.4|3.7|2.3|Absent|0|474753.98
4074|1845|03/07/17|198.7|18.5|3.1|absent |0|646753.64
4075|1850|11-Sep-2023|184.0|14.9|2.7|PRESENT|0|678105.9
4076|1478|12-Jul-2023|161.9||2.8|PRESENT|0|326557.06
4077|1794|09-Aug-2024|195.4|2.8|3.1|Present|25302.22|451919.31
4078|1269|2019-03-16|198.4|7.8|1.2|Present|28445.8|771430.67
4079|1398|14/02/17|188.0|17.4|2.6|Absent|0|446827.76
4080|1847|July 24, 2024|174.6|13.0|4.1|Present|13713.56|362555.83
4081|1692|15/03/16|150.2|6.2|1.3|absent |0|219738.31
4082|1174|04/19/2021|172.8|21.8|4.1|Present|0|853247.97
4083|1055|12-03-2024|154.6|17.1|1.9|absent |0|292986.22
4084|1485|21-Jun-2022|190.0|11.2|4.2|absent |0|939355.76
4085|1349|21-12-2021|152.1|9.4|2.6|Present|0|650311.08
4086|1832|01-Oct-2020||0.4|2.0|Remote|0|366798.81
4087|1347|17-Nov-2024|168.3|4.5|1.1|Present|0|511076.47
4088|1370|10/06/23|164.6|8.5|4.7|Present|49776.56|898029.73
4089|1766|November 17, 2022|138.6|22.5|1.2|Remote|0|253441.36
4090|1166|27/08/20|-5.0|20.0|2.0|Leave|9981.38|420739.6
4091|1404|08/04/19|121.5|6.0|1.2|Leave|0|723565.17
4092|1754|2024-09-25|127.6|9.6|1.9|present|0|897924.18
4093|1219|06/06/2023|128.4|13.4|4.2|Present|0|597286.6
4094|1424|13/11/24|140.7|16.4|2.7|present|41212.79|309454.74
4095|1433|May 02, 2023|126.4|20.6|1.1|present|0|285580.61
4096|1634|08/27/2023|195.6|0.7|4.5|Present|0|669378.89
4097|1108|2019-06-08|120.7|19.0|1.1|Absent|0|883537.73
4098|1232|2023-01-14|148.4|4.5|1.8|PRESENT|36476.21|222340.91
4099|1040|10/04/22|171.0|10.1|3.0|Present|37329.16|282856.21
4100|1686|2021-08-05|124.7|21.7|1.9|Present|0|257754.09
4101|1106|2016-05-01|186.3|11.1|4.8|Present|0|796816.77
4102|1464|05/06/19|182.7|9.4|3.3|Leave|1063.09|737212.04
4103|1029|2021-11-11||13.0|4.6|Leave|0|515573.05
4104|1059|10/03/21|198.8|4.8|1.4|PRESENT|14549.13|278814.18
4105|1217|2024-03-14|145.2|19.2|1.9|Leave|0|540645.31
4106|1785|15-Feb-2024|128.4|20.4|2.2|Absent|0|542152.9
4107|1827|17-11-2019|140.0|16.7|2.4|present|34189.6|606432.43
4108|1562|08/23/2023|164.6|0.1|3.2|Remote|0|698912.05
4109|1849|March 23, 2017|139.7|8.6|4.0|Present|10779.9|652229.25
4110|1442|18-Dec-2019|-5.0|18.8|2.6|present||769264.0
4111|1524|04/18/2017|141.5|13.9|2.7|Present|44726.48|183940.81
4112|1173|December 10, 2019|192.1|3.3|3.8|Remote|0|658966.11
4113|1286|16/09/22|167.0|12.6|4.1|Present|13195.77|576257.34
4114|1547|09-Nov-2020|157.7|5.7|4.5|Present|13518.55|489148.15
4115|1579|2024-05-07|192.7|12.1|2.7|Present|0|333979.68
4116|1698|21-08-2019|136.3|6.2|4.9|Absent|4810.63|291153.18
4117|1595|01/18/2023|181.0|14.8|3.9|PRESENT|0|805893.0
4118|1077|22-Jul-2015|188.6|5.6|3.4|Present|21595.59|722889.56
4119|1199|10/23/2023|184.2|8.7|3.2|absent |0|616598.82
4120|1143|27-Sep-2021|132.1|20.6|4.1|Present|0|553650.86
4121|1162|2019-06-16|175.1|2.3|2.2|Present|0|874181.03
4122|1748|01/28/2021|197.3|21.2|3.3|Remote|24067.78|804728.65
4123|1812|11-May-2017|186.1|15.6|3.9|Present|2879.13|419441.36
4124|1180|May 27, 2021|124.8|19.3|2.6|Absent|0|445173.62
4125|1165|2018-08-26|142.8|22.4|4.2|Present|12032.29|804485.58
4126|1802|11/25/2023|179.2|1.7|3.9|Leave|0|389669.21
4127|1616|January 12, 2021||20.5|2.3|Leave|0|232209.34
4128|1222|01-03-2018|195.4|18.9|4.3|Present|0|398049.38
4129|1272|02/03/22|136.5|12.3|4.3|Remote|41949.12|174250.31
4130|1362|08-11-2021|163.4|2.5|2.2|Present|0|222509.54
4131|1579|01/26/2017|135.7|12.9|1.2|Present|0|564699.36
4132|1815|April 15, 2024|178.5|13.1|2.4|Leave|10892.18|786158.82
4133|1632|24-Sep-2022||22.8||Remote|0|493209.07
4134|1080|28-10-2023|193.4|7.2|3.3|PRESENT|0|338629.45
4135|1391|25-07-2023|181.6|11.5|4.9|PRESENT|20526.28|659582.61
4136|1384|21-03-2021|162.0|18.8|2.9|Present|0|300571.96
4137|1585|December 01, 2022|139.1|24.9|4.3|Absent|0|505840.86
4138|1333|05/07/17|123.9|13.1|4.5|Absent|27755.73|802263.72
4139|1807|December 02, 2023|121.6|2.3|4.5|Present|0|511325.92
4140|1627|19/12/22|||3.7|present|0|852906.68
4141|1168|16-Feb-2022|154.0|5.2|3.6|Present|32670.97|675650.43
4142|1125|05/10/18|170.8|2.2|1.7|Present|0|625467.44
4143|1788|September 01, 2023|183.8|8.9|3.7|present|0|294585.73
4144|1273|March 26, 2023|188.0|21.4||Present|0|698158.52
4145|1474|2023-06-02|196.8|7.6|2.1|PRESENT|0|852122.31
4146|1221|2021-12-14|175.0|5.6|1.8|Remote|3866.87|306952.73
4147|1474|03/03/23|159.1|19.6|4.2|present|4799.41|375488.17
4148|1719|03-05-2024|161.1|13.0|4.8|Present|0|507806.21
4149|1634|02-04-2024|159.9|4.5|3.1|Present|0|
4150|1338|23/09/22|137.9|1.1|2.4|Leave||844497.84
4151|1655|19/10/21|165.5|13.4|4.4|Present|0|485995.33
4152|1622|September 22, 2018|122.7|2.3|2.5|Present|0|575731.37
4153|1616|07/05/24|180.3|19.6|4.4|Leave|0|175698.17
4154|1033|09/11/2023|157.0|4.2|3.6|Present|0|156802.1
4155|1091|24-Sep-2022|191.6|3.6|1.8|Remote|0|324085.38
4156|1206|07/04/20|191.5|21.0|1.9|absent |37849.15|645077.72
4157|1560|26-05-2020|181.2|14.5|1.3|absent |40797.13|615948.07
4158|1410|January 27, 2020|142.6|3.4|3.4|Present|0|621289.37
4159|1099|19-01-2020||1.1|4.7|Present|0|771131.71
4160|1816|17-12-2023|188.7||1.7|present|0|629886.87
4161|1478|November 09, 2016|-5.0|4.3|2.6|Present|37211.08|719357.97
4162|1439|11/03/20|139.4|1.8||present|46548.71|701273.0
4163|1230|2020-10-17|138.6|9.6|3.8|Remote|0|677950.85
4164|1150|26-07-2019|144.2|12.9||Present|0|613974.62
4165|1579|2021-07-12|185.2|13.0|4.3|Present|44972.4|586046.06
4166|1543|05/04/23|174.5|19.9|4.0|absent |40211.07|928917.09
4167|1322|22/08/19|162.3|10.5|1.6|Remote|0|443568.77
4168|1119|2023-12-06||9.0|1.6|Remote|0|241194.78
4169|1309|2024-02-27|177.5|13.0|2.0|Present|0|222469.19
4170|1537|07/04/2022|144.8|15.7||present|0|416169.81
4171|1015|2017-02-22|121.7||1.5|Present|0|841269.33
4172|1563|19-Jan-2024|131.5|22.5|1.7|Present|0|422946.29
4173|1187|23-Jun-2024|153.6|9.5|3.2|Present|0|250570.81
4174|1807|26-Jul-2022|187.1|23.1|4.9|PRESENT||
4175|1729|02/01/24|170.3|12.9|4.9|Leave||654170.13
4176|1585|03/08/24|155.0|4.4|1.3|Present|0|836557.81
4177|1081|November 07, 2023|195.0|20.0|3.0|Present|0|186202.6
4178|1376|11-Aug-2019|130.1|11.3|2.7|Present|0|321767.0
4179|1235|2022-03-05|133.7|18.4|2.0|Present|0|911598.39
4180|1507|26/11/17|153.0|17.7|2.7|Leave|0|227431.09
4181|1777|07-06-2018|174.9|21.2|1.3|present|5606.18|409933.97
4182|1086|07/04/2022|136.4|17.2|1.5|Present||297175.34
4183|1100|January 06, 2018|129.7|0.4|4.1|PRESENT|28859.07|340681.61
4184|1140|21/07/19|198.0|9.8|4.0|Present|0|784867.19
4185|1465|02/24/2024|175.4|8.2|1.5|present|0|638746.63
4186|1607|2024-02-21|175.3|2.1|4.4|Leave|0|
4187|1060|11/20/2022|180.9|7.3|2.2|Present|0|920557.74
4188|1613|19/12/19|138.9|18.7|2.8|PRESENT|0|475809.3
4189|1686|10/08/24|152.4|1.6|3.8|Absent|0|785686.04
4190|1153|2016-03-01|147.0|1.7|3.8|Remote|0|679593.93
4191|1062|08-Jan-2020|173.0|18.6|2.1|Leave|15146.76|872747.95
4192|1826|04-Jul-2022|197.3|9.5|1.8|Present|0|299097.91
4193|1037|18-03-2021|127.8|22.5|4.9|absent |0|428521.61
4194|1292|18/11/24|192.6|15.6|2.7|Present|0|384729.63
4195|1832|15-09-2022|182.0|19.9|1.2|Present|0|782388.3
4196|1323|2020-05-26|192.2|14.3|3.8|Absent|0|422907.04
4197|1277|20-04-2020|125.3|24.7||Present|0|577184.5
4198|1485|02-Jul-2024|130.2|1.7|4.3|Remote|0|670651.6
4199|1306|06-01-2022|181.4|13.5|1.5|Present|0|198680.11
4200|1327|2021-03-15|179.4|4.1|4.0|absent |1482.35|282329.34
4201|1566|06/01/2022|188.5|16.0|2.0|Present|27538.22|913952.05
4202|1231|August 22, 2020|145.8|24.8|4.5|Present|0|701720.42
4203|1632|06/14/2019|154.8|5.6|3.3|PRESENT|9954.98|931815.9
4204|1076|04/22/2018|178.8|19.9|1.0|Leave|0|307007.86
4205|1822|01-Jan-2022|187.0|7.0||Remote|0|323070.48
4206|1029|2019-05-02|181.1|3.9|4.5|Absent|0|907121.71
4207|1274|10/02/2018|126.5|11.8|4.0|absent |0|481020.93
4208|1671|20-Feb-2021|163.3|3.5|1.0|PRESENT|0|711938.41
4209|1581|May 22, 2020|197.8|12.0|2.2|Absent|0|251397.82
4210|1370|2021-10-03|183.9|7.6|2.5|Present|0|507954.09
4211|1694|06-11-2018|137.4|0.6|2.2|Present|28897.65|199226.84
4212|1151|25/05/16|122.1|7.0|2.4|Remote|0|407662.35
4213|1404|08-Oct-2021|169.2|2.7|3.9|Present|0|598883.51
4214|1312|2022-04-11|184.4|0.3|4.8|Present|0|616881.18
4215|1073|February 16, 2019|170.2|8.3|4.2|Present||840493.11
4216|1522|15/07/20|127.0|19.0|4.0|Present|8713.49|690249.71
4217|1734|03/03/2023|173.2|2.1|2.0|Absent|0|772808.89
4218|1316|2022-04-18|137.6|0.6|4.4|present|0|361008.22
4219|1202|08-12-2017|179.8|24.5|2.0|absent |11280.16|396313.73
4220|1601|11-10-2023|173.3|18.2|4.6|Present|0|440542.98
4221|1782|20-Jan-2019|177.1|7.9|4.2|Leave|0|312303.9
4222|1780|2020-09-19|194.8|23.2|2.9|Leave|0|810817.13
4223|1232|2024-03-21|152.4|14.0|2.3|present|0|438758.57
4224|1139|02-05-2022|128.7|12.2|3.9|Remote|0|453214.34
4225|1091|September 03, 2023|144.1|1.8|2.1|Present|0|931732.84
4226|1018|12/04/24|179.5|1.3|1.8|Leave|46712.09|393456.88
4227|1168|July 15, 2021|140.2|17.8|4.5|Present|0|793059.28
4228|1376|10/25/2017|191.4|21.9|4.9|Present|0|673969.04
4229|1168|12/15/2021|170.8|20.3|1.7|PRESENT|0|589978.43
4230|1158|2023-01-26|137.7|3.8|2.5|Present|0|392810.69
4231|1777|10/02/2023|183.7|0.6|3.5|Present|0|377839.08
4232|1545|04-Dec-2020||18.2|1.0|Present|0|429401.22
4233|1731|11/11/22|166.6|23.2|3.7|Present|17638.76|926734.08
4234|1410|2021-02-17|-5.0|11.2||Leave|0|787943.9
4235|1420|2022-07-10|180.2|8.1|4.5|Present|0|477555.3
4236|1440|03/09/16|121.5|1.8|4.8|Remote|0|489474.26
4237|1220|28-01-2022|175.5|17.6|1.3|Present|0|936247.63
4238|1649|August 02, 2020|121.5|1.5|1.3|Present|20597.18|876252.0
4239|1792|2024-10-19|180.8|10.4|1.1|Remote||223911.14
4240|1162|10-Sep-2020|160.5|22.4|3.2|Present|32522.75|693666.65
4241|1734|July 19, 2021|195.2|14.4|2.8|Present|0|616174.35
4242|1485|04/05/2024|173.1|3.7|2.2|Absent|44915.27|156682.61
4243|1533|April 15, 2020|167.9|16.8||Present|8439.35|601147.1
4244|1675|12/17/2022|168.7|14.6|2.1|Present|11873.37|919725.14
4245|1781|March 15, 2024|172.6|11.6|2.1|Present|6157.15|893450.46
4246|1086|13-09-2023|174.4|24.0|2.9|Present|0|208407.75
4247|1158|05/20/2019|152.2|17.2|3.1|Leave|0|544933.66
4248|1405|2020-05-16|177.9|10.8|2.8|Absent|25345.49|824462.26
4249|1375|2021-02-26|157.0|12.8|1.8|Leave|0|433951.4
4250|1139|13-02-2022|198.9|8.2|3.0|Present|2977.78|302637.7
4251|1443|09/02/21|157.4|21.2|2.1|Absent|0|600043.9
4252|1606|12/11/2017|145.4|14.1|4.7|present|0|253018.37
4253|1276|2020-04-03|199.6|2.4|3.7|PRESENT|6350.84|820670.77
4254|1849|2021-12-09|147.6|23.0|3.5|absent |0|159078.66
4255|1845|10-Sep-2023|170.4|17.2|1.5|PRESENT|0|922517.19
4256|1744|10-09-2016|144.8|7.3|2.4|Present|0|192111.06
4257|1391|04/19/2023|147.3|18.3|2.9|absent |0|457305.07
4258|1389|2023-08-15|160.1|0.2|1.8|Absent|0|926512.6
4259|1713|28/02/24|142.4|24.4|3.5|Remote|0|912109.86
4260|1347|09/06/21|172.9|11.4|3.6|PRESENT|0|172174.12
4261|1355|05/13/2024|131.3|8.2|4.5|Absent|0|880045.33
4262|1444|16-Apr-2024|190.8|24.6|1.2|Present|0|940518.64
4263|1372|07-02-2023|136.2|7.2|1.4|Present|0|900257.1
4264|1009|09/03/23|192.8|4.0|3.5|Present|48357.76|752566.31
4265|1313|28-12-2016|194.1|12.6|4.0|PRESENT|0|376449.89
4266|1477|04/08/2024|193.9|2.8|2.5|Remote|41896.72|422886.91
4267|1049|2021-12-12|129.7|14.6|2.8|Absent|0|571387.77
4268|1140|July 04, 2020|152.2|13.6|2.9|PRESENT|0|322645.53
4269|1344|June 05, 2018|171.8|3.6|4.4|Present|0|688965.95
4270|1389|06/11/2019|183.6|2.2|1.9|Leave|36812.84|264138.48
4271|1563|23-Sep-2019|191.8|0.1||Present|16892.25|856925.14
4272|1122|28/12/24|198.9|5.4|3.3|Present|0|916680.69
4273|1311|03-Aug-2021|-5.0|17.1|2.2|Present|0|368581.96
4274|1355|22-01-2021|196.7|15.6|1.6|Absent|34548.76|526242.97
4275|1240|09-10-2020|135.2|20.1|4.9|Present|0|880407.85
4276|1397|July 21, 2024|174.0||4.7|PRESENT|0|402595.56
4277|1106|2020-04-04|198.8|3.1|3.3|Leave|0|840025.17
4278|1644|27-05-2024|178.0|8.6|2.2|Present|1231.59|513774.51
4279|1023|25-Mar-2021|190.8|24.6|4.5|Remote|0|527146.58
4280|1107|April 03, 2021|188.5|3.6|4.3|PRESENT|0|481714.94
4281|1353|24/02/21|131.2||3.8|Present|0|699445.46
4282|1397|03-Mar-2019|193.1|22.5||Present|0|714770.97
4283|1580|2020-04-26|174.2|4.7|1.7|Remote|0|668216.02
4284|1201|07-Apr-2024|153.4|4.5|1.9|Present|0|741498.86
4285|1277|2020-09-20|169.0|9.6|4.2|Present|0|657679.87
4286|1758|14/03/21|181.6|23.9||present|0|265218.67
4287|1585|2023-12-23|181.3|19.5|1.2|Leave|35863.98|440199.12
4288|1457|2019-02-09|143.6|20.6|4.0|PRESENT|0|173928.25
4289|1171|04/14/2023|164.9|10.9|2.6|Leave|32953.7|901802.07
4290|1559|16/05/24|151.8|0.5|5.0|Leave|32711.35|314641.9
4291|1136|28-Feb-2021|198.8|6.4|1.6|Present|30438.33|872037.52
4292|1237|28-Oct-2020|182.5|8.6|4.3|Leave|0|771054.45
4293|1490|24-Apr-2017|168.0|23.0|4.7|present|0|581628.89
4294|1276|25-May-2020|170.9|15.2|1.8|Present|16645.49|789318.59
4295|1412|February 03, 2024|122.3|18.4|3.6|Present|0|434796.96
4296|1020|2020-12-26|157.8|14.6||Present|0|496090.42
4297|1721|2020-03-22|158.9|1.0|3.8|Present||905750.74
4298|1622|2021-03-10|173.8|19.1|4.0|Absent|0|782176.91
4299|1814|15-Sep-2022|139.7|21.2|2.9|Leave|0|443953.49
4300|1490|2024-03-23|178.1|23.3|2.6|Leave|0|151906.35
4301|1087|2018-02-19||3.4|4.0|Absent|0|323730.27
4302|1100|15-06-2020|125.8|16.4|3.6|Present|6041.94|178235.78
4303|1639|November 10, 2019|172.9|15.9|2.8|Present|10.55|515370.28
4304|1252|08-11-2023|171.5|19.6|1.7|Present|0|877306.91
4305|1355|January 22, 2022|154.3|4.8|1.0|absent |3962.92|876616.12
4306|1518|26-Nov-2019|172.8|19.9|4.5|Present|0|819114.14
4307|1839|28-03-2022|120.2|7.7|3.6|PRESENT|0|626342.22
4308|1522|2020-03-22|150.6|4.7|1.4|Leave|0|834658.27
4309|1264|05/20/2022|121.3|1.8|3.4|Remote|0|368550.68
4310|1820|04/25/2023|168.3|22.4|1.2|Present|0|207754.86
4311|1063|December 03, 2021|158.2|4.8|4.0|present|0|725299.68
4312|1339|10/21/2020|189.5|6.9|2.9|Present|0|910290.69
4313|1520|11-01-2017|149.6|18.1|3.1|Remote|0|454464.35
4314|1800|10/12/2022|140.2|1.7|2.4|PRESENT|0|947140.58
4315|1523|2021-06-12|198.5|11.2|1.6|Present|0|510071.66
4316|1317|January 11, 2021|148.2|7.1|1.5|Present|0|297153.49
4317|1288|2018-10-02|198.9|5.4|3.6|PRESENT|0|166271.28
4318|1138|20-Jul-2022|122.4|12.9|1.9|present|12569.01|864033.8
4319|1069|28/05/19|149.0|2.7|1.5|absent |30723.49|661794.74
4320|1087|08-04-2020|136.7|17.8|2.9|Present|0|845082.64
4321|1664|28-01-2021|171.6|4.1|3.7|Present|0|616043.06
4322|1468|07-04-2016|162.7|0.2|4.7|present|0|411503.35
4323|1300|08-11-2019||6.7|1.9|PRESENT|8595.88|502139.71
4324|1260|2022-03-02|145.1|21.3|2.3|absent |30100.71|353289.52
4325|1530|March 23, 2018|172.3|1.1|3.3|Present|0|660780.95
4326|1237|2022-09-04|155.3|12.5|4.5|Present|0|269989.27
4327|1179|10/07/19|150.6|7.5|2.3|Leave|0|216535.8
4328|1359|10/15/2023|162.6|11.1|2.6|Remote|0|270555.49
4329|1308|02/05/2023|164.5|4.7|2.5|present|10100.82|577431.51
4330|1416|12-05-2021|143.3|14.9|3.8|Present|0|299939.8
4331|1467|08-Apr-2018|144.2|9.7|1.6|PRESENT|0|
4332|1227|2024-04-22|168.4|7.1|2.3|PRESENT|9946.97|804500.53
4333|1058|17-08-2020|163.2|6.9|1.6|Absent|0|727032.34
4334|1437|04-Sep-2019|134.6|8.9|3.5|present|0|934768.82
4335|1220|2018-06-19|163.9|4.8|2.0|Present|0|380943.65
4336|1622|17-09-2024|190.0|8.4|2.4|Leave|0|154128.69
4337|1118|2021-07-18|129.6|20.7|2.2|Absent|0|754374.93
4338|1352|2022-03-24|141.8|14.7||present|0|750001.38
4339|1639|October 12, 2018|125.1|18.5|2.1|PRESENT|458.2|288239.11
4340|1441|19-Apr-2019|182.5|13.8||present|0|402357.81
4341|1318|02/02/2021|192.8|12.2|4.3|Present|0|433645.92
4342|1293|05/07/2022|176.0|23.5||Present|0|265826.64
4343|1534|28/10/16|197.4|6.1|3.9|Present|0|441541.69
4344|1643|09/12/24|122.7|9.8|2.1|Present|0|513956.63
4345|1047|June 28, 2023|192.4|15.7|2.3|Leave|6751.32|752206.72
4346|1324|August 16, 2022|179.1|4.8|1.5|PRESENT|0|166460.0
4347|1570|19-03-2022|120.2|20.4|1.3|Present|0|350843.72
4348|1635|2019-04-01|173.9|2.9|4.1|Absent|31332.84|929681.79
4349|1097|02/22/2023|158.0|0.9|4.9|absent |0|400484.96
4350|1721|2024-10-13|157.3|16.9|4.8|Present|0|597403.5
4351|1668|08/06/2021|163.8|2.0|1.8|PRESENT|16032.65|198154.3
4352|1501|13-10-2024|146.8|6.2|4.5|Leave|44579.16|629310.59
4353|1020|2022-10-10|127.4|15.6|2.9|present|0|482041.26
4354|1495|June 08, 2020|125.2|24.7|4.6|Present|0|401587.35
4355|1110|2023-08-18|157.5|18.4|3.3|PRESENT|23979.25|
4356|1184|12-03-2022|199.3|20.2|2.7|Remote||548011.77
4357|1714|02/23/2024|190.9||4.0|PRESENT|0|879337.76
4358|1594|2024-07-21|164.3|12.9|1.7|present|4014.85|265848.93
4359|1691|01/11/15|181.9|17.2|3.6|Present|0|263953.8
4360|1129|2023-03-20|184.3|21.9|2.6|PRESENT|11259.63|343410.13
4361|1606|23/02/19|165.8|24.8|3.3|absent |36528.8|437106.97
4362|1373|02/28/2023|138.2|2.8|1.8|Present|0|741506.21
4363|1381|08-Jul-2023|175.7|23.5|4.5|Present|0|723288.68
4364|1429|23-Nov-2020|195.8|15.2|1.4|Absent|0|626807.29
4365|1797|December 23, 2022|199.4|3.4|3.7|Present|0|280068.2
4366|1188|23/12/17|139.3|5.1|1.5|Present|36748.24|308773.08
4367|1673|10/13/2021|172.0|12.7|4.3|Present|0|418972.75
4368|1320|05/23/2020|192.4|21.1|3.0|Present|0|501682.98
4369|1194|11/06/2018|147.6|14.3|1.4|Remote|0|923059.41
4370|1758|19/06/24|160.7|8.3|4.4|absent |0|602091.4
4371|1608|05/02/19|187.5|20.1|1.5|Present|0|427384.72
4372|1181|2020-07-20|126.5|11.6|4.3|Present|0|419524.51
4373|1192|12/14/2020|125.7|16.9|3.6|PRESENT|28014.82|626568.54
4374|1411|26-Feb-2023|140.4|7.8||absent |43434.76|212479.73
4375|1359|07-10-2022|129.5|6.5|1.7|Present|0|187001.22
4376|1182|15-Apr-2022|156.1||2.8|Leave|0|
4377|1028|May 18, 2022|125.3||1.3|Present|441.33|820156.28
4378|1705|19-02-2023|124.8|14.2|1.7|Present|0|855029.54
4379|1136|04-01-2021|128.9|13.0|2.3|Absent|0|455358.67
4380|1339|01/04/2017|120.0|0.6|1.3|Present|2319.76|550627.34
4381|1717|2024-12-07|166.3|16.5|4.8|absent |0|594678.44
4382|1172|2019-12-25|128.7|17.6|4.7|present|6108.06|760917.05
4383|1014|2016-08-17|181.6|20.2|1.2|absent |0|739643.81
4384|1644|11/08/2024|-5.0|14.1|2.5|Present|0|590734.08
4385|1162|2020-12-05|151.3|23.2|1.9|Leave|0|592510.43
4386|1431|14-Feb-2022|181.3|19.5|1.5|Remote|0|431961.5
4387|1624|27/02/21|145.6|24.8|1.1|Absent|17431.19|178765.48
4388|1511|25-Nov-2024|157.4|22.0|3.2|Present|0|741881.58
4389|1232|07/07/20|182.6|17.8|3.9|PRESENT|16034.34|612008.46
4390|1828|2021-09-10|133.9|12.9|3.3|Present|11985.17|240837.51
4391|1691|02-Dec-2016|198.9|6.3|1.9|Present|0|558615.97
4392|1293|06-01-2020|123.7|8.1|3.5|Absent|0|482662.07
4393|1352|2021-08-04|188.9|15.5|2.5|Present|45366.2|538999.96
4394|1559|December 06, 2017|151.5|8.6|1.6|present|0|455521.84
4395|1574|19-03-2017|194.0|24.3|5.0|absent |0|885578.47
4396|1097|28-Dec-2022|131.7|14.3|4.5|Present|38493.45|667542.92
4397|1165|2019-07-16|121.6|20.0|2.3|Present|0|660274.25
4398|1213|24-Nov-2022|162.2|21.0|3.9|absent |0|158669.22
4399|1830|2023-02-12|145.2|11.8|3.6|Absent||948166.67
4400|1362|2022-12-24|140.8|13.5|3.0|PRESENT|0|625126.83
4401|1353|27-Apr-2021|132.6|13.3|2.0|absent |0|353062.91
4402|1729|05/06/17|-5.0|9.2|1.5|Absent|0|847720.89
4403|1586|06-07-2023|153.8|21.4|3.7|Remote|0|394432.4
4404|1458|14/01/24|197.7|14.7|1.2|Present|22295.93|391854.92
4405|1494|04/27/2022|131.1|14.1|3.3|Leave|0|193605.55
4406|1551|08/02/2017|138.4|23.9|3.6|Present|0|819743.73
4407|1726|01/20/2023|184.5|9.6||Absent|41366.94|495255.75
4408|1422|16/10/23|120.2|22.5|1.5|Present|0|309902.56
4409|1060|2023-01-01|185.3||4.1|Present|0|336656.91
4410|1177|2023-02-02|127.7|20.0|2.7|present|22304.59|406118.08
4411|1231|2023-09-15|190.9|14.4|4.0|PRESENT|36602.59|173859.4
4412|1309|16-09-2024|167.6|20.3|1.7|Absent|0|186690.45
4413|1813|January 04, 2024|188.3|1.2|3.3|Present|5566.03|265116.91
4414|1165|05/05/23|194.3||2.7|Present|0|847964.74
4415|1558|18/09/19|173.1|24.2|1.9|Present|368.93|383475.25
4416|1052|2022-12-03|181.6|1.3|4.2|Present|0|686606.18
4417|1433|14-09-2019|186.4|8.9||Present|13804.41|906172.97
4418|1242|10/26/2019|161.0|23.5|2.6|absent |0|933257.06
4419|1293|21-11-2024|195.3|0.4||Present|2591.28|538739.78
4420|1255|16/01/22|124.9|24.8|3.3|absent ||234651.2
4421|1270|12-Feb-2024|145.3|9.7|2.3|Present|0|194238.81
4422|1509|08-11-2022|156.3|23.0|2.1|Present|194.12|538256.57
4423|1693|23/04/24|187.0|1.9|3.5|present|45411.08|320596.36
4424|1766|2018-05-14|152.2|8.2|3.4|Present|0|163436.1
4425|1689|2021-06-03|121.0|11.9||Remote|44069.82|511626.93
4426|1654|2023-07-12|199.4|23.2|1.5|PRESENT|0|528386.68
4427|1125|2023-02-02|128.7|4.0|2.8|Present|0|
4428|1300|19-Nov-2018|190.6|19.8|4.8|PRESENT|0|899321.84
4429|1376|18-Oct-2020|145.3|18.9|4.6|Absent|0|503748.91
4430|1410|June 21, 2023|132.6|11.0|1.3|Absent|0|255253.51
4431|1181|20-07-2021||2.8|4.2|Absent|13254.51|488894.56
4432|1639|10-02-2023|134.6|16.3|2.3|Remote|0|365887.67
4433|1592|10/26/2024|130.3|18.8|3.6|Present|0|712800.38
4434|1396|2022-06-25|153.5|15.7|3.4|Present|10724.07|296838.35
4435|1495|11/03/18|-5.0|4.4||Absent|0|565637.05
4436|1472|October 05, 2021|181.6|10.1|4.5|Present|0|833567.15
4437|1600|24/12/24|195.8|19.0|1.1|Remote|0|852284.36
4438|1058|February 16, 2022|155.8|0.6|2.6|Remote|0|465541.9
4439|1698|2021-12-05|170.6|8.7|4.0|Leave|0|708810.95
4440|1140|03/07/16|170.7|3.2||Present|0|798061.74
4441|1797|22/10/24|154.7|6.7|4.3|Present|0|448451.4
4442|1385|2017-07-20||1.8|2.4|Leave|0|899152.06
4443|1222|09-May-2021|166.2|1.1|4.3|Absent|36531.5|746064.17
4444|1345|20-Aug-2023|192.2|4.6|1.3|Present|0|808426.33
4445|1523|12/14/2019|183.6||1.8|Leave|0|665615.37
4446|1764|01-07-2018|140.0|5.6|3.6|Absent|23539.96|430766.03
4447|1327|2020-01-21|175.3|12.8|4.6|Present|0|429671.58
4448|1069|09-05-2023|197.9|8.1|1.1|Present|0|717717.77
4449|1219|09/24/2022|191.4||4.5|Present|42730.64|438731.11
4450|1367|November 19, 2021|199.7|16.3|3.8|PRESENT|0|926078.01
4451|1168|March 11, 2021|142.1||4.1|absent |0|890265.42
4452|1232|2018-11-19|193.4|17.9|4.1|Present|0|
4453|1461|17/06/21|196.3|16.7|1.8|Absent|0|401708.55
4454|1815|December 19, 2024|186.6|4.8|5.0|Present|0|200329.58
4455|1645|05-Nov-2022|190.9|22.4|3.2|Present|0|615802.63
4456|1076|August 25, 2018|126.3|3.5|2.3|Present|0|806842.96
4457|1647|26-09-2016|199.5|14.9|3.3|Leave|0|893405.3
4458|1384|November 22, 2019|135.6|3.6|2.3|Remote|0|611815.05
4459|1524|18-07-2022|145.6|9.9|3.0|Present|34505.37|626321.5
4460|1250|16/01/21|127.9|23.5|3.9|Remote|0|639423.72
4461|1161|05/06/2020|126.2|10.2|2.1|absent |14313.68|902310.72
4462|1199|November 24, 2022|126.8|9.0|1.7|present|0|519720.88
4463|1313|15/08/19|191.2|18.5|1.2|Present|0|911375.41
4464|1390|02/16/2022|173.3|14.9|3.6|Remote|0|848172.53
4465|1508|12/22/2016|172.9|14.5|3.9|Leave|47574.52|877873.0
4466|1765|17-Sep-2024||16.2|1.0|present|13667.77|506984.37
4467|1417|September 25, 2023|152.0|17.5|4.8|Present|0|568161.95
4468|1398|09/24/2022|140.2||1.9|Leave|0|190028.25
4469|1799|24-Aug-2020|148.2|15.1|2.7|Present|0|322861.61
4470|1759|20/04/21|131.7|23.0|2.0|Present|0|364345.42
4471|1179|10-Aug-2019|153.0|14.9|3.5|present|0|883817.77
4472|1714|11/27/2020|152.9|12.7|2.7|PRESENT|0|
4473|1276|21/07/15|164.6|4.0|4.6|Present|9775.16|446397.16
4474|1518|19/04/24|193.6|9.2|2.7|present|3450.06|430942.36
4475|1791|26-Nov-2021|154.6|0.1|4.0|Present|45609.39|871095.81
4476|1756|October 01, 2021|196.9|12.9|1.3|PRESENT|0|199641.63
4477|1059|24-Jan-2018|194.7|21.4|2.4|present||349356.4
4478|1567|05/08/2021|196.6|6.9|3.4|absent |1081.51|274352.87
4479|1490|06/10/18|198.2|0.5|2.6|Present|39805.43|354203.46
4480|1106|24-Jun-2020|192.9|4.2|3.4|PRESENT|22304.15|610715.26
4481|1125|2018-05-13|136.0|2.1|4.9|Present|0|503518.09
4482|1490|20/06/24|128.8|10.5|2.0|Present|0|784836.02
4483|1672|15-05-2020||8.2|2.5|present|0|360598.55
4484|1026|19-Feb-2024|125.0|3.0|4.7|present|0|354732.77
4485|1271|January 15, 2023|179.6|6.1|1.6|Remote|0|881488.15
4486|1232|08/17/2021|150.0|20.0|4.8|Remote|0|
4487|1616|04-06-2020|174.7|22.1|1.5|Present|20229.57|707674.38
4488|1447|October 10, 2024|170.7|10.2|3.2|Present|0|638457.84
4489|1830|12/16/2024|192.8|19.4|4.7|Present|0|589071.03
4490|1592|09/08/2016|198.5|0.2|1.4|Present|0|599364.83
4491|1670|December 27, 2023|123.1|16.0|3.8|Present|0|354133.16
4492|1602|25-12-2024|163.7|4.4|1.3|present|0|758080.14
4493|1591|05/06/16|136.7|13.2|3.5|PRESENT|34248.74|252475.61
4494|1633|17-08-2022|||1.6|PRESENT|0|824338.64
4495|1342|2023-04-22|143.0|18.2|3.1|Present|0|247479.22
4496|1645|09-Apr-2020|182.6|12.4|4.3|Present|0|706807.21
4497|1389|08/10/2020|124.6|11.0|3.5|Present|0|254178.07
4498|1329|02-08-2019|186.9|19.0|2.6|Leave|0|789889.84
4499|1218|2024-07-26|134.9||1.1|Absent|40567.77|883938.91
4500|1481|2016-02-25|121.8|24.5|3.9|Present|10139.25|670676.18
4501|1249|June 15, 2024|198.5|9.4|4.1|Leave|0|550176.19
4502|1025|April 24, 2018||4.9|3.6|Remote|0|400531.18
4503|1815|03/10/21|129.9|5.3|1.2|Absent|0|267750.84
4504|1699|05/13/2023|129.5|11.0|2.8|Remote|0|908028.6
4505|1077|10/08/19|177.6||4.1|Present|0|513285.01
4506|1569|June 22, 2018|126.3|19.3|1.9|Absent|0|323679.34
4507|1806|09-09-2020|171.8|12.1|1.4|Present|41503.17|798795.28
4508|1780|2020-01-04|145.5|10.8|1.6|absent |0|762870.51
4509|1822|26-06-2023|186.8|22.5|4.3|present|0|344820.08
4510|1680|04-Oct-2021|127.2|2.4|2.6|Absent|17124.87|329722.24
4511|1696|01-Dec-2022|155.4|7.1|4.8|present|0|241505.65
4512|1822|July 26, 2021|148.5|23.3|2.0|Present|20609.74|707058.35
4513|1317|July 08, 2021|176.2|9.8|1.2|PRESENT|0|310832.73
4514|1510|28-04-2024|-5.0|24.1||Present|0|398773.6
4515|1283|2024-08-09|-5.0|11.0|1.3|Present|24890.23|678303.85
4516|1398|2019-09-02||14.5|4.9|Absent|0|725987.18
4517|1778|21-02-2022||8.5|2.7|Present|0|215769.67
4518|1181|2021-06-28|146.0|22.0|3.4|Present|0|757334.73
4519|1393|07-Sep-2021|123.9|1.6|3.6|Present|27134.47|675113.89
4520|1507|March 27, 2021|181.5|4.9|4.4|absent |0|895266.11
4521|1320|09/04/16|124.5|4.7|2.0|Present|17543.68|164657.64
4522|1028|01/05/23|191.8|13.2|2.5|present|0|771626.96
4523|1528|2022-08-24|166.5||4.2|Present|43121.97|225179.8
4524|1201|2023-11-07|141.1|20.3|1.3|Absent|0|222783.26
4525|1628|26/01/24|161.5|7.6|1.9|PRESENT|48907.35|197478.05
4526|1233|2018-01-16|171.1|21.7|2.4|Present|0|279379.97
4527|1762|26-04-2021|168.4|18.1|4.2|Present|8503.43|259558.26
4528|1660|22/10/22|155.4|3.7|4.2|Present|0|463168.83
4529|1570|04/01/2024|181.5|19.2|2.4|PRESENT|0|200474.01
4530|1649|2024-09-20|170.5|0.9|3.4|Present|12803.29|298213.4
4531|1754|2021-04-06|196.3|19.8|1.8|Leave|0|842473.25
4532|1665|03/14/2023|185.2|19.9|1.7|Absent|46574.42|735178.43
4533|1057|July 02, 2024|128.1|12.6|4.8|Present|0|782468.96
4534|1100|01/01/19|149.4|0.9|3.8|Leave|0|697601.75
4535|1074|2018-04-05|168.6|23.8|4.3|PRESENT|43277.98|245226.71
4536|1151|January 16, 2019|143.4|17.0|2.1|present|28130.25|567514.52
4537|1146|2020-08-22|187.7|18.8|3.2|Present|0|320281.51
4538|1358|16-08-2019|175.4|12.8|2.1|Leave|0|153511.84
4539|1263|03/01/22|178.2|10.2|4.9|Present|0|239362.78
4540|1326|02-Nov-2020|133.4|23.1|3.0|absent |0|232822.26
4541|1547|14-11-2022|169.8|15.8||Leave|36515.82|501972.25
4542|1289|20-04-2022|132.4|9.6|2.0|Present|0|541216.38
4543|1151|September 13, 2019|182.3|18.1|1.7|Leave|39539.57|361141.67
4544|1691|08/06/2016|170.4|16.3|1.4|absent |0|377466.78
4545|1012|02/06/2022|189.0|15.5|3.4|Absent|39923.34|532458.07
4546|1500|26/09/16|135.7|21.2|2.2|Present|0|
4547|1261|28/10/24|183.3|24.7|2.9|Present|0|322093.21
4548|1745|2021-06-01|195.8|14.4|2.0|absent |0|875583.93
4549|1144|August 22, 2020|162.1|18.0|3.2|absent |0|859284.75
4550|1191|03/06/23|178.5|1.4|3.0|Present|36264.41|310535.09
4551|1648|14-Mar-2023||15.6|1.0|Leave|5182.36|831215.4
4552|1362|2020-11-05|191.7|10.8|3.8|Remote|0|896289.02
4553|1485|2022-02-25|124.6|20.7|4.0|Present|0|174266.25
4554|1409|February 09, 2018|189.7|17.5|4.8|Leave|0|429810.07
4555|1743|26/07/19|163.7||4.6|Present|0|514233.79
4556|1358|03/03/2021|176.7|9.1||present|0|384447.76
4557|1249|2022-01-21|197.3|23.1|2.2|Present|0|252468.87
4558|1668|20/11/24|172.7|20.3|3.7|Present|0|704238.49
4559|1279|March 26, 2024|192.2|1.1|3.4|Absent|36061.84|399887.59
4560|1825|17-06-2023|123.6|0.8|3.8|present|0|253838.2
4561|1410|January 12, 2021|193.5|17.8|1.9|Leave|0|292441.03
4562|1101|August 14, 2023|144.6|23.3|2.1|Leave|0|769155.82
4563|1559|March 22, 2020|126.6||1.9|absent |33413.07|827534.34
4564|1625|24-Oct-2021|143.2|23.1|3.4|absent |0|932340.52
4565|1785|13/07/21|150.8|16.1|1.7|Absent|33806.12|460286.02
4566|1638|11/16/2017|168.1|8.5|2.5|Leave|38172.62|945056.94
4567|1267|05/07/2023|187.6|13.6||Absent|0|507375.25
4568|1520|01-Jun-2018|141.9|6.4||Present|29766.19|475947.55
4569|1773|January 02, 2018|183.8|6.7|1.7|Remote|0|191569.99
4570|1224|March 05, 2017|191.8|18.7|4.4|Leave|0|689651.71
4571|1569|26-Oct-2015||18.2|4.5|Present|19364.56|786008.4
4572|1691|25/08/24|129.6|24.8|4.1|PRESENT|0|165528.78
4573|1626|23-Mar-2020|192.8|13.2|4.1|Present|32861.89|
4574|1442|21-03-2020|170.4|3.1|1.4|Present|5109.86|948725.99
4575|1157|13-03-2022|165.6|3.2|1.3|Present|33973.55|658724.23
4576|1157|01-Dec-2018|188.6|11.9|3.3|present|0|550447.18
4577|1470|03/23/2022|192.4|0.8|1.5|Present|0|898063.09
4578|1619|March 13, 2023|197.7|3.3|1.1|absent |40830.28|427036.01
4579|1418|2022-01-24|188.7||1.5|present|0|238237.82
4580|1276|2017-01-07|124.5||4.7|Leave|0|229474.96
4581|1434|02/03/2022|195.1|24.6|1.3|absent |15443.31|223526.67
4582|1542|November 17, 2019|165.5|18.8||Present|0|838479.37
4583|1298|17-12-2019|132.9|2.8|1.6|Leave|0|690848.69
4584|1018|11/27/2022|138.7|15.4|2.7|Leave|0|454667.94
4585|1776|28/03/22|144.5|15.4|4.7|PRESENT|0|597105.8
4586|1063|05-11-2020|143.6|14.3|1.1|Absent|29325.37|657754.83
4587|1527|2022-10-09||18.4|2.1|Absent||286497.16
4588|1409|February 06, 2020|183.4|9.6|1.2|Present|0|713350.15
4589|1044|24/10/23|128.9||1.7|Present|0|707906.48
4590|1498|08-05-2020|177.3|15.1|4.5|Present|0|472462.22
4591|1427|18-06-2024|164.0|18.8||Present|0|768160.5
4592|1239|2024-08-10|150.1|12.0|2.9|Present|32720.68|932719.72
4593|1691|2020-01-01|120.3|6.9|4.0|absent |31229.74|592229.79
4594|1206|December 22, 2022|189.2|9.4|3.3|PRESENT|0|577591.29
4595|1394|05/18/2024|159.7|8.7||Leave|0|305991.21
4596|1347|28-Jul-2023|131.6|6.3|1.5|Absent|44616.69|418950.9
4597|1294|04/04/16|176.3|14.1|4.8|Leave|0|561595.22
4598|1107|October 24, 2021|160.2||2.8|Leave|0|638229.67
4599|1546|16/12/23|162.5|8.9|4.8|Present|0|335607.43
4600|1710|June 26, 2022|125.2|6.3||Leave|29630.27|511438.21
4601|1005|13-07-2023|197.4|10.6|3.8|present|43217.04|155129.6
4602|1280|01-Nov-2021|166.8|6.0|1.5|Present|23357.39|450619.38
4603|1022|18-Mar-2023|138.5|7.4|1.8|present||912637.82
4604|1672|04-Jul-2020|142.3|21.3|5.0|Remote|0|880608.02
4605|1688|09/27/2021|150.0|5.9|1.4|Absent|0|708908.61
4606|1048|2019-07-03|163.6|11.6|4.0|Present|0|841568.76
4607|1812|18-01-2018|182.6|11.3|3.2|Leave|13316.44|171250.59
4608|1283|27-05-2023|123.4|24.4|1.9|PRESENT|0|721909.73
4609|1780|22-Mar-2022|128.9|12.0|2.4|Present|15384.56|914157.45
4610|1412|2024-03-15|191.0|6.5|4.6|Leave|5787.39|219356.61
4611|1442|2021-08-23|180.7|10.2|2.0|Present|0|306684.5
4612|1112|10/15/2022|169.7|1.9|2.0|Present|0|185690.97
4613|1825|28-Sep-2024|188.6|23.5|2.8|present|37270.83|618994.03
4614|1214|04/27/2024|159.8|3.7|2.0|Leave|0|414226.33
4615|1108|27/07/19|149.1|5.7|3.6|Absent|15168.58|277446.7
4616|1815|01/02/2019|121.0|9.5|4.1|Remote|0|865531.54
4617|1706|12/09/2024|150.6||2.4|absent |28202.77|174431.18
4618|1651|December 19, 2020|124.3|2.8|3.7|present|0|305829.56
4619|1097|09/05/20|185.0|5.4|3.3|Present|45337.44|224150.38
4620|1689|April 01, 2020|187.8|17.6|3.7|Present|555.4|184952.04
4621|1820|May 19, 2023|132.2|21.9|3.9|Present|0|785054.34
4622|1594|07-04-2023|141.5|10.9|3.1|Present|0|396778.38
4623|1224|11/28/2017|189.8|2.2|4.6|present|0|193719.31
4624|1428|2020-11-07|128.5|12.7|1.7|Present|10307.52|587525.02
4625|1369|07-07-2022|189.5|4.9|1.3|Leave|0|505278.79
4626|1385|08/22/2016|154.3|24.5|1.7|Absent|0|830734.33
4627|1373|2022-06-01|160.5|10.0|2.6|Present|0|923260.1
4628|1648|08/23/2022|197.8||4.2|Remote|0|251143.95
4629|1115|02/17/2023|159.8|12.3|3.5|PRESENT|7377.51|704420.47
4630|1191|12/09/2021|174.1|8.0|2.5|Present|0|879800.44
4631|1174|2020-01-03|175.1|4.4|2.1|PRESENT|0|
4632|1752|25-Dec-2018|136.2|16.7|2.8|Remote|0|715574.65
4633|1279|25-08-2020|182.4|3.8|3.9|Remote|0|422358.92
4634|1243|14-07-2021|160.5|12.5|4.2|Absent|0|591584.87
4635|1073|10/02/2020|120.3|9.6|4.5|Present|0|644270.09
4636|1475|12/01/21|178.8|11.6|3.8|Leave|0|487489.33
4637|1520|10/09/18|160.5||3.5|Absent|0|565292.44
4638|1318|February 12, 2024|199.4|13.2|3.3|Present|0|539355.21
4639|1563|07/06/2019|138.1|18.0||Present|0|908053.61
4640|1355|12-10-2020|175.2|8.1|2.3|PRESENT||400879.78
4641|1790|2023-04-13|169.6|1.1|4.3|absent |0|626141.65
4642|1033|01/04/21|137.3|17.5|3.5|Present|34391.94|824893.06
4643|1663|May 20, 2022|153.9|0.3|2.8|Present|34701.82|243277.15
4644|1345|09/07/2022|136.8|2.9|3.7|Present|17108.64|787035.46
4645|1538|04/13/2021|-5.0||3.9|Absent|44467.68|473497.25
4646|1359|January 17, 2023|179.1|16.0|3.4|absent |0|489175.28
4647|1611|17-Nov-2024|171.3|7.1|3.0|Present|36724.72|648758.97
4648|1229|08-01-2024|-5.0|13.2|1.9|absent |0|227700.69
4649|1252|2017-07-24|171.4|11.7|1.8|absent |16779.83|566225.35
4650|1470|02-Oct-2022|168.9|15.4|3.8|Remote|0|296765.67
4651|1700|2021-06-05|167.4|12.3|3.1|Present|3869.22|647323.08
4652|1081|2022-05-20|121.3|18.8|1.2|Present|13183.72|193935.98
4653|1727|May 15, 2020|194.8|8.2|2.6|Present|43341.09|553232.89
4654|1420|11/07/20|130.7|14.8|4.7|Remote|0|522672.02
4655|1573|2019-12-05|163.7|23.2|1.2|Present|11600.84|
4656|1250|05/24/2023|133.8|20.3|3.5|Present|0|308652.79
4657|1154|2022-11-07|162.6||2.5|Present|0|303320.22
4658|1037|28-09-2020|160.1|1.3|2.9|Absent|7569.23|623019.82
4659|1013|January 09, 2018|134.0|10.8|3.2|present|0|166001.58
4660|1656|03/06/20|178.8||2.3|present|34452.05|161256.51
4661|1339|09/13/2021|164.4|0.7|1.9|Remote|0|725057.2
4662|1237|January 05, 2024|130.3||3.3|Leave|0|517610.11
4663|1849|13-10-2021|147.6||4.8|Present|0|336999.45
4664|1495|January 10, 2018||7.5|3.7|absent |0|
4665|1579|03-04-2024|166.7|19.8|4.1|Present|0|415162.23
4666|1721|11/25/2019|195.9|21.2|1.6|present|0|621363.08
4667|1691|26-Mar-2024|132.0|12.0|4.8|Leave|0|880808.25
4668|1576|2023-06-26||9.9|2.4|present|0|864838.2
4669|1843|25-05-2023|149.1||1.3|Present|0|738508.03
4670|1235|2024-01-11|184.5|17.2|2.5|Present|0|525726.57
4671|1475|25/04/24|169.7|23.6|4.2|PRESENT|14475.71|578330.43
4672|1647|September 02, 2021|190.4|6.8|3.6|Absent|2883.67|294051.99
4673|1098|22-06-2018|173.4|3.4|4.6|Present|0|737462.15
4674|1502|2023-05-23|133.4|19.6|4.3|Leave|0|361882.82
4675|1286|2023-11-02|159.2|2.0|1.9|absent |0|230898.92
4676|1687|19-01-2023|192.3|1.4|1.0|Present|31974.36|911432.92
4677|1291|2023-03-03|179.7|0.4|2.9|Present|0|198199.52
4678|1835|08/03/2023|167.5|2.7|3.4|Present|0|414719.02
4679|1840|19/02/21|173.9|0.5|1.8|Present|41408.73|539676.39
4680|1310|02/06/2017|134.3|15.7|1.5|Leave|0|897697.54
4681|1419|03-Jul-2018|170.3|3.2|3.9|Present|17627.92|
4682|1384|06-Feb-2022|127.3|4.9|2.1|Absent|0|323438.38
4683|1339|16-Dec-2022|166.5|14.7|2.2|Present|7382.63|412595.15
4684|1620|17-02-2022|190.0|24.8|4.9|Remote|0|458543.32
4685|1371|26/03/20|185.0|18.4|3.9|present|0|368419.32
4686|1745|September 22, 2024|176.1|2.0|3.2|absent ||242097.43
4687|1055|April 10, 2020|153.2|6.2|4.4|Present|0|721052.63
4688|1365|2016-08-10|176.7|6.2|3.3|Leave|0|848639.41
4689|1577|May 05, 2020|164.9|22.8|2.5|Present|0|829405.3
4690|1370|2019-11-07|181.3|5.4|4.5|Present|30883.15|319649.49
4691|1849|2023-06-12|178.3|17.4|2.2|Present|13167.9|424490.95
4692|1402|2015-09-14|127.4|7.4|4.0|Present|0|598753.36
4693|1106|25-Aug-2019|125.5|9.9|1.5|PRESENT|23974.11|369285.88
4694|1276|25/10/23|125.7|17.5||PRESENT|0|792322.66
4695|1508|2022-08-11|159.7||3.4|Leave|0|176286.81
4696|1849|October 02, 2017|126.3|24.9|2.5|Absent|0|813310.9
4697|1429|08/03/2023||10.8|3.2|PRESENT|0|914016.26
4698|1221|2019-03-20|141.3|20.9|2.4|Present|0|401397.3
4699|1043|September 21, 2019|134.0|24.4|4.7|Remote|0|155130.37
4700|1035|June 20, 2019|153.9|15.4|1.3|Present|0|806895.67
4701|1298|08/22/2017|163.7|14.5||Remote|0|683556.46
4702|1289|19-Dec-2020|190.7|8.5|1.4|Present|0|179017.25
4703|1059|2017-05-26|132.6|11.1|4.7|present|40619.93|
4704|1616|11/26/2022||1.9|2.5|PRESENT|22157.42|511019.99
4705|1280|03/07/2020|162.1|24.9|4.0|Present|0|772890.5
4706|1336|18/05/24|140.3|4.7|1.2|present|0|820474.18
4707|1029|26/12/22|185.9|19.7|3.4|Present|29661.86|205537.24
4708|1288|22-12-2020|186.6|16.0|1.1|present|1449.72|651102.82
4709|1201|March 12, 2023|185.1|9.1|2.0|Present|0|724095.28
4710|1490|12/06/18|162.7|20.0|4.6|Leave|0|676549.09
4711|1842|August 02, 2022|-5.0|23.5|3.2|Absent|43308.04|837511.82
4712|1699|March 17, 2018|166.1|21.0|1.9|Present|0|764129.7
4713|1592|April 10, 2018|142.0|10.4|2.5|PRESENT|0|249746.28
4714|1699|17-08-2019|144.0|16.8|2.0|PRESENT|0|519266.73
4715|1003|26-10-2021|161.1|12.1||present|37411.17|503024.12
4716|1526|28/04/16|154.3|20.8|2.1|PRESENT|0|924308.32
4717|1221|07-11-2017|173.3|24.9|1.3|Remote|0|307600.53
4718|1812|01/17/2022|128.2|19.7|1.1|Present|505.3|920500.33
4719|1292|2020-09-15|159.2|18.7|5.0|Present|35038.08|549645.29
4720|1841|11/03/2024|180.3|6.5|3.1|Present|0|516725.91
4721|1704|2022-04-26|164.6|5.8|4.5|Present|0|390262.43
4722|1230|06-10-2024|130.9|5.6|2.1|Present|0|927986.36
4723|1027|26-Oct-2020|176.7|2.5|3.8|Present|0|233800.48
4724|1523|04/10/2019|158.9|16.6|4.4|absent |16614.29|295835.88
4725|1247|24/10/22|150.3|6.9|4.4|Absent|0|707910.88
4726|1164|10-Sep-2023|154.5|23.1|4.6|Absent|0|762775.69
4727|1800|April 12, 2021|130.8|1.7|1.8|Present|17146.55|263514.53
4728|1433|22/03/21||10.6||Present|0|261080.26
4729|1839|2023-11-09|194.2|6.7|2.8|Absent|0|612770.77
4730|1234|2018-11-20|171.5|7.3|2.2|Present|0|204473.15
4731|1434|07-Nov-2017|189.7|7.5||Present|0|518026.54
4732|1232|March 02, 2020|159.8|22.2|4.2|Present|0|605936.28
4733|1475|01/03/17|135.2|12.4|1.5|Leave||758407.15
4734|1759|09-08-2017|135.5|1.0||Present|46030.92|477921.02
4735|1680|14-Jun-2024|178.7|22.9|5.0|Present|0|586764.86
4736|1348|2019-12-06|148.6|20.0|3.3|Leave|8344.73|777225.69
4737|1648|2024-07-08|157.9|14.9|1.3|Present|0|366605.91
4738|1737|24/07/19|160.1|21.2|1.6|Absent|36438.64|696145.36
4739|1376|2018-12-25|165.3|9.0|2.2|Remote|0|801704.22
4740|1558|2021-08-14|176.8|18.2|3.1|Absent|0|214253.08
4741|1384|2022-01-19|191.1|24.6|4.9|present|0|611749.97
4742|1131|25-Sep-2019|181.0|22.6|2.2|PRESENT|41176.6|428853.71
4743|1019|12/11/2023|186.9|22.5|3.0|Remote|0|187766.36
4744|1547|June 11, 2018|182.6|2.8|4.3|Present|0|687903.87
4745|1549|2024-08-10|146.1|1.4|4.8|Present|0|824632.29
4746|1239|2019-03-04|133.4|5.6|2.0|absent |0|171633.16
4747|1221|07/10/18|159.9|21.1|2.2|Present|0|940939.19
4748|1647|13-05-2020|143.6|8.1|3.2|absent |29074.06|592980.27
4749|1195|17-05-2016|128.5|6.9|4.2|Present|32674.42|
4750|1734|06/15/2021|182.1|12.3|4.9|PRESENT|0|653836.32
4751|1752|21-Aug-2017|126.9|15.6|3.8|Leave|0|207679.65
4752|1195|18/03/23|121.8|23.5|3.8|PRESENT|0|443067.49
4753|1310|28/02/19|140.3|20.1|1.3|absent |0|864149.97
4754|1132|21/10/21|174.0|13.9|1.5|PRESENT|34005.93|785662.15
4755|1625|07-May-2021|165.5|14.7|4.7|Present|0|467187.92
4756|1758|01/15/2024|123.3|15.7|3.4|Present|27404.33|701240.64
4757|1654|April 16, 2017|191.8|10.9|4.2|Present|0|209018.85
4758|1428|June 19, 2020|158.2|13.4|3.6|Present|32325.14|633273.05
4759|1206|10-Dec-2023|121.1|16.4|2.7|Absent|0|286187.48
4760|1502|06/13/2021|144.9|10.4|4.0|absent |0|655851.07
4761|1445|01-08-2024|191.2|2.0|1.0|Present|22977.38|284564.42
4762|1639|06/21/2019|169.9|17.2|4.0|absent |0|877621.57
4763|1036|20-01-2019|138.0|21.7|1.7|PRESENT|0|211843.75
4764|1647|15-Aug-2019|173.1|15.4|1.7|Leave|18961.81|924497.63
4765|1149|May 04, 2024|142.7|21.3|3.0|Present|40366.11|908035.49
4766|1206|09/08/2019|141.4|2.6|3.4|Present|13845.18|219127.25
4767|1398|2023-09-11|181.5|16.5|4.8|Present|0|949383.19
4768|1213|05/06/23|137.0|2.2|2.2|present|529.34|902473.68
4769|1118|11/02/2024|158.4|19.0|3.5|Present|0|213489.74
4770|1018|November 02, 2023|145.8|2.6|1.6|Present|9848.27|363206.55
4771|1365|09/28/2023|138.0|21.0|3.2|absent |0|174432.62
4772|1576|27-07-2021|134.4|5.1|4.2|Present|0|670775.37
4773|1553|August 05, 2021|149.6|7.7|3.7|Present|0|317167.17
4774|1230|2024-03-03|141.9|24.6|2.0|Absent|0|745872.47
4775|1180|2022-07-27|172.8|17.7|1.8|Present|0|204086.26
4776|1434|2017-03-09|175.6|13.5|4.5|PRESENT|0|271783.25
4777|1479|2018-12-11|121.5|16.0|1.3|Present|0|388194.73
4778|1043|18-06-2024|175.9|17.0|2.6|Absent|26455.05|588483.78
4779|1270|20/10/23|198.5|1.4|3.4|present|29314.06|210552.92
4780|1818|06/04/2021|146.4|14.6|2.8|Present|13354.82|800758.77
4781|1498|2018-12-25|139.9|18.3|3.1|Present|0|603382.37
4782|1363|01/28/2019|123.3|23.9|2.2|Present|41762.06|244887.82
4783|1848|2024-10-07|156.2|11.0|3.1|PRESENT|0|907445.71
4784|1315|05/01/2021|132.9|22.2|2.7|Absent|47578.26|777069.45
4785|1528|11/03/2023|181.2|6.2|3.0|present|0|482554.12
4786|1407|March 03, 2019|132.4||1.3|Absent|0|722112.0
4787|1187|19-Dec-2023|166.5|17.2|4.1|Present|0|271581.67
4788|1612|12/01/2020|186.0|19.4|2.8|Present|460.83|490990.54
4789|1364|2023-04-24|125.9|22.0|2.1|Present|33068.85|636155.95
4790|1188|13-05-2023||0.5|1.4|absent |0|235689.03
4791|1387|06-09-2023|158.4|10.4|2.1|Present|0|154871.51
4792|1358|05-08-2023|121.9|2.4|3.5|Remote|0|683415.4
4793|1687|11/24/2021|168.7|2.9|3.4|Present|2127.31|854283.3
4794|1680|13-12-2022|166.5|12.6|4.3|PRESENT|0|696224.85
4795|1330|2023-07-05|185.2|13.6|3.6|present|0|
4796|1172|03/01/2021|182.7|23.2|2.8|PRESENT|0|484400.84
4797|1558|2020-08-18|195.6|3.6|3.8|Present|0|239982.44
4798|1791|05-05-2019|131.1|10.9|5.0|Remote|29492.82|899884.78
4799|1067|2020-07-04|132.3|4.1|4.9|Leave|0|902399.51
4800|1003|November 04, 2022|152.5|21.5|3.3|absent |41300.69|460995.8
4801|1521|01/20/2020|169.0|3.3|4.4|absent |0|412078.41
4802|1158|03-10-2017|198.6|17.0|1.2|Present|0|163102.7
4803|1327|09/02/2023|137.7|18.9|2.6|absent |0|176771.53
4804|1700|2023-01-02|153.7|24.8|2.5|Remote|0|437193.39
4805|1191|01-09-2022|134.1|23.4|4.1|Present|0|387919.11
4806|1635|2022-06-13|167.3|9.6|4.8|Leave|0|319756.04
4807|1055|February 18, 2024|165.0|13.0|4.1|absent |0|636204.68
4808|1194|24-02-2019|137.1|4.9|4.3|Leave||339547.54
4809|1822|13-03-2024|190.3|18.5|1.4|absent |1274.29|782800.55
4810|1306|13-01-2021|176.2|19.5|1.2|present|0|617473.64
4811|1522|05-11-2020|193.1|18.5|1.3|Present|18897.82|
4812|1810|23/12/21|167.8|18.5|1.9|Present|18657.81|589403.11
4813|1530|19-May-2016|146.7|15.0|1.3|present|0|192082.61
4814|1436|19-Dec-2023|190.8|6.5|2.4|Present||439587.95
4815|1845|21-03-2018|153.6|20.4|2.7|Present|27097.59|785500.96
4816|1392|11/25/2020|133.4|3.7|3.9|PRESENT|0|662669.63
4817|1745|2023-01-20|182.7|7.4|3.2|Remote|0|311929.88
4818|1512|2019-11-14||23.3|2.6|Remote|2658.12|745431.31
4819|1180|03-Sep-2024||23.3|4.0|Leave|45619.3|698841.39
4820|1395|26-11-2018|129.9||4.7|Leave|0|387573.98
4821|1151|06/07/2018|124.7|2.2|1.1|Leave|0|486952.05
4822|1678|19-07-2023|143.8|13.6|3.1|Present|18866.49|
4823|1277|2016-11-03|184.9|8.8|5.0|absent |0|432667.12
4824|1683|02-12-2021|127.3|0.8|3.6|PRESENT|0|789632.39
4825|1613|December 06, 2022|199.5|5.1|4.2|Absent|48795.4|947991.52
4826|1315|04/19/2022|157.0|20.4|3.1|PRESENT|0|289202.9
4827|1036|April 22, 2019|134.5|5.9|1.3|Absent|0|829456.47
4828|1572|28-Apr-2021|179.5|8.1|4.8|Present|0|175747.95
4829|1385|24-Aug-2017|144.8|7.2|3.1|PRESENT|0|602544.54
4830|1648|10/14/2024|196.9|18.3|4.6|Present|0|608186.81
4831|1629|2022-12-05|125.6|21.4|4.6|present|0|414614.14
4832|1136|26-09-2024|161.4|20.5|4.3|Remote|0|349095.16
4833|1490|15-Sep-2015|185.9|16.1|1.3|PRESENT|0|770368.56
4834|1457|28-Mar-2023|193.6|9.4|5.0|PRESENT|0|727087.69
4835|1714|2019-09-09|157.5|18.7|2.6|absent |0|445146.53
4836|1750|2023-12-01|174.5|23.3||Remote|0|770059.43
4837|1278|22-Dec-2021|140.1|23.9|1.6|Leave|45074.54|474345.94
4838|1748|13-11-2024|157.3|19.1|3.5|Present|0|935108.74
4839|1340|26/01/24|183.6|18.7|2.5|Leave|0|526183.7
4840|1381|08/04/2022|130.8|12.1|3.6|Present|14813.92|772940.89
4841|1809|26/11/24|166.2|24.2|2.5|Remote|0|253675.14
4842|1144|17-Sep-2017|196.2|6.1|2.3|Leave|0|594731.91
4843|1363|12/05/20|180.0|0.6|1.9|Remote||885423.52
4844|1698|2020-05-25|181.7|20.5|2.1|absent |0|669897.03
4845|1091|July 05, 2022|188.1|10.1|1.2|Present|0|552482.25
4846|1845|16/09/20|172.5||2.7|Remote|0|167174.12
4847|1746|09/01/2018|189.4|8.6|1.7|absent |0|658703.33
4848|1681|2022-09-09|143.3|20.4|1.1|Present|32121.96|360666.36
4849|1155|October 28, 2019|185.5|14.6|1.7|Present|0|933226.36
4850|1431|21-Mar-2024|137.1||4.6|Present|28230.58|471249.14
4851|1764|01/09/2024|194.6|24.7|3.5|Leave|0|782167.55
4852|1320|07/21/2017|134.0|10.0|2.1|Present|0|355563.46
4853|1192|07/06/20|146.8||1.9|Present|0|610274.07
4854|1595|21/06/18|163.4|16.4|3.2|Present|0|392643.61
4855|1317|16-Aug-2023|191.9|19.0|4.2|Present|37134.57|908285.17
4856|1206|04-Mar-2020|185.0|9.1|3.2|Present|6047.26|736295.69
4857|1431|April 06, 2023|161.3|19.9|3.0|Present|30300.05|452096.79
4858|1157|17/02/18|165.6|5.0|4.7|absent |0|336790.6
4859|1206|2021-12-19|171.8|15.6||Present|0|730594.28
4860|1537|06-Aug-2024||19.8|4.3|Present|0|468104.41
4861|1564|22/04/21|136.1|1.8|3.1|Present|0|352740.28
4862|1259|20/11/23|181.8|12.3|3.5|Remote|0|696724.18
4863|1499|17-11-2016|169.2|9.1|3.9|Leave|0|704498.23
4864|1603|19-Jan-2020|139.3|4.7|3.0|Leave|0|936482.5
4865|1816|10/08/23|145.5|14.4|4.2|Present|42803.89|524528.2
4866|1177|23-02-2020|121.3|18.2|1.3|Present|0|
4867|1029|02/10/18|120.4|10.5|3.2|Present|4587.29|902642.67
4868|1167|2019-07-02|182.0|24.8||absent |0|686365.32
4869|1174|23-Jun-2020|163.4|15.0|1.4|Present|0|851230.39
4870|1106|03/08/2023|159.9|24.9|3.9|Present|0|745753.09
4871|1830|August 18, 2018|162.3|22.3|3.0|Absent|0|786172.31
4872|1449|02/03/2021|127.8|20.3|1.8|Absent|0|489362.8
4873|1238|07/26/2020||1.8|2.4|Present|0|797648.2
4874|1042|2023-11-28|126.3|5.8|3.0|Present|0|434754.8
4875|1521|2022-12-04|147.4|16.8||Present|0|822916.75
4876|1280|12/27/2021|177.3|23.6|4.6|absent |0|469335.0
4877|1663|25-Sep-2023|140.8|24.1|2.5|Remote|0|171766.85
4878|1807|26/12/22|137.3|13.3|2.9|Leave|0|156439.42
4879|1563|2017-11-11|126.0|4.2|2.5|Present|28848.16|254318.19
4880|1360|25-02-2019|139.7|20.3||PRESENT|0|933034.79
4881|1131|02/27/2021|127.3|2.9|1.1|Remote|0|288598.26
4882|1445|23/01/22|154.0|14.7|3.6|Remote|0|353850.83
4883|1315|14-Jun-2022|168.2|12.5|2.0|Leave|30530.11|465916.54
4884|1610|23/09/23|171.8|1.5|3.0|Absent|48508.93|316099.5
4885|1539|2023-06-19|152.5||4.0|Remote|0|734820.43
4886|1527|May 22, 2021|156.6|18.9|3.8|Present|10721.15|351626.79
4887|1824|January 28, 2022|122.4|23.4|3.3|absent |0|823371.72
4888|1215|16-Aug-2023|||3.1|Present|22864.48|401009.55
4889|1619|07/23/2022|159.4|4.0|1.4|Present|0|928097.26
4890|1091|January 28, 2023|182.3|10.3|4.5|Present||363807.42
4891|1124|July 01, 2021|162.9|9.9|1.9|Absent|0|473353.18
4892|1270|22-Nov-2018|131.5|2.6|2.9|Present|0|212536.17
4893|1658|01-Jun-2020|-5.0|24.3|1.3|Present|0|731001.52
4894|1330|28-Jun-2024|167.1|9.1|1.7|present|0|677597.65
4895|1477|21-Aug-2022|197.8|7.2|3.2|Present|0|490743.67
4896|1107|11-May-2020|186.2|16.8|1.8|Present|0|182777.35
4897|1767|2023-02-05|137.7|23.3|4.2|Present|0|267824.82
4898|1238|October 15, 2019|139.7|21.8|1.3|Remote|0|215608.47
4899|1822|2022-05-07|123.0|16.3|1.5|Leave|39807.47|213558.06
4900|1711|January 05, 2018|175.8|7.7|1.6|Leave|0|204390.11
4901|1203|2023-03-20|198.3|20.6|4.4|Present|36933.96|840565.62
4902|1039|05-Oct-2023|169.2|23.6|4.5|absent |35561.55|239345.52
4903|1087|2020-03-19|164.8||2.9|Absent|0|158105.47
4904|1791|February 18, 2024|176.5|12.3|4.2|present|31558.81|173328.58
4905|1683|June 10, 2019|174.8|22.2|2.2|Absent|0|670926.66
4906|1752|21-Jan-2016||9.1|1.4|Present|0|195529.75
4907|1557|03/17/2024|130.7|15.1|4.8|Present|0|877421.17
4908|1693|11-Feb-2019|142.2|9.5|3.5|present|947.75|713628.21
4909|1638|14/07/16|173.2|18.9|3.8|absent |46355.05|196515.99
4910|1161|April 23, 2023|125.2|9.4|4.1|Present|0|404016.12
4911|1073|03/08/19|137.4|7.3|1.6|absent |0|870536.34
4912|1538|August 17, 2020|181.5|23.2|2.6|PRESENT|0|626270.77
4913|1409|18/05/24|121.2|18.9|3.8|Present|0|361054.71
4914|1202|03/09/16|138.9|6.9|1.5|Present|0|648754.06
4915|1196|April 10, 2022|124.7|3.5|4.0|Remote|24448.63|303327.92
4916|1220|02/17/2023|129.5|21.3|3.8|Present|26831.5|523043.5
4917|1368|05-Oct-2017|196.9|18.1|1.8|Leave||449214.89
4918|1216|19-12-2023|191.7|13.2|2.0|Present|29636.86|458111.68
4919|1365|08/24/2023|150.4|18.1|5.0|Present|22626.35|338810.72
4920|1500|05-May-2023|153.5|15.8|2.8|present|9008.11|766134.34
4921|1711|2018-09-20|167.9|9.0|4.3|Present|0|595064.99
4922|1230|2021-10-01|125.4|23.3|1.1|Present|0|899374.38
4923|1079|2024-08-13|131.9|23.7|3.1|absent |33119.41|596527.35
4924|1760|20/11/23|178.6|17.3|2.2|Present|17820.82|265160.45
4925|1665|06/09/24|197.6|9.1|1.5|Present|21304.88|570758.71
4926|1012|March 23, 2024|189.6|12.6|3.9|Leave|0|506296.3
4927|1706|October 13, 2023|126.1|17.2|4.4|Remote|0|671549.35
4928|1141|23-01-2022|134.4|8.5|3.1|Leave|0|547087.95
4929|1067|02/14/2022|198.2|10.7|1.1|Remote|42005.42|466543.75
4930|1277|22-04-2023|182.1|14.1|1.7|Remote|0|500686.09
4931|1671|07/25/2023|161.7|0.3|4.2|Leave|0|638173.43
4932|1524|May 02, 2020||2.0|2.7|absent |49627.36|403068.31
4933|1815|27-May-2018|138.7|12.6|2.6|Present|0|292940.96
4934|1367|23/07/21|149.1|23.7|4.1|absent |0|685959.09
4935|1667|08/04/2022|187.9|6.9|3.5|absent |0|331725.46
4936|1628|2023-08-26|127.5|16.4|1.7|Present|18412.15|925193.34
4937|1647|10-Aug-2015|154.8||3.5|Present|0|855771.68
4938|1507|20/01/21|128.5|17.1|3.3|Absent|0|778940.28
4939|1542|July 15, 2020|137.9|5.2||Present|0|476923.48
4940|1573|March 23, 2020|140.1|11.4|2.5|Present||213904.24
4941|1604|2017-11-01|152.3||4.1|PRESENT|0|714477.7
4942|1429|06/24/2022|173.7|10.3|1.5|Absent|0|191470.61
4943|1687|07/06/2020|193.4|16.7|4.6|Leave|0|879477.89
4944|1289|11-11-2019|177.1|8.5|4.3|present|0|712719.23
4945|1405|24/04/23|142.5|0.1|2.2|absent |0|892315.71
4946|1461|19-11-2022|181.7|12.4|3.4|Present|0|211213.22
4947|1431|10/12/2019|184.0|20.2|1.4|Present|0|548769.38
4948|1003|July 25, 2022|158.1|4.7|2.5|present|0|153711.59
4949|1475|25-Nov-2024|134.7|0.4|3.6|PRESENT|0|346461.74
4950|1058|16-10-2016|145.4|10.2|1.5|Absent|0|653267.74
4951|1208|11/21/2023|146.9|21.4|2.7|Leave|0|484398.72
4952|1036|October 03, 2019|127.5|6.0|1.8|absent |0|163560.13
4953|1328|10/05/2024|132.5|5.4|2.6|Leave|20709.38|563748.29
4954|1411|12/26/2020|160.3|18.8|1.1|Remote|0|660469.67
4955|1411|January 01, 2021|196.6|25.0|1.8|Present|0|502016.78
4956|1560|20-Aug-2019|188.0|19.2|1.3|Leave|13233.87|481855.95
4957|1466|2022-02-28|161.4|1.6||Leave|0|405641.33
4958|1408|09/13/2017|158.8|4.4|3.1|Absent|0|714397.75
4959|1025|13-08-2024|198.9|21.3|4.1|present|0|562932.02
4960|1061|2018-11-21|147.0|5.5|1.2|Remote|33742.1|263489.04
4961|1249|04-Apr-2022|157.0|6.1|3.8|PRESENT|0|554419.62
4962|1566|06/15/2024|-5.0|4.9|2.8|Present|0|677407.36
4963|1329|10-02-2023|195.0|8.2|2.5|Present|0|853189.41
4964|1710|03-12-2023|149.7|15.7|4.5|Leave|0|716151.46
4965|1683|05/14/2018|158.2|23.2|2.4|Remote|0|598159.89
4966|1110|15/12/18|154.0|21.6|1.1|Absent|0|884054.06
4967|1553|July 28, 2022|143.0|16.8|4.8|Remote|0|924119.41
4968|1202|2018-11-09|123.5|7.6|2.6|Remote|0|470955.62
4969|1721|02/02/22|156.6|9.2|4.1|Absent|0|437036.81
4970|1263|August 26, 2021|148.6|7.2|4.7|Present|7031.24|456441.68
4971|1012|06/19/2023|143.0|6.4|2.7|PRESENT|17756.36|339691.49
4972|1730|22-Mar-2020|185.4|24.3|3.1|Remote|0|
4973|1742|12/10/22|125.3|1.4|3.2|Leave|49160.85|900001.48
4974|1222|21/10/24||6.8|4.0|Leave|0|519379.91
4975|1353|03/03/2020|154.8|15.1||PRESENT|0|752373.58
4976|1221|01/13/2021|183.4|8.7|1.0|absent |1258.91|179849.6
4977|1561|12-May-2018|167.9|11.4|4.3|Present|47155.17|337516.97
4978|1767|15-May-2023|125.1|21.6|2.7|PRESENT|23044.26|172500.91
4979|1846|09-Jul-2022|195.4|20.6|4.2|Remote|0|748683.42
4980|1540|03/02/20|133.9|16.4|3.6|Remote|0|792176.65
4981|1760|27-Jun-2023|160.6||4.8|absent |0|418451.81
4982|1564|25/05/22|198.4|23.8|1.3|Present|0|166485.48
4983|1067|August 04, 2018|122.6|12.2|3.3|Present|0|647854.5
4984|1331|May 11, 2020|179.2|6.2|3.7|absent |0|174030.29
4985|1610|24/09/21|169.3|4.0|4.3|Present|0|850414.24
4986|1716|13-02-2023|123.3|3.3|2.5|PRESENT|0|878701.84
4987|1224|2016-04-28|197.4|23.2|2.2|Present|18899.15|208509.15
4988|1367|07/22/2020|193.6|0.0|2.4|Absent|24138.75|915016.01
4989|1688|August 01, 2023|138.5|9.7|3.6|present|0|488811.35
4990|1494|23/01/22|163.0||1.9|Remote|0|254842.76
4991|1159|11/12/2019|196.9|3.8|2.6|Present|0|395506.58
4992|1810|10/10/24|183.9|17.9|2.5|Remote|0|857432.23
4993|1729|November 19, 2019|133.8|3.6|2.3|Leave|0|379977.9
4994|1569|01/04/2017|180.4|22.4|3.6|present|27855.92|300958.19
4995|1355|2021-06-16|141.4|16.1|2.0|present|0|548647.99
4996|1273|February 03, 2023|190.9|10.6|4.0|Present|10616.93|170894.52
4997|1744|16/12/21|131.6|14.2|4.4|PRESENT|30056.61|810373.09
4998|1592|10-May-2023|135.2|3.2|1.4|Absent|0|560104.68
4999|1799|24/03/24|175.8|0.9|1.6|Present|0|939941.77
5000|1313|January 27, 2022|179.9|15.8|1.5|Leave|42949.88|556587.96
5001|1515|20-Oct-2023|175.2|16.8||Present|37562.06|518055.88
5002|1810|11/04/2022|153.8|21.7|1.8|PRESENT|0|235455.36
5003|1830|25-12-2023|123.0|4.3|2.1|Present|29840.55|248656.26
5004|1036|16-Apr-2020|189.5|18.1|2.1|Present|31332.67|232308.78
5005|1610|24/06/20|130.8|3.0|1.4|Present|19953.84|776393.0
5006|1198|08/02/23|139.8|5.5|3.9|present|0|690646.74
5007|1304|10/24/2019|124.1|23.6|4.4|present|20594.57|475986.06
5008|1523|June 03, 2022|139.0|23.7||PRESENT|0|705191.01
5009|1656|06/25/2018|126.8|3.2|4.3|absent |0|388523.03
5010|1508|05/11/24|122.3|24.0|3.0|Leave|0|355913.18
5011|1721|12/11/2018|175.2|17.2|1.0|Leave|0|257904.98
5012|1832|05/15/2019|178.8|8.3|4.7|Remote|34367.23|
5013|1155|06-02-2017|198.8|12.7|4.7|Absent|0|420741.49
5014|1302|07/01/2023|182.8|5.8|3.1|Absent|42786.81|
5015|1338|2016-03-22|165.4|7.6|2.8|absent |7122.23|167251.75
5016|1222|2023-01-17|129.5|17.7|3.7|absent |0|741917.91
5017|1400|11-02-2022|149.4|14.7|3.5|Present|19987.71|213991.25
5018|1013|10/26/2015|196.1|24.6|1.6|Present|0|778969.21
5019|1344|February 14, 2021|187.6|17.2||Present|0|701434.9
5020|1258|16-04-2022|195.7|5.3|1.4|Absent|0|929743.43
5021|1162|2021-09-17|123.5||4.6|PRESENT|0|785587.77
5022|1305|March 15, 2023|175.7|7.2|4.3|present|28019.72|637782.74
5023|1610|01/02/2022|160.8|4.9|1.9|Present|10472.69|187605.54
5024|1347|04/19/2024|162.3|8.8|4.1|absent |0|
5025|1061|2022-12-11|193.1|14.2|4.3|Present|0|662067.96
5026|1776|July 18, 2021||5.2|4.9|PRESENT|0|346486.52
5027|1662|28-10-2024|167.0|4.5|3.3|PRESENT|26415.91|270855.01
5028|1292|07/03/20|155.1||4.4|present|26718.33|919845.62
5029|1068|09-Aug-2023|121.2|10.3|3.7|present|0|941637.2
5030|1768|01/27/2024|169.3|0.2|1.9|Remote|0|253473.57
5031|1572|01-11-2021|159.3|12.9|2.4|present|0|745340.94
5032|1157|February 11, 2017|174.0|21.7|2.6|Present|0|
5033|1831|24-Oct-2023|172.7|22.6|3.6|PRESENT|0|165244.34
5034|1507|01/04/2022|163.6|8.1|2.7|Present|0|418340.09
5035|1393|May 18, 2024|196.4||3.7|Present|0|700721.01
5036|1841|04/12/20|132.7|16.4|3.4|Leave|0|766990.5
5037|1209|September 10, 2022|146.8|2.5|2.3|Absent|39189.46|596863.96
5038|1671|2024-03-15|180.4|7.8|4.3|absent |0|664670.67
5039|1239|17-Mar-2018|169.4||1.8|Present|34175.64|773941.33
5040|1277|03/18/2022|158.3|2.7|2.6|Leave|21046.69|744317.31
5041|1675|12/14/2024|192.1|18.8|4.6|PRESENT|0|891068.07
5042|1383|27-02-2019|160.8|6.2|3.8|Present|0|426333.54
5043|1581|02/02/2017|171.4||4.9|absent |0|173881.83
5044|1619|07/12/24|171.1|15.9|4.1|PRESENT|0|728197.05
5045|1312|06-Nov-2017|147.4|0.6|3.9|Present|0|855713.33
5046|1174|09-Jan-2023|138.9|20.8|5.0|Leave|0|934809.63
5047|1632|24-Mar-2023|142.9|19.3|1.9|Present||276574.35
5048|1316|2021-08-11|172.3|11.3|3.3|Remote|0|
5049|1724|2018-04-15|194.2|16.3|1.5|Present|5022.85|478741.23
5050|1406|2020-02-22|191.3|23.6|3.8|Absent|0|492012.41
5051|1660|06/28/2022|185.9|6.3|3.8|Present|0|533613.16
5052|1312|19-12-2024|187.0|1.4|2.0|Present|0|187479.91
5053|1298|May 06, 2018|175.7|17.7|2.2|PRESENT|0|886938.0
5054|1645|08-Jul-2024|137.6|5.8|2.8|Leave|0|657152.03
5055|1321|02-Jan-2022|158.9|1.7|4.9|present|0|684052.18
5056|1487|2023-02-16|126.1|24.6|2.3|Present|0|230477.49
5057|1451|18/10/23|-5.0|3.3|4.1|PRESENT|46808.65|202160.46
5058|1164|23/04/23|134.2|2.4|4.2|Leave|0|394850.15
5059|1756|10/04/23|130.1|3.8|3.1|Present|0|863315.61
5060|1692|01/14/2019|141.4|10.9|4.5|Absent||700452.69
5061|1436|16-Nov-2022|161.9|23.6|2.4|Present|39048.52|248528.76
5062|1234|February 09, 2015|122.4|11.5|3.6|Present|0|629817.18
5063|1818|07/17/2021|147.1|7.5|2.3|Remote|0|625739.27
5064|1800|12/08/2023|187.8|23.5|3.6|Present|0|407339.32
5065|1127|08/18/2018|184.7|2.8|3.6|Absent|0|509049.29
5066|1580|03/01/2021|164.0|10.8|1.1|Present||547461.38
5067|1756|17-11-2024|159.9|10.3|3.2|present|0|545915.4
5068|1258|11-02-2023|133.5|24.4|3.7|PRESENT|0|308649.27
5069|1526|01/14/2022|153.0|23.4|2.8|Leave|0|234947.07
5070|1621|12-10-2020|153.7|23.8|4.5|Present|0|158579.81
5071|1744|2018-01-04|194.7|19.8|4.4|Present|0|884859.26
5072|1351|26-10-2020|175.4|6.9|1.4|Present|0|466237.72
5073|1491|12/04/2017|125.5|11.0|4.7|Present|0|915137.4
5074|1283|16-Mar-2021|154.5|6.1|4.8|PRESENT|0|271109.69
5075|1574|15-Sep-2016|182.6||2.0|present|0|303756.68
5076|1822|18-09-2019|145.0|23.2|5.0|present|0|833737.18
5077|1025|20-Sep-2022|163.0|3.4|1.3|Absent|34826.12|689047.56
5078|1227|2023-05-07|187.8|10.5||Present|32467.72|947979.48
5079|1320|01-07-2023|127.9|13.8|1.5|Leave|34830.64|514441.63
5080|1685|21-Mar-2022|174.4|15.1|2.0|Absent|0|768766.63
5081|1799|28-Oct-2024|169.7|18.0|3.7|Present|559.35|256103.02
5082|1625|01/14/2020|190.6|2.3|1.8|PRESENT|33040.69|330009.49
5083|1203|September 24, 2024|173.1|11.7|5.0|Remote|0|581433.19
5084|1237|17/11/20|149.0|15.9|4.7|Present|0|855161.8
5085|1404|2019-05-05|155.4|12.0|3.7|Remote|7522.86|509657.59
5086|1555|22-04-2023|181.6|20.0|3.3|Present|0|351498.39
5087|1807|01/24/2018|192.7|10.8|1.8|Present|0|356869.72
5088|1434|07-Sep-2020|128.0|1.5|1.9|Present|0|704734.11
5089|1617|2021-04-14|194.3|11.2|2.6|Present|0|
5090|1690|10-10-2021|132.4|4.6|3.8|absent |0|391322.41
5091|1585|03/06/2023|129.9|17.9|3.8|Present|16660.78|879531.89
5092|1498|14-11-2021|122.4|22.3|2.4|Leave|27758.87|695177.81
5093|1553|03-Oct-2024|163.7|24.6|2.1|Present|0|342193.35
5094|1630|2024-04-05|125.4|5.1|1.6|Present|0|328663.23
5095|1215|10-May-2019|128.6|8.6|4.6|PRESENT|1284.07|424141.36
5096|1837|2023-09-26|121.6|5.3|3.6|Absent|0|492565.17
5097|1461|May 19, 2023|197.5|5.9||Absent|17382.28|494851.46
5098|1757|2021-06-24|194.7||1.8|Leave|0|
5099|1820|05-Oct-2023|141.7||3.5|Present|0|788562.57
5100|1612|01/07/20|186.6|24.2|4.7|Present|14307.36|546616.85
5101|1223|27-Aug-2023|130.0|16.0|4.1|Present|0|165913.1
5102|1828|15-10-2023|138.7|1.9|1.3|Present|0|742676.71
5103|1239|16-Mar-2021|182.4|10.6|4.4|Remote|0|481976.44
5104|1410|01-09-2018|131.6|1.4|4.4|PRESENT|28324.12|817880.64
5105|1081|2023-05-28|162.5|13.1|3.5|Absent|0|511956.41
5106|1362|26-Mar-2021|157.3|9.2|1.7|absent |0|790515.36
5107|1486|07-09-2022|166.1|24.5|4.0|Present|0|817743.13
5108|1384|21-04-2021|142.0||3.1|Remote|0|669552.33
5109|1180|January 06, 2024|154.4|13.8|1.2|Present|0|362361.3
5110|1647|24-09-2023|178.6|20.3|3.0|Remote|42613.08|859327.93
5111|1791|2023-06-23|149.2|6.0|2.3|present|0|294609.36
5112|1729|2016-02-08|195.5|6.0|4.5|Remote|0|206459.28
5113|1298|06/07/2024|151.0|11.3|2.2|Present|2840.99|901145.0
5114|1815|05/10/24||16.6|1.8|present|0|933066.85
5115|1435|26-12-2023|125.2||2.3|Absent|0|235234.52
5116|1313|06/03/16|188.1|4.3|3.9|Remote|31280.39|437081.92
5117|1058|06/11/24||14.4|4.1|Present|37787.49|539742.65
5118|1745|19-May-2024|177.9|1.4|1.7|Absent|0|355628.01
5119|1194|01/03/23|172.2|12.2|3.0|PRESENT||689279.51
5120|1525|01-08-2017||12.3|2.0|present|0|748369.51
5121|1001|07/08/24|141.4|15.4|4.9|Absent|0|338970.44
5122|1741|October 09, 2024|152.1|17.3|2.0|Present|0|243734.02
5123|1083|2023-12-19|173.9|9.9|1.3|Present|0|830525.21
5124|1274|02-May-2017|164.4|12.2|4.6|Present|17211.9|875366.87
5125|1232|06-Jul-2019|184.2|1.6|2.4|Leave|0|410806.03
5126|1125|14-Apr-2018|140.9|1.2|4.6|absent |0|299665.28
5127|1312|05-Jun-2022|156.9|22.9|3.5|Present|0|696717.48
5128|1021|10-Apr-2024|-5.0|7.3|1.8|Present|5088.18|203942.12
5129|1743|April 19, 2022|135.3|4.5|3.2|Absent|31188.07|199001.07
5130|1110|21/08/21|198.8|7.3|3.4|Present|0|685799.42
5131|1119|2021-11-08|192.0|15.6|2.0|Remote|0|799507.51
5132|1052|22-Jul-2020|144.2|4.4|3.4|Present|33246.14|428594.49
5133|1768|10/10/2023|190.8|20.0|1.7|Present|0|302386.29
5134|1743|18/05/22|150.7|6.8|2.5|Present|0|240198.24
5135|1802|26-04-2023|135.2|23.0|4.2|Leave|0|248597.54
5136|1587|January 14, 2024|121.5|14.2|3.8|Present|0|527494.62
5137|1065|December 22, 2016|159.0|22.8|3.5|Remote|0|368230.8
5138|1759|02/06/2020|194.4|9.0|1.1|PRESENT|29430.9|
5139|1674|18-Jan-2023|188.6|1.5|2.6|absent |0|632453.61
5140|1676|19/12/24|127.2|18.8|2.9|absent |0|742180.33
5141|1622|01/18/2024||6.0|2.5|absent |38407.97|759922.78
5142|1826|2018-07-08|132.5|5.8|4.9|PRESENT|0|267782.16
5143|1098|11/03/2020|129.2|13.3|3.0|absent |0|576091.31
5144|1528|2022-04-01|157.7|2.7|4.5|Present|0|481287.89
5145|1782|26-Apr-2019|144.9|11.3|4.4|Leave|0|581510.24
5146|1273|April 20, 2023|169.6|10.5|2.9|Leave|0|890643.83
5147|1090|2023-06-22|121.0|14.6|2.1|Present|21388.44|401460.27
5148|1814|07/07/21|139.9|12.2|3.0|Present|0|882206.88
5149|1339|August 17, 2018|181.3|7.2|3.5|Present||763789.26
5150|1354|09/27/2022|198.9|21.8||Absent|0|838892.69
5151|1504|05/15/2024|141.4|0.5|1.1|Present|0|770380.7
5152|1283|August 24, 2023|166.3|5.8|3.2|Present|0|161547.39
5153|1151|11/11/17|129.7|18.0|3.2|Remote|0|467520.96
5154|1445|09-10-2021|-5.0|18.9|3.2|Present|19816.25|168704.77
5155|1074|05/08/19|193.4|19.4|4.2|PRESENT|0|904900.67
5156|1061|21-07-2022|166.3|6.2|4.8|Leave|0|292638.96
5157|1142|13-Feb-2024|152.7|22.8|4.1|Leave|1219.67|701321.53
5158|1067|03/01/24|193.6|19.9|3.3|Present|49296.65|827787.27
5159|1807|January 02, 2020|122.2|6.9|2.8|Leave|0|642759.33
5160|1083|2020-02-24|140.7|17.4|1.7|Present|0|758803.18
5161|1493|20-Apr-2024|169.4|14.4||Present|44744.42|683594.24
5162|1001|2020-08-18||3.1|1.2|Present|0|572602.51
5163|1845|15/04/23|125.4|24.5|2.3|Present|0|532650.96
5164|1768|2022-05-24|163.5|13.8|3.4|Present|0|818089.17
5165|1540|10/02/2020|185.9|18.6|3.5|PRESENT|0|596677.06
5166|1448|17-Aug-2019|183.5|5.4|2.4|Present|0|804270.8
5167|1693|14/02/20|198.0|18.1|1.7|Present|0|262113.05
5168|1046|2015-12-03|128.5|8.7|1.5|PRESENT|0|493242.66
5169|1463|06-Mar-2021|173.8|20.4|4.5|Present|0|
5170|1756|11-10-2024|177.8|15.4||Present|0|875881.87
5171|1090|06/06/19|167.0|12.7|1.8|Present||247725.93
5172|1231|06-Jun-2022|186.6|21.0|1.1|present|0|419049.83
5173|1244|10-Nov-2018|155.5|8.0|3.7|Absent|33907.55|652904.65
5174|1504|08-Jul-2022|122.0|13.2|2.1|Leave|0|464038.79
5175|1371|09-Aug-2018|194.2|2.6|3.1|Present|0|505508.84
5176|1769|18-03-2023|153.0|3.4|4.4|Present|0|718448.79
5177|1711|11/03/18|186.4|3.5|4.9|Leave|0|536731.77
5178|1215|05-Nov-2015|149.4|21.9|3.7|absent |0|710368.2
5179|1720|2024-03-04|124.3|14.1|3.3|Remote|10286.09|290593.1
5180|1410|03/25/2020|150.5|7.7|4.2|Present|49321.73|794510.72
5181|1108|16/12/24|197.6|10.6|2.8|Present|0|238933.81
5182|1227|10/10/21|164.3|24.9|1.3|Absent|0|771712.02
5183|1287|17-Feb-2018|197.8|3.9|3.6|Present|11025.73|202685.09
5184|1056|2021-05-09|168.5||2.7|PRESENT|5973.9|537098.57
5185|1569|12-Jul-2015|170.1|19.2|2.1|PRESENT|0|913491.46
5186|1048|01-Apr-2018|145.9|12.2|4.2|Present|23398.54|673826.69
5187|1759|June 18, 2022|143.7|18.3|1.7|PRESENT|0|839855.83
5188|1526|01-05-2021|176.1|18.4|4.4|Present|0|392495.93
5189|1707|06-02-2024|178.6|23.5|1.2|present|41674.9|520859.38
5190|1428|15-Jan-2019|120.3|22.4||Present|0|529365.09
5191|1823|January 26, 2018|147.9|9.0|1.2|Absent|0|163464.62
5192|1787|July 11, 2024|129.1|6.1|1.5|Remote|0|208339.96
5193|1629|15/05/24|152.0|17.6|4.5|Absent|0|586749.11
5194|1763|19-03-2024|140.4|19.0|3.7|Present|0|781517.51
5195|1364|17-09-2021|167.7|0.8|2.3|absent |7736.22|615471.31
5196|1639|2022-07-12|174.6|13.2|1.6|PRESENT|0|421284.05
5197|1282|06/09/2023|193.4|3.7|4.7|Present|0|348380.21
5198|1475|June 07, 2023|179.5|23.4|2.7|absent |0|426335.19
5199|1102|05-10-2024|140.6|4.8||Absent|0|280209.99
5200|1498|24-Jan-2019|127.6|7.9|4.1|Present|0|649616.76
5201|1778|23/04/23|144.0|11.0|2.0|Remote|0|822718.11
5202|1829|2024-02-17|141.1|1.4|3.6|Present|0|695977.02
5203|1616|September 09, 2020|148.4|20.3|3.5|present|0|236384.68
5204|1594|2024-12-26|158.2|24.2|1.6|Leave|7160.96|247273.11
5205|1351|November 08, 2024|168.5|1.9|3.3|Present|0|473740.01
5206|1663|17-Nov-2024|188.7|24.9|4.6|absent |0|183445.67
5207|1276|September 26, 2022|126.1|4.2|3.0|absent |0|
5208|1658|14/07/18|196.2|24.2|4.0|Leave|0|847128.51
5209|1574|March 20, 2018|193.8|18.5||present|38995.66|658239.69
5210|1422|08/03/24|197.0|8.3|2.9|Present|0|686266.64
5211|1536|07/02/2017||13.9|4.2|Leave|0|
5212|1620|08-Aug-2024|133.1|21.6|1.7|Remote|0|825388.74
5213|1421|09-Nov-2020|121.0|5.0|4.2|Present|0|723319.84
5214|1325|2024-01-20|132.7|10.9|4.7|Present|0|757134.34
5215|1524|22-06-2017|143.6|1.1|4.1|PRESENT|0|321818.24
5216|1710|01/11/21|139.2|22.1|2.8|Remote|10447.83|330830.48
5217|1559|14-Dec-2024|140.0|20.2|4.5|Present|0|394444.97
5218|1358|07-04-2019|181.2|4.7|4.5|Remote|0|
5219|1622|27/09/20|124.6|6.2|4.4|PRESENT|0|937319.69
5220|1846|November 15, 2019|136.3|1.1|1.3|Leave|0|176213.73
5221|1407|14-Jan-2024|177.2|20.3|2.3|Absent|0|390175.03
5222|1110|23-Oct-2018|165.2|13.9|4.2|Present|0|726025.77
5223|1746|August 23, 2024|163.2|11.8|1.4|Present|10249.37|571571.19
5224|1590|08/03/2024|185.2|8.1|2.7|Present||540957.5
5225|1462|24/07/21|184.2|10.8|2.4|Leave|6635.16|707889.61
5226|1798|11/12/24|139.4|11.5|4.3|Absent|73.22|321633.19
5227|1289|September 21, 2019|175.1|3.8|1.1|Present|0|606210.47
5228|1237|14-11-2023|138.6|4.5|4.6|PRESENT|23165.87|571051.88
5229|1287|September 27, 2024|181.1|3.6||Absent|0|678218.37
5230|1598|28-Mar-2022|147.8|15.8|3.1|Present|20954.1|490335.2
5231|1344|12-11-2024|174.1|12.4|4.5|present|25903.12|623721.91
5232|1567|August 23, 2018|174.3|6.0|3.9|Remote|29348.42|666485.64
5233|1512|08/10/20|159.1|3.7|3.8|Leave|0|613300.09
5234|1604|14-May-2024|198.2|1.0|1.9|Absent|0|927978.68
5235|1052|04/11/21|149.9|2.4||present|0|836108.81
5236|1389|2022-02-17|122.1|1.2|1.8|Present|0|835286.27
5237|1205|2021-03-08|187.3|15.3|4.6|Present|0|725729.28
5238|1691|May 02, 2021|193.2|3.8|4.2|Present|0|457611.13
5239|1420|June 20, 2018|186.2|18.5|4.5|Leave|0|269846.64
5240|1719|12/04/2022|134.7|14.2|1.1|Present|13249.42|482643.62
5241|1595|27/09/21|183.6|15.4|1.0|Present|0|807099.35
5242|1163|13/01/16|180.1|9.3|3.8|Present|0|804709.42
5243|1700|18/12/24|160.9|12.3|4.7|Present|2995.79|478678.03
5244|1540|03/06/23|123.8|24.8|4.0|Remote|0|668508.77
5245|1331|January 07, 2021||15.0|2.1|Present|0|505123.71
5246|1358|01/23/2018|143.0|18.0|3.5|Remote|0|557483.38
5247|1006|May 28, 2017|144.5|18.7|4.7|Absent|0|821486.49
5248|1499|11/12/17|177.3|0.6|3.3|PRESENT|0|914014.75
5249|1293|18/07/20|136.6|17.5|2.3|Remote|0|570821.9
5250|1282|14/03/18|143.7|5.9|4.2|Remote|0|521023.55
5251|1394|10-May-2023|139.0|21.0|4.3|Present|0|746073.43
5252|1473|2024-10-04|187.7|2.6|3.2|absent |0|508421.93
5253|1029|2022-11-05|156.1|2.3||Present|0|757882.38
5254|1561|17-Jul-2018|200.0|8.5|4.3|absent |38041.56|300048.4
5255|1172|08/18/2019||6.7|3.0|Present|16836.57|692356.09
5256|1547|10-07-2018|179.6|1.2|2.5|Present|17443.31|563826.2
5257|1567|10-Oct-2021|144.8|20.6|1.6|Remote|7668.32|618409.49
5258|1158|06/09/18|186.9|1.9|2.7|Present|0|
5259|1635|08/02/24|-5.0|4.3|2.1|Remote|0|495324.05
5260|1151|06-10-2022|196.1|22.7|1.1|absent |0|310590.78
5261|1540|2022-09-01|179.6|10.2|4.8|Present|16369.52|436994.67
5262|1830|06/04/20|148.0|3.3|3.2|present|0|368191.72
5263|1407|07/09/24|164.4|15.7|4.5|Present|893.54|704763.98
5264|1129|04/09/2023|157.7|2.0|3.4|Present|0|517089.47
5265|1700|February 21, 2022|180.8|17.2|5.0|Remote|31759.09|374737.99
5266|1744|11/01/2016|196.8|24.8|2.0|PRESENT|0|405543.86
5267|1768|07-08-2022|188.8|22.6|1.8|PRESENT|0|887384.78
5268|1471|2024-12-03|188.5|7.9|4.9|Absent|0|546735.86
5269|1529|01/10/2022|173.6|23.2|3.5|Present|2544.35|760282.58
5270|1672|September 26, 2020|151.5|23.6|3.0|present|48267.33|490150.81
5271|1222|June 14, 2024|136.3|13.7||PRESENT|28396.98|589005.31
5272|1407|20-Feb-2018|175.8|24.8|1.3|PRESENT|0|694556.4
5273|1014|2020-11-19|154.5|15.9||present|0|801227.4
5274|1409|July 04, 2021|167.0|15.4|1.9|present|0|886528.86
5275|1777|2023-04-01|197.9|23.1|1.9|Absent|0|462097.83
5276|1150|04/15/2023|148.1|1.8|4.9|absent |0|280276.76
5277|1343|2024-08-20|147.0|1.6|3.4|PRESENT|39914.64|746741.31
5278|1133|01/06/2022|127.8|5.3|2.0|Remote|0|373406.81
5279|1532|26-06-2018|193.1|5.1|3.0|Remote|0|946049.83
5280|1161|September 01, 2024|123.7||3.9|Present|0|598694.5
5281|1225|03-03-2023|-5.0|7.6|3.9|Remote|0|235208.38
5282|1126|21/02/24|145.6|10.3|3.3|Present|0|385155.75
5283|1693|August 15, 2019|156.5|11.8|1.8|Present|0|
5284|1665|06-12-2024|142.6|17.0|1.7|absent |0|548537.58
5285|1650|2020-02-04|187.2|19.5|1.7|Present|4083.16|492250.86
5286|1172|09/12/2018|189.3|9.5|1.8|Leave|0|186299.02
5287|1171|03/15/2023|197.1|0.6|4.0|present|31181.06|906342.28
5288|1349|01/01/23|177.0|18.6|2.1|Present|0|770858.04
5289|1071|02/09/2022|165.0|7.2|2.6|Present|0|374691.98
5290|1467|June 19, 2016|166.6|14.3||Remote|0|
5291|1069|2019-06-07|176.5|6.4|3.6|Present|5035.95|540255.69
5292|1157|02-Aug-2017|162.0||3.2|absent |0|889310.85
5293|1286|11/21/2019|133.0|2.9|2.5|Present|0|727468.56
5294|1037|12-Nov-2020|171.8|8.1|4.9|Present|0|402265.16
5295|1542|12/03/21||1.8|3.7|absent |0|911450.32
5296|1513|16-Jun-2023|138.0|23.9|1.2|Absent|13327.12|
5297|1411|July 06, 2020|126.7|16.1|4.3|Present|0|512789.1
5298|1396|July 25, 2018|137.8|23.2|4.8|Present|32879.98|760080.71
5299|1275|07-Jan-2018|135.1|3.4|3.6|absent |0|
5300|1762|14-06-2020|124.7|4.6|1.2|Present|0|174551.21
5301|1201|01/23/2021||21.6|4.1|Present|0|552866.82
5302|1241|11/11/2019|133.9|24.4||Present|0|154152.78
5303|1097|18/07/22|190.6|16.2|1.0|Absent|0|593330.61
5304|1504|2023-06-08|148.5|14.8|3.1|Present|0|935981.98
5305|1715|2022-09-23|161.4|15.4|1.2|present|0|845800.3
5306|1690|26/03/23|121.1|5.0|4.1|PRESENT|41653.87|565905.49
5307|1571|10/17/2021|156.1|20.7|4.8|Present|0|409789.71
5308|1578|07-08-2016|190.1|6.9|3.0|Absent||672611.41
5309|1829|07/14/2021|156.3|24.4|4.8|Present|0|835741.59
5310|1703|19-04-2023|186.0|7.5|3.9|absent |0|329435.01
5311|1601|03-Jan-2023|199.9|19.9|3.7|Present|0|271669.23
5312|1318|13-05-2021|146.6|6.7||absent |0|446027.08
5313|1284|11-02-2023|190.7|18.3|3.7|Leave|44402.83|901415.95
5314|1353|2021-03-27|176.9|8.3|3.6|Present|0|160103.43
5315|1569|17-Dec-2015|178.4|1.0|1.2|Remote|0|654540.27
5316|1077|March 08, 2021|148.5|0.1|3.1|present|0|368216.43
5317|1730|08/22/2023|195.5|17.2|4.9|Absent|0|260197.01
5318|1363|13-09-2018|154.7|18.4|3.7|present|0|668369.27
5319|1124|23/03/22|151.4|8.4|4.7|Present|42251.87|505810.11
5320|1089|08/28/2018|144.9|5.3|1.2|present|0|274727.36
5321|1748|22-02-2024|149.0|14.0|1.1|Present|36711.19|224019.0
5322|1687|05-12-2018|127.8|5.2|4.3|Present|6392.17|847138.09
5323|1639|15-05-2021|148.9|13.5|3.5|Absent|0|343679.98
5324|1234|March 14, 2021|192.7|24.0|4.8|present|0|930945.03
5325|1134|2020-05-22|194.7|12.7|4.0|present|0|535851.18
5326|1246|21-Oct-2017|171.6|11.8|2.7|Present|0|231022.98
5327|1397|02/25/2020|171.4|3.7|2.6|Present||879227.24
5328|1345|15-Jun-2022|181.4|0.4||absent |0|517495.23
5329|1496|14/02/24|196.3|24.9|3.7|Present|0|940413.93
5330|1257|02/16/2023|195.0|22.2|4.2|Present||332492.0
5331|1735|February 06, 2021|153.8|8.5|4.2|Remote|0|401806.76
5332|1429|10-May-2016|153.3|2.7|2.0|Present|17483.05|658872.01
5333|1530|2019-01-02|174.7|12.4|1.4|present|0|603226.96
5334|1166|2021-11-20|199.8|15.1|3.1|Present|33266.22|693997.35
5335|1787|August 18, 2020|144.2|18.5|4.4|Absent|43898.47|599308.11
5336|1654|11-Jan-2017|131.2|4.1|4.4|Present|0|618147.32
5337|1157|08/08/2024|153.9|4.5|1.9|Present|268.9|631543.94
5338|1440|01/04/2017|140.2|24.1|1.2|Present|18588.3|349294.23
5339|1421|17-Sep-2024|181.8|14.4|3.1|Present|0|793488.16
5340|1530|06/03/2022|174.5|0.6|3.0|Present|0|841269.59
5341|1794|02/26/2019|121.4|18.2|2.2|Present|0|310685.13
5342|1576|March 25, 2018|152.4|5.9|3.0|present|0|207617.05
5343|1265|25/10/22|177.9|12.9|1.6|Present|0|325664.75
5344|1293|24-Dec-2021||23.1|1.9|Remote|26225.22|649854.94
5345|1785|26/11/16|136.2|12.7|2.9|Present|0|516189.32
5346|1531|November 16, 2021|186.1|5.6|2.1|PRESENT|34228.57|466062.34
5347|1364|03/14/2023||8.3|3.3|Present|0|896123.77
5348|1528|February 27, 2023|185.2|2.0|5.0|Leave|0|845369.23
5349|1410|07-10-2017|120.5|16.0||Present|0|168918.93
5350|1812|16/03/23|144.0|24.9|2.4|Present|0|310878.86
5351|1680|15/01/24|132.0|8.9|3.8|Absent|0|298126.96
5352|1698|April 23, 2020|137.7|2.4|4.8|Present|8439.59|506607.37
5353|1166|08-11-2022|199.2|24.1|2.0|Present|0|617324.11
5354|1232|2019-12-12|178.2|20.2|4.4|present|0|358933.47
5355|1787|2024-02-05|126.0|23.3|3.4|Remote|7536.6|924307.29
5356|1336|10/23/2022|187.2|21.9|4.9|Present|0|781081.54
5357|1503|05-03-2018|181.7|2.1|2.3|Present|0|159480.95
5358|1792|September 27, 2023|130.8|22.5|4.0|Present||760947.82
5359|1227|25-04-2017|163.0|20.5|3.3|Present|0|901967.97
5360|1495|October 09, 2020|190.4|11.7|1.7|present|10737.11|590694.3
5361|1210|August 16, 2024|197.6|3.4|4.3|Present|0|890554.25
5362|1472|22/09/21|135.0|15.3|1.9|Present|0|352747.22
5363|1234|May 27, 2015|152.5|7.4|3.4|Leave|4610.06|865847.29
5364|1544|05-Oct-2023|179.5|4.6|3.8|present|0|700372.57
5365|1222|03/06/2023|122.4|16.2|4.8|present|15649.8|264871.61
5366|1033|25-01-2023|159.4|21.4|4.2|Present|0|832926.55
5367|1566|January 18, 2024|132.7|3.0|4.4|Present|25665.84|777927.82
5368|1043|13-Mar-2021|129.8|2.7|3.0|present|48033.39|344119.76
5369|1767|2021-02-03|175.7|15.6|2.7|Leave|0|352237.29
5370|1661|25-Oct-2023|183.4|14.4|2.0|absent |0|784236.77
5371|1396|08/09/2021|155.0|2.2|4.4|Leave|0|453374.88
5372|1115|2024-07-22|184.1||1.6|Present|16165.23|910885.16
5373|1759|2023-02-05|128.6|3.2|1.8|PRESENT|0|582311.55
5374|1431|August 21, 2024|143.0|5.9|2.4|Present|0|585793.51
5375|1582|2023-01-01|188.5|21.2|1.3|PRESENT|20618.22|426753.49
5376|1281|22/07/23|173.4|4.5|1.6|Present|8344.78|858066.09
5377|1691|2021-01-03|188.6|8.0|2.3|Present|19619.4|607343.91
5378|1025|2023-09-22|184.8|5.4|3.6|Absent|0|240845.33
5379|1358|24-01-2020|129.6|18.0|4.7|Remote|32101.76|652608.06
5380|1434|18-05-2019|173.0|13.9|2.1|Remote|0|621878.21
5381|1150|2022-10-15|163.9|9.5|3.4|Present|0|219822.06
5382|1648|07/07/2021|173.3|16.2|2.0|Present||274121.47
5383|1250|25-10-2018|197.4|22.6|1.9|Present|0|553483.4
5384|1354|05/24/2018|125.1|17.0|2.0|Leave|20519.05|237152.83
5385|1515|01-Dec-2023|135.8|6.2||Present|0|260478.24
5386|1559|18-Nov-2018|146.5|20.5|1.3|Remote|0|304732.71
5387|1396|13/01/19|138.5|8.5|2.8|Present|0|407663.87
5388|1168|January 03, 2020|194.5|7.1|1.7|present|0|239256.03
5389|1621|12-Aug-2024|131.2|10.1|1.5|PRESENT|0|853167.75
5390|1525|25/11/19|150.6|23.1|3.2|absent |28526.27|473743.86
5391|1073|04-Aug-2020|147.8|18.7|2.5|Leave|0|396501.21
5392|1306|July 17, 2019|164.0|24.8|3.4|present|0|783355.6
5393|1399|06-Oct-2022|132.3|7.2|3.1|Present|0|547928.43
5394|1376|2017-12-21|130.9|11.6|3.4|Present|0|635578.14
5395|1487|August 23, 2020|174.3||4.1|Remote|49278.04|329780.36
5396|1069|28/11/21|173.0|6.7|1.7|Remote|0|747523.07
5397|1745|December 19, 2024|179.3|0.5|4.3|absent |45542.91|877815.57
5398|1203|2020-05-03|135.8|10.9||Present|36580.5|170778.86
5399|1332|14-10-2021|167.6|18.6|2.8|PRESENT|0|
5400|1234|10/27/2023|185.3|10.2|1.6|Present|47065.99|372439.76
5401|1100|02-01-2021|199.6|3.7||absent |13375.8|309890.58
5402|1231|17-Jul-2020|136.7|15.3||Present|0|327446.79
5403|1592|01/10/2019|132.1|14.7|3.5|Absent|0|297423.39
5404|1401|03-03-2023|146.0|0.6|2.1|present|41753.87|922659.96
5405|1492|16-12-2018|121.3|21.2|2.2|Absent|0|692444.85
5406|1055|15-01-2021|167.7|2.1|4.1|Present|0|248671.66
5407|1061|November 14, 2024|140.8|22.5|4.1|PRESENT|0|645970.59
5408|1513|2023-09-17|164.5|12.7|2.5|PRESENT|21742.46|194015.99
5409|1434|April 13, 2023|138.7|2.9|2.8|Remote|0|240241.61
5410|1053|02/02/18|194.2|11.3|2.0|Present|0|498817.62
5411|1363|10-11-2017|152.4|2.1|2.4|Absent|0|520034.19
5412|1327|27-Mar-2022|129.9|11.4|2.1|Present|0|668641.32
5413|1300|06/13/2019|-5.0|13.8|2.6|absent ||804291.42
5414|1507|October 04, 2017|138.2|7.5||Present|9583.07|396286.01
5415|1302|04-09-2024|148.4|24.2|3.1|Leave|0|630377.03
5416|1339|21-Jun-2023|-5.0|7.6|3.8|Absent|0|634364.58
5417|1207|2023-07-02|124.1|11.3|2.7|Present|0|462806.66
5418|1242|January 28, 2022|199.0|10.5|1.1|Present|0|188818.21
5419|1472|01-08-2020|153.3|19.7|2.2|Remote|0|626196.02
5420|1031|28/09/20|196.0|5.5|1.9|Present|0|237341.39
5421|1723|18-10-2023|164.5|7.0|4.6|Leave|0|502376.06
5422|1566|10/07/2020|-5.0|17.2|2.4|Present|0|331949.34
5423|1710|2024-05-04|168.7|2.8||PRESENT|0|
5424|1524|September 01, 2019|156.6|20.3|1.3|Present|0|730033.34
5425|1362|28/12/19|134.5||1.7|Present|39351.6|589215.01
5426|1418|03/18/2024|166.3|13.2|3.9|absent |0|708082.68
5427|1229|08-Nov-2019|158.0|8.9|2.6|Remote|25496.71|266332.4
5428|1508|26-Feb-2019|199.7|2.5|4.6|Absent|0|394528.94
5429|1411|07-02-2020|177.4|24.9|2.7|Present|0|194267.0
5430|1406|28/07/22|123.7|8.9|2.7|Present|25595.18|226597.9
5431|1048|2022-12-16|167.2|18.6|2.2|Leave|35211.43|663966.03
5432|1077|02-Jun-2023|142.3|17.7|2.7|Leave|0|253140.36
5433|1290|05/23/2022|148.0|10.5|3.8|present|31772.24|375177.37
5434|1233|24-Jul-2024|184.5|3.3|2.1|Present|0|719886.95
5435|1479|2018-03-19|175.4|2.0|2.6|absent |0|465590.96
5436|1836|04/04/2023|170.1|21.0|3.0|Absent|0|418269.97
5437|1676|March 02, 2022|143.5|17.8|2.9|Present|48430.43|529048.1
5438|1329|2021-10-20|196.1|15.1|3.2|Remote|0|477055.83
5439|1014|20-02-2019|131.9|15.5|4.5|Present|5059.74|429372.57
5440|1599|2022-02-17|157.1|2.6|4.6|Remote|0|169586.4
5441|1089|21-03-2017|140.7|21.5|2.5|Remote|0|905056.76
5442|1140|2019-01-28|155.9|9.5|4.4|Present|0|523707.33
5443|1806|12/09/2020|161.7|20.6|4.9|present|0|752901.59
5444|1516|February 07, 2019|193.1|6.2|4.6|Present||299523.82
5445|1291|08/02/2021|-5.0|4.2|1.6|Present|0|479382.85
5446|1271|21/04/20|194.2|24.1|2.4|Present|0|295205.96
5447|1315|07-Feb-2021|186.7|22.0|4.7|Absent|0|167603.99
5448|1456|2023-03-27|164.2|18.3|3.4|PRESENT|0|531847.29
5449|1245|02-02-2024|181.0|7.8|1.5|Present|11468.78|895310.72
5450|1106|12/22/2023|177.0|3.7|2.7|Present|0|335122.01
5451|1336|11/27/2024|126.7|16.2||Absent|0|807677.83
5452|1530|2016-12-25||18.2|4.5|Present|0|365249.04
5453|1488|10/19/2017|161.1|9.2|2.3|Absent|0|815351.67
5454|1619|2024-11-15|166.6|14.7|3.7|Present|0|374838.72
5455|1559|26-08-2018|144.8|9.7|4.1|Remote|0|
5456|1345|15/07/24|131.5|16.1|1.4|Leave|0|748882.97
5457|1277|21/03/21|194.0|15.2|3.9|absent |0|659752.5
5458|1477|01/03/2024||5.8|2.8|Present|13165.39|510277.24
5459|1162|03/20/2022|184.3|22.1|4.9|present|0|767006.57
5460|1150|20-11-2022|178.6|10.0|3.9|Present|0|865027.96
5461|1546|August 03, 2022|135.7|7.3|1.7|Present|19410.63|722565.65
5462|1513|01-Aug-2018|129.9|14.9|1.4|absent |0|186468.08
5463|1136|18-Jul-2020|136.4|17.5|4.3|Present|0|589685.71
5464|1013|June 03, 2018|177.3|2.5|1.7|PRESENT|18594.84|929779.56
5465|1475|2018-12-01|147.6|9.8|3.2|Present|0|825843.36
5466|1541|13/06/22|121.1|19.0|2.9|absent |0|250241.89
5467|1777|05/11/23|172.1|13.8|4.0|Present|1026.83|750692.76
5468|1319|20-04-2022|153.3|2.5|4.8|Present|0|857533.0
5469|1310|25/01/20|141.9|10.6|2.2|Present|7908.54|305577.24
5470|1291|05-04-2023|193.1|18.6|1.8|absent ||613932.62
5471|1081|2024-05-06|-5.0|11.7|2.1|Leave|0|634705.48
5472|1362|August 27, 2018|152.8|20.4|4.2|Present|0|549120.94
5473|1416|20/07/24||2.0|3.1|Absent|0|238610.6
5474|1020|18-Apr-2024||8.3|3.1|PRESENT|0|306292.31
5475|1354|15-Jun-2020|123.9|6.4|3.2|Present|0|337290.22
5476|1461|26-11-2023|192.8|15.8|1.2|Present|0|859247.97
5477|1484|April 09, 2024|170.2|16.6|1.5|Present|0|727445.22
5478|1531|06-Jun-2021|139.5|17.1|4.8|Present|0|
5479|1278|December 19, 2024|184.0|16.1|4.3|Remote|49206.97|307257.57
5480|1022|04-04-2020|177.9|24.3|1.8|Present|5039.7|387898.48
5481|1059|2020-11-10|194.8|6.3|1.8|Present|0|774873.57
5482|1320|20-07-2016|137.6|4.7|3.4|Present|0|825367.21
5483|1101|06-12-2023|170.9|2.5|4.8|Leave|26768.07|564353.16
5484|1448|26-01-2023|181.3|24.5|2.0|Remote|11002.71|348116.97
5485|1007|14-Sep-2015|125.4|12.9|2.0|present|0|408687.38
5486|1235|12-Sep-2019|199.0|10.3|2.8|Leave|0|
5487|1202|2023-04-10|130.2|17.0|3.3|absent |45638.24|471854.03
5488|1030|2024-07-18|124.7|21.3|4.2|Leave|0|681828.38
5489|1683|02-Feb-2021|135.4|8.6|1.2|Present|0|837313.83
5490|1497|09-Aug-2024|180.3|7.4|1.6|Present|0|617092.54
5491|1158|03-06-2021|181.5|19.3|4.3|Present|0|264050.17
5492|1222|06/03/22|134.8|20.0|1.7|present|0|604022.86
5493|1720|01/01/23|178.1||3.4|Remote|0|344422.38
5494|1141|17-03-2017|181.4|2.2|3.5|Absent|0|322010.35
5495|1477|08-10-2024|169.5|14.0|3.0|Leave|0|489010.61
5496|1331|28/05/19|190.6|21.2|4.9|Present|24319.66|578736.92
5497|1563|02/06/2022|192.9||3.4|Present|0|489947.11
5498|1680|January 19, 2023|156.5|5.4|3.1|present|16083.76|189880.39
5499|1433|May 05, 2022|149.7|13.7|1.9|PRESENT|17282.35|712242.57
5500|1632|February 14, 2022|185.5|13.3|1.7|present|0|196643.87
5501|1780|2023-02-15|178.2|0.7|2.6|Absent|0|828257.46
5502|1366|2024-03-09|123.4|15.2|4.5|present|0|784387.8
5503|1392|June 02, 2022|166.7|2.2|3.0|Present|0|586408.22
5504|1763|2024-02-14|192.6|3.9|4.5|Leave|0|289315.36
5505|1022|12/26/2023|124.8|23.6|2.0|Present|0|491211.54
5506|1191|February 16, 2022|121.3|4.3||Present|0|776729.83
5507|1097|20/02/24|130.0|19.3|4.6|Present|31441.95|482183.51
5508|1492|06-09-2022|191.4|20.9|1.3|Present|0|926792.58
5509|1398|12/09/17|195.5|21.8|1.3|Leave|0|249582.52
5510|1249|13/01/23|137.8|15.4|2.4|Present|0|264630.9
5511|1363|23/10/24|162.8|1.7|1.6|Present|0|584751.83
5512|1001|17-Jul-2018|196.9|5.7|1.3|Absent|0|754621.24
5513|1832|2018-08-07|-5.0|16.3|4.0|PRESENT|0|255747.97
5514|1688|07-06-2021||1.4|1.5|Present|0|562391.46
5515|1527|18-12-2019|148.0|24.5|4.3|PRESENT|0|556831.56
5516|1572|07/13/2022|136.8|17.7|2.5|Present|5858.27|443367.01
5517|1838|July 15, 2024|193.9|4.9|1.2|Present|8581.66|
5518|1350|12/11/2024|139.7|18.2|4.2|Present|0|664808.16
5519|1418|02/28/2023|121.8||2.0|Leave|0|576861.87
5520|1540|09-11-2020|156.4|14.3|3.1|Leave|0|197408.34
5521|1774|24/08/19|160.7|8.9|4.4|Present|0|687546.34
5522|1462|08/26/2022||6.9||absent |0|747641.03
5523|1580|March 28, 2022|195.0|7.9|1.9|Present|14684.92|254182.25
5524|1467|11/12/2024|130.8|22.6|2.7|present|0|
5525|1409|June 07, 2018|198.2|3.9|2.9|Present|47271.0|204932.24
5526|1797|February 25, 2024|150.3|11.6||Leave|0|543586.26
5527|1237|04-Sep-2023|153.6|10.1|4.8|present|0|207680.38
5528|1362|07-04-2022|192.2|2.3|1.3|Remote|0|638522.76
5529|1027|06-02-2023|129.2||4.4|Remote|13907.52|152211.98
5530|1225|September 02, 2019|185.3||2.1|Present|0|260200.28
5531|1706|06/17/2022|193.8|11.4|4.2|Present|0|763816.42
5532|1140|27-Jul-2023|135.8||3.8|Leave|0|834382.49
5533|1691|03/15/2023|199.6||2.5|Present|0|907594.65
5534|1162|05-Feb-2023|158.4|6.0|4.7|present|0|546524.94
5535|1188|09-Mar-2017|186.4|7.7|2.2|Remote|14838.29|938558.15
5536|1800|2024-10-27|162.8|10.4|3.1|absent |0|185518.51
5537|1398|August 06, 2024|132.1|20.0|2.3|Leave|0|673567.73
5538|1473|07-12-2022|179.2|4.1|4.5|Present||268401.56
5539|1716|07/19/2021||12.6|4.3|Present|0|741866.42
5540|1679|09/21/2023|160.0|22.1|3.5|Absent|0|908786.86
5541|1215|20-Mar-2021|159.6|9.4|4.5|Leave|0|826464.39
5542|1228|02/17/2024|193.0|23.0||PRESENT|0|375414.27
5543|1679|11/10/19|123.5|7.5|1.8|PRESENT|26854.8|533653.77
5544|1736|2018-11-16|122.3|7.1|3.9|Present|0|473271.06
5545|1213|15-Sep-2022|162.4|12.8|1.9|Present|0|519708.99
5546|1083|April 09, 2019|145.9|13.4|3.1|PRESENT|0|362508.99
5547|1794|September 15, 2023|169.3|9.2|3.8|Leave|46734.77|452254.52
5548|1838|11/03/2024|153.2|0.6|2.6|Absent||
5549|1189|28-Dec-2023|165.6|2.8||Present|0|809210.99
5550|1108|December 18, 2021|173.5|18.4|3.4|Leave|49989.22|
5551|1168|2019-11-28|183.9|15.8|2.5|Present|0|248464.31
5552|1452|14-Dec-2022|196.1|15.5|4.9|Leave|0|875826.02
5553|1794|2021-04-01|120.7|4.3|2.4|absent |0|685185.9
5554|1586|01-Aug-2023|121.4|13.6|4.8|PRESENT|0|398039.45
5555|1458|04/03/2024|192.7|12.2|3.1|Absent|0|627418.19
5556|1612|15-May-2022|148.2|15.4|4.4|Present|0|548634.86
5557|1675|09/06/2023|147.0|8.2|2.3|Present|2017.04|
5558|1089|02-Sep-2019|198.2||1.2|Present|44694.89|593014.35
5559|1598|22/10/22|164.4|7.4|3.0|PRESENT|36256.82|283455.18
5560|1245|20-Oct-2024|178.1|22.9|1.2|Present|0|949394.38
5561|1214|03-Aug-2023|169.9|24.6|2.3|Remote|0|741041.12
5562|1245|05/06/2019|149.0|19.7|2.9|PRESENT|0|258098.17
5563|1416|April 28, 2020|186.5|5.8|2.6|Remote|0|658920.82
5564|1073|September 04, 2019|185.3|19.2|1.4|Absent|0|225135.06
5565|1670|24-06-2023|180.6|22.8|2.7|absent |15966.28|172885.64
5566|1396|09/03/2017|143.2|2.0|4.0|Leave|0|613067.5
5567|1478|16/05/20|136.8|7.6||present|0|375976.44
5568|1213|October 27, 2019|188.1|15.1|1.8|Remote|0|266342.19
5569|1671|10/11/2019|160.3|4.3|2.3|PRESENT|10577.36|846907.47
5570|1492|14-Jun-2020|167.6|19.3|2.3|PRESENT|46953.3|213905.09
5571|1680|2022-11-17|168.6|6.8|4.1|Present|40218.72|501886.34
5572|1207|April 13, 2021|157.2|9.3|3.8|Remote|41800.62|196144.77
5573|1033|2023-03-20|-5.0|14.4|3.6|absent |0|812080.4
5574|1353|01-Oct-2022|196.1||3.7|Present|17770.25|628460.27
5575|1815|04/19/2018|173.3|17.4|1.1|PRESENT|19464.06|335158.34
5576|1206|15-11-2020|137.1|13.9|1.7|Present|0|866839.43
5577|1281|January 26, 2024|198.1|1.7|3.4|present|0|632716.19
5578|1799|October 07, 2022|172.1|24.3|1.7|present|0|390650.94
5579|1051|2022-04-14|144.6|8.5|3.0|Present|0|335651.04
5580|1412|January 11, 2023|159.6|3.4|3.3|Present|0|715682.37
5581|1063|07/25/2019|191.7|1.6|2.6|Present|0|854311.88
5582|1645|04-06-2016|183.5|4.3|4.6|Present|0|919438.31
5583|1679|06/12/23|176.0|18.6|1.2|present|0|330574.19
5584|1487|02/06/19|180.4|23.4|4.5|Leave|0|691354.48
5585|1292|July 11, 2021|148.2|14.3|4.4|present|0|734648.45
5586|1051|22/03/22|175.5|11.1|4.5|Present|1423.18|884650.23
5587|1577|01-Feb-2024|158.1|10.6|1.2|Present||425779.42
5588|1279|05/06/21|195.7|6.4|4.4|present|49701.96|298991.96
5589|1498|2023-12-08|191.4|23.4|3.7|Present|0|157991.34
5590|1143|14-Mar-2023|167.3|8.3|3.5|Leave|0|861947.19
5591|1105|04/07/2021|168.9|9.8|1.2|Present||345038.19
5592|1420|2019-08-22|163.1|2.0|1.2|Present|37391.3|309253.77
5593|1533|22/06/22|153.3|15.8|2.4|Present|0|646550.82
5594|1835|05-Dec-2023|147.3|18.7|2.1|absent |45145.36|497299.75
5595|1304|10/14/2024|159.4|8.4|4.4|absent |45415.3|870520.95
5596|1100|01/02/17|136.5|14.8|4.4|Remote|0|826359.69
5597|1251|11/02/21|178.1|1.5|4.1|Absent||872316.57
5598|1729|2023-09-12|168.1|5.6|3.8|Absent|0|849795.36
5599|1666|09-Sep-2024|141.6|19.4|1.5|Leave|1503.72|460966.6
5600|1155|19-Dec-2021|121.4|21.0|2.6|Present|0|864785.23
5601|1313|12/17/2020|127.8|1.5|4.7|Present|0|
5602|1837|2023-10-01|168.0|7.7|2.5|Present|742.42|410176.0
5603|1626|16-Jan-2023|-5.0|17.2|2.9|Present|0|910695.78
5604|1579|2018-04-11|176.4|0.6|4.4|PRESENT|0|763520.47
5605|1726|2022-07-17|163.3|12.6|3.9|Leave|0|284230.04
5606|1336|09/09/2017|195.0|19.5|3.7|Present|0|263201.26
5607|1826|12/17/2021|156.3|3.6|2.9|Leave|27087.74|884426.22
5608|1390|September 08, 2022|141.9|6.1||PRESENT|10678.18|279677.77
5609|1271|2020-12-14|154.9|11.1|4.4|Present|16845.39|273277.49
5610|1492|2023-02-02|149.4|17.6|3.5|absent |0|179411.52
5611|1550|22/10/23|177.1|10.0|4.9|Present|0|765657.79
5612|1344|09/04/23|140.0|16.7|3.4|Absent|0|150482.01
5613|1504|16/05/21|168.3|14.9|1.9|PRESENT|0|493315.61
5614|1190|05-Jan-2023|170.8|8.3|2.7|Present|0|435467.9
5615|1605|01-Aug-2018|198.8|12.2|2.2|Present|26467.63|802225.05
5616|1262|March 21, 2018|122.9|19.8|3.3|Leave|13477.01|439204.38
5617|1219|2024-12-01|122.6|14.6|4.1|absent |0|733971.26
5618|1205|08-01-2023|190.3|25.0|1.5|Present|47025.1|273288.0
5619|1162|03-08-2022|197.0|3.6|3.0|Absent|0|876603.57
5620|1429|2023-02-05|145.8|2.2|3.0|Absent|40278.91|462397.39
5621|1463|12-09-2021|175.1|2.4|4.7|present|0|387501.98
5622|1177|2018-07-19|158.0|22.9|2.3|Leave|11898.58|717321.65
5623|1256|04/25/2024|128.0|11.4|2.2|Present|0|418817.28
5624|1507|28-03-2017|194.0|15.5|4.9|Present||790322.32
5625|1757|2022-10-11|195.2|15.5|1.6|Present|0|909352.19
5626|1423|11/19/2020|137.3|22.1|4.6|Absent|0|799749.26
5627|1471|2020-04-14|127.5|18.4|4.4|Present|0|623834.73
5628|1774|09/03/2019|185.8|18.9|3.4|Leave|0|347018.48
5629|1528|January 02, 2019|198.6|17.9|1.7|present|0|872982.67
5630|1528|March 13, 2024|142.3|7.3|1.7|Present|29740.8|907684.23
5631|1226|16-02-2022|143.6|17.0||Leave||373063.14
5632|1200|06-May-2024|196.6|16.5|1.5|absent |0|215225.94
5633|1298|June 01, 2015|189.7|6.4|3.2|Leave|0|505361.9
5634|1201|08-08-2023|146.0|17.3|1.5|absent |0|676029.59
5635|1125|07/15/2016|123.3|0.5|2.2|Present|11345.75|659353.6
5636|1442|01-02-2024||20.7||Absent|0|830809.46
5637|1008|2018-10-18|172.2|8.6|1.3|present|0|654454.85
5638|1343|07/10/22|184.4|5.4||Absent|0|284961.65
5639|1778|14/03/21|186.6|5.6|3.7|Present|0|926682.37
5640|1114|12/06/2017||23.0|2.4|present|0|467809.82
5641|1591|2016-11-11|196.3|18.0|4.0|PRESENT|0|379614.79
5642|1076|09/07/20|143.2|8.2|1.2|Present||324554.18
5643|1472|23-08-2021|162.2|9.1|4.7|Present|13077.64|878379.57
5644|1520|24/06/19|136.5||3.6|Present|0|434709.93
5645|1659|2021-01-19|128.3|20.0|2.2|Present|31264.03|347840.51
5646|1474|02-Aug-2020|124.7|8.0|4.4|Absent||614062.43
5647|1267|04/08/23|133.5|12.0|2.5|PRESENT|8980.2|889269.54
5648|1501|07-11-2023|196.6|0.9|4.8|Present|0|
5649|1543|2021-09-03|150.7|23.0|1.0|PRESENT|0|347161.36
5650|1567|2020-05-19|123.2|2.7|4.4|Present|40425.91|559890.02
5651|1058|10/05/20|135.5|22.4|2.7|Leave|31171.59|520304.78
5652|1374|May 07, 2023|148.8|17.7|1.2|present|0|767029.13
5653|1181|2020-04-19|188.1|20.2|4.0|Present|0|844371.65
5654|1647|February 22, 2017|132.2||1.5|Absent|0|592849.4
5655|1611|22-03-2024|170.4|14.2|4.2|Present|0|761610.73
5656|1376|14/06/19|124.3|11.2|1.8|Remote|0|665820.15
5657|1785|December 08, 2022|134.0|14.9|3.9|Present|0|769136.7
5658|1308|22-08-2024|155.3|17.3|2.6|Present|0|686633.61
5659|1394|10/23/2024|141.9|7.7|4.7|PRESENT|0|567172.22
5660|1073|21/06/21|120.7|15.5|4.9|absent |0|348492.67
5661|1801|18-07-2024|||3.1|Absent|0|805742.18
5662|1760|12/01/2021|156.8|8.1|3.7|Present|0|385911.73
5663|1613|21-05-2020||15.1||Leave|0|665624.45
5664|1659|2021-02-12|197.2|11.4|2.4|Leave|14281.23|559755.18
5665|1494|10-Dec-2024|124.1|24.0|4.6|Present|0|684947.98
5666|1298|27-Apr-2015|183.4|1.8|2.4|Remote|0|931214.66
5667|1431|January 19, 2023|176.3|11.5|2.9|Present|0|211404.4
5668|1652|2015-03-02|184.0|23.3|1.2|Present|0|276159.46
5669|1173|06/11/2021|155.7|2.1|2.6|absent |0|353543.68
5670|1001|14-03-2022|192.1|10.2|2.8|absent |27577.39|877835.61
5671|1407|16-Oct-2020|152.0|2.4|1.6|Present|0|413452.8
5672|1476|21/08/18|175.7|6.5||Present|0|758750.62
5673|1408|2018-12-14|165.6|2.6|4.1|Present|0|535611.2
5674|1100|April 03, 2020|170.7|15.7|4.1|absent |0|464686.6
5675|1535|26/08/20|144.8|5.7|5.0|Absent|0|451991.7
5676|1359|2024-05-26|150.1|21.5|4.4|Present|0|718584.95
5677|1290|2021-09-09||15.1|3.0|Present|0|544212.43
5678|1434|02/05/21|180.0|16.8|1.8|Present|0|822762.58
5679|1790|October 23, 2023|188.1|22.3|1.2|Absent|0|608829.57
5680|1790|2023-08-04|122.4|4.7|3.8|absent |0|858699.0
5681|1595|08/21/2019|195.9|16.2|2.5|Remote|0|303219.74
5682|1420|28-09-2019|197.1|9.8|3.3|absent |6968.81|872469.5
5683|1051|06/16/2024|190.3|14.0|1.2|absent |49844.9|774175.21
5684|1343|13-Sep-2021|188.8|17.1|1.2|Present|0|764614.51
5685|1729|02/17/2019|176.2|2.9|4.2|Present|0|550251.01
5686|1776|2022-09-11||3.0|3.0|absent |0|786720.13
5687|1712|27-Feb-2024|122.1||3.2|Remote|35656.22|701282.84
5688|1844|25-Dec-2022|121.8|24.7|3.0|absent |0|613842.84
5689|1408|26-09-2016|164.3||4.6|PRESENT|0|522832.26
5690|1241|24-Apr-2017|163.4|15.2||Present|20547.17|861947.76
5691|1458|February 09, 2021|189.8|1.0|3.0|Absent|49553.24|628079.73
5692|1807|16/09/22|159.5|1.5|1.7|Present|0|675823.26
5693|1193|10-Jun-2023|163.4|24.5|3.9|Leave|0|717231.94
5694|1342|03-Dec-2022|190.3|23.4|4.1|absent |0|271960.44
5695|1134|09/12/2021|169.5|9.2|1.2|PRESENT|0|599518.94
5696|1603|04/07/19|185.8|12.4|2.4|absent |0|634959.07
5697|1762|13-08-2020|128.8|17.2|2.3|Present|46904.7|319495.57
5698|1220|January 05, 2019|143.1|0.4|3.8|absent |26170.08|442099.8
5699|1760|17/01/24|146.0|16.1|3.2|Present|24948.01|368841.89
5700|1525|26-Oct-2022|182.7|22.0|2.7|absent |0|795214.45
5701|1828|08/07/2021||0.5|2.7|Absent|0|337508.54
5702|1390|09-Mar-2024|-5.0|16.4|1.5|Present|0|470028.24
5703|1445|07-Jul-2020|145.5|6.2|4.2|absent |29756.64|853885.57
5704|1612|08/22/2024|150.9|16.2|3.3|PRESENT|5172.2|234177.42
5705|1785|2020-12-10|149.8|17.5|4.3|Present|0|324609.34
5706|1604|16/06/18|161.5|2.8|3.8|present|0|919054.63
5707|1555|06/20/2022|171.2|0.9|2.3|absent |45260.15|404969.51
5708|1391|14-Jan-2021|198.1|11.4|1.4|Leave|0|
5709|1408|23-07-2018|129.6|24.3|1.5|Absent|0|496734.63
5710|1815|27-08-2020|199.9|4.5|2.3|absent |0|853999.48
5711|1168|19/04/19|190.0|2.3|3.0|Present|0|303855.7
5712|1058|10/09/2019|168.9|3.6|2.3|Present|0|763376.48
5713|1785|08/01/2016|-5.0|0.7|4.4|Absent|8051.45|718774.55
5714|1667|28-01-2024|151.6|2.7|1.6|Present|48509.6|182103.03
5715|1388|18/08/23|188.6|15.1|3.5|Present|0|397305.94
5716|1570|2023-04-06|190.0|18.8|3.6|Absent||492941.39
5717|1115|2024-05-07|125.3|14.1|3.0|Remote|0|946699.37
5718|1781|08/13/2022|126.0|15.5|4.2|PRESENT|0|577124.07
5719|1683|2024-10-11|163.7|22.4|4.1|Remote|3130.42|341457.86
5720|1759|11/07/24|189.9|14.4|2.8|PRESENT|0|182824.65
5721|1829|February 16, 2022|192.1|14.2|3.8|Leave|0|619248.79
5722|1704|16-Mar-2020|185.3|21.6|3.1|present|0|910459.02
5723|1313|18-Nov-2020|135.3|11.0|3.3|Present|0|253491.27
5724|1822|November 07, 2020|-5.0|5.6|3.7|present|0|175429.6
5725|1762|18-Sep-2023|147.5|22.4|1.9|Absent|0|627517.77
5726|1377|12/03/17|129.0|11.5|3.8|Present|0|564976.54
5727|1372|15/11/22|144.9||1.3|Leave|45773.4|810519.67
5728|1827|07/03/21|199.9|2.2|3.1|Remote|0|198311.25
5729|1056|04/22/2024|195.5|3.9|1.9|PRESENT|34493.26|479286.11
5730|1013|21-Oct-2017|129.4|13.8||Remote|0|219927.34
5731|1124|09-Nov-2022|171.6|0.0|1.9|Present|20441.56|617903.05
5732|1300|08/21/2018|123.3|15.3|2.5|PRESENT|24083.7|865370.39
5733|1271|28/03/24|177.0|7.8|4.5|Remote|0|220256.94
5734|1708|2023-05-12|188.2|21.1|4.1|Remote|0|845205.09
5735|1220|02/22/2022|142.1|10.2|1.2|Present|39794.68|706201.17
5736|1814|15-Jan-2021|161.3|6.4|1.9|Present|0|622995.57
5737|1027|July 10, 2021|166.2|22.3|1.2|Leave|0|386326.84
5738|1283|2021-12-28|138.4|21.3|2.0|present|34085.5|897905.36
5739|1524|17-07-2021|160.7|2.8|4.1|absent |0|155940.82
5740|1594|07-02-2024|167.5|15.8|3.3|Leave|0|376172.93
5741|1661|17-07-2023|187.0|0.7|4.0|Remote|0|
5742|1765|11-Dec-2021|165.2|21.2|2.2|PRESENT|22479.43|195343.94
5743|1286|14-Feb-2020|196.8|||Present||923018.52
5744|1052|17-Apr-2023|136.0|1.2|3.8|Absent|0|780615.77
5745|1244|04-Oct-2021|193.8|0.2|2.9|Absent|0|587714.69
5746|1429|June 15, 2018|198.3|9.8|2.7|Present|0|579604.91
5747|1287|05-Jun-2024|178.0|13.3|3.9|absent |0|350966.4
5748|1274|April 07, 2020|120.0|8.1|1.5|Present|0|568251.48
5749|1210|22-09-2022|196.3|9.7|3.6|present|29982.79|474101.87
5750|1370|12/03/2019|175.2|24.3|4.2|Present|0|779035.78
5751|1525|July 01, 2018|134.3|2.7||Present|0|555842.02
5752|1381|2024-07-28|126.9|19.6|3.3|Leave|0|906671.59
5753|1373|01/01/2024|139.2|22.0|4.3|PRESENT|0|560019.84
5754|1473|23-01-2021||11.6|1.6|Present|0|202100.69
5755|1106|July 03, 2016|182.3|20.7||present|41626.13|887513.34
5756|1839|2021-12-01|188.7|13.0||Present|0|944938.71
5757|1023|2023-05-01|-5.0|7.7|2.7|Present|11136.92|855800.62
5758|1028|January 13, 2018|190.0|13.1|3.0|Absent||896150.46
5759|1849|27-Jan-2022|175.3|7.2|3.1|Present|0|452919.88
5760|1056|10-10-2023|174.7|0.2|1.5|Present|6743.92|418741.59
5761|1673|07-10-2022||15.0|3.0|Present|0|732180.2
5762|1641|25/07/17|175.4|6.0|2.8|Remote|40278.87|897659.48
5763|1626|June 12, 2017|123.3|17.7|3.8|Present|0|516721.06
5764|1259|15/09/21|194.1|16.0|2.1|absent |12014.39|181100.18
5765|1468|11/03/2016|149.9|0.1|4.0|absent |47428.57|423943.79
5766|1071|April 25, 2022|138.7|11.1|1.8|Present|32783.68|829205.57
5767|1530|11-Dec-2018|177.5|11.2|3.0|present|0|
5768|1205|24-Dec-2023|183.6|16.8|3.5|Present|0|705097.14
5769|1262|04/09/18|163.3|10.1|1.3|Present|0|615497.93
5770|1222|2016-10-01|195.9|13.4|1.3|Present|33878.39|856578.04
5771|1534|2016-08-22|190.1|18.4|4.8|Remote|24827.23|190023.63
5772|1363|06/02/2017|136.1|22.1|4.7|present|0|832162.3
5773|1452|12/05/2021|159.3|24.7|4.8|Absent|0|395972.92
5774|1455|August 01, 2018|192.4|15.8|3.8|Present|24410.98|340560.63
5775|1343|2024-10-11|178.4|16.7|2.8|Present|22609.87|254699.69
5776|1513|September 15, 2022|193.8|11.5|3.9|Present|37511.87|734957.93
5777|1280|2019-07-03|155.8|2.8||Present|0|
5778|1580|02-01-2020|156.5|13.8|1.3|absent |0|888197.12
5779|1724|20-Feb-2018|153.2|9.3|2.8|Absent|0|421246.68
5780|1541|August 24, 2022|198.1|6.1|3.3|Present|48704.96|778724.65
5781|1816|November 19, 2023|186.3|14.6|3.8|PRESENT|33131.38|877367.41
5782|1230|20-08-2022|162.7|3.8|1.3|Present|0|828558.5
5783|1779|12-Oct-2019|187.7|24.6|1.8|Present|19531.81|275797.92
5784|1371|27/11/19|188.5|18.9|4.1|Present|0|892126.87
5785|1516|05-03-2019||5.1|2.7|Leave|0|601885.13
5786|1302|09/06/24|186.1|19.3|1.2|Present|14636.39|822435.89
5787|1125|19/03/24|-5.0|21.7||present|0|262014.42
5788|1137|23/11/24|166.4|5.2|2.5|Present|0|939374.97
5789|1721|11/15/2021|183.3|8.9|4.9|PRESENT|0|203983.7
5790|1321|07-Apr-2024|146.4|11.2|2.9|present|0|848687.15
5791|1651|03/06/23|125.1|21.0|3.8|Leave|0|661249.52
5792|1665|2021-06-27|162.5|16.7|2.5|Remote|0|258008.05
5793|1420|11/04/21|164.7|9.2|2.4|Remote|0|605614.58
5794|1085|05/14/2020|132.5|6.5|2.1|Present|28911.34|435814.91
5795|1387|06-01-2024|146.7|1.6|4.9|Leave|40817.04|859610.72
5796|1388|07/21/2023|191.6|18.9|1.6|Leave|0|372753.49
5797|1020|November 15, 2022|136.5|15.5|3.1|Remote|0|731688.92
5798|1454|2024-04-10|156.8|16.2|3.4|Present|23243.15|413261.67
5799|1383|04/16/2022|133.7|15.1|1.1|Present|0|
5800|1049|05-02-2023|120.7|17.8|1.3|Remote|45015.14|936076.99
5801|1727|20-02-2019|125.2|1.6|4.7|Present|0|283501.94
5802|1433|October 14, 2022|176.5|19.1|1.4|present|0|669908.81
5803|1260|09-Mar-2024|143.2|5.1|3.8|PRESENT|13653.91|639126.31
5804|1741|12/11/2023|-5.0|7.4|1.4|Leave|17562.35|350989.0
5805|1275|21-03-2018|155.9|4.6|4.1|Absent|0|210473.59
5806|1649|06/15/2022|184.5|5.1|3.5|absent |20428.41|555284.85
5807|1038|November 11, 2020|199.4|10.2|4.2|present|0|788422.98
5808|1329|2023-03-19|132.5|18.3|3.5|Present|0|359987.93
5809|1087|19/02/21|161.7|19.8|4.4|PRESENT||277124.85
5810|1298|October 03, 2018|179.6|13.2|1.5|Remote|0|694028.11
5811|1514|25-06-2023|124.4|15.5|2.9|Present|0|558203.94
5812|1342|05/24/2023|128.9|23.4|3.8|Present|49724.52|558683.21
5813|1168|01/03/2023|148.5|3.5|2.1|Present|0|450961.33
5814|1475|07-06-2019|146.2|11.6|4.8|Present|0|400240.67
5815|1471|February 04, 2023|136.9|15.7|1.9|present|41224.49|548041.49
5816|1714|20/11/18|170.0|18.4|3.8|Present|36751.28|339292.13
5817|1186|10/28/2023|153.9|5.8|2.1|Absent|16815.84|153597.43
5818|1469|07/08/2024|147.5|1.7|3.4|Remote|0|752240.68
5819|1559|July 20, 2017|159.4|18.0|4.0|PRESENT|30668.22|424070.72
5820|1255|09/12/2022|148.1|7.9|2.2|present|0|603489.69
5821|1733|2023-10-18|155.4|10.6|1.6|Present|0|636718.77
5822|1636|21-05-2023|168.6|22.8|1.8|Present|19292.76|753617.9
5823|1329|07/21/2022|159.6|||Absent|0|382710.47
5824|1201|March 19, 2018|170.1|17.5|4.3|Present|15854.13|709476.31
5825|1291|2021-05-24|131.5|16.0|2.4|Present|0|715369.87
5826|1366|25-Jun-2024|193.9|20.2|2.9|PRESENT|0|845041.83
5827|1052|2024-09-12|179.1|7.3|3.2|Leave||571142.63
5828|1083|03/05/2024|127.5|25.0|1.2|present|0|667922.59
5829|1520|03/18/2019|158.6|1.7|3.7|absent |0|934658.23
5830|1621|10/12/22|190.2|1.9|2.2|Present|0|317012.5
5831|1779|03/17/2021|167.3|22.1|2.8|Present|14600.17|783968.87
5832|1310|07/06/17|138.6|||Absent|0|423770.38
5833|1766|18/05/24|-5.0|1.0|4.9|Present|0|842297.27
5834|1159|25-11-2020|133.4|17.1||Present|0|745891.74
5835|1702|09/13/2024|129.3||4.7|present|0|390537.47
5836|1716|October 16, 2022|123.9|24.8|2.4|Present|49879.66|502960.75
5837|1779|04-08-2024|196.0|14.1|2.7|present|0|429943.35
5838|1597|14/11/24|126.3|14.0||Present|0|399688.16
5839|1282|12-01-2020|129.8|12.5|2.3|Present|0|388885.94
5840|1690|10/25/2023|120.2||1.3|PRESENT|33110.19|585300.93
5841|1625|27/09/19||5.4|2.9|Absent|0|573321.56
5842|1222|04/26/2017|195.2|13.9|2.6|Present|7873.54|376944.39
5843|1047|10/24/2023|188.4|0.1|4.4|Absent|0|170527.68
5844|1547|21-01-2022|171.9|15.6|2.2|Absent|47427.72|798537.5
5845|1526|August 06, 2017|186.9|6.3|1.5|absent |47967.69|277874.42
5846|1008|06/09/2023|172.3|5.1|1.3|PRESENT|20394.9|835709.62
5847|1468|18-Jun-2017|153.2|5.3|1.3|absent |12914.07|546161.62
5848|1503|14-12-2016|142.8|8.4|1.5|Present|0|850846.09
5849|1643|20/07/24|148.3|2.2|4.7|Present|49476.29|326715.16
5850|1059|17/09/20|145.1|2.4|3.4|Present|11782.12|243354.86
5851|1261|10/27/2023|175.0|11.3|3.4|Present||336625.01
5852|1256|17-Jul-2021|140.9|13.6||Leave|9122.65|181418.43
5853|1692|May 17, 2019|122.4|21.1|3.1|Present|0|468860.97
5854|1079|2024-12-04|135.9|14.3|3.1|Present|0|
5855|1023|13-11-2020|159.5|21.1||PRESENT|0|587109.58
5856|1014|December 01, 2016|142.2|16.5|2.0|Present|0|562191.37
5857|1621|2023-05-19|161.2|21.5||Present|0|307936.33
5858|1453|12/15/2022|130.5|24.7|4.7|present|0|247852.35
5859|1584|09/19/2021|174.4|22.1||Remote|0|582276.45
5860|1537|09-07-2021|187.6|24.3|3.3|PRESENT|0|779109.65
5861|1118|2024-09-03|130.1|4.1|2.7|PRESENT|0|746689.76
5862|1408|17-Sep-2018|179.4|4.1|2.9|PRESENT|0|514629.36
5863|1082|2018-10-05|160.6|14.5|2.2|absent ||841381.03
5864|1240|26-01-2021|193.9|19.6|4.2|Leave|42986.28|723436.37
5865|1759|2023-11-20|181.7|7.5|1.1|Present|0|314688.0
5866|1765|05-Feb-2023|151.9|12.3|4.1|Present|9210.91|908035.14
5867|1377|August 18, 2017|134.1|23.8|2.3|Present|0|714954.58
5868|1319|07/17/2022|143.6|14.9|2.1|present|0|669526.43
5869|1365|28-09-2021|136.9|3.1|2.8|absent ||472726.54
5870|1845|18-08-2017|177.7|20.2||Remote|0|602311.97
5871|1001|2018-04-17|190.1|14.0|4.4|Absent|22105.9|342511.01
5872|1639|13/03/21|133.9|20.4|4.9|Present|8748.98|708512.76
5873|1200|02/14/2024|159.0|13.2|2.8|Present|39458.54|834236.15
5874|1287|2023-04-27|156.5||4.6|Remote|0|699126.8
5875|1651|11/05/2021|134.1|10.1|1.4|Absent|43415.28|827137.03
5876|1336|December 28, 2019|182.7|12.4|2.4|Present|22514.21|333965.84
5877|1073|27-03-2023|127.3|21.4|2.0|Present|5606.89|673092.31
5878|1784|17/10/18|154.9|10.3|5.0|Present|0|375172.82
5879|1530|04-Nov-2017|152.4|24.9|3.8|Present|34947.49|324532.63
5880|1681|02-Aug-2018|196.5|18.3||Absent|0|273234.49
5881|1690|September 13, 2023|156.7||4.5|absent |0|559021.91
5882|1742|2022-05-15|138.5|23.8|3.7|Present|0|657236.33
5883|1420|2015-12-02|161.3|9.0|2.7|present|0|174348.88
5884|1368|13-May-2018|132.6|17.9|4.6|Remote|0|205011.24
5885|1274|2021-09-26|183.4|13.8|1.8|Present|0|681535.99
5886|1786|10-12-2024|184.5|4.7|1.3|Absent|43445.17|670288.79
5887|1405|November 06, 2020|184.8|14.4|4.5|Remote|2547.65|488155.9
5888|1418|04/09/2024|175.0|19.5|4.2|Leave|0|
5889|1004|19-Dec-2023|156.6|22.7|3.8|Remote|0|696284.94
5890|1194|03-01-2021|128.3|7.8|2.5|Present|0|870049.16
5891|1596|12/07/2022|141.1|23.7||Present|0|686888.63
5892|1513|14-Mar-2018|191.5|4.7|4.1|Present|0|701904.73
5893|1718|04/25/2023|152.7|23.5|3.6|absent |0|770458.76
5894|1559|16/06/21|160.6|1.6|4.5|Present|0|737610.95
5895|1320|03-Dec-2019|158.2|7.8|4.5|absent ||329625.14
5896|1386|14-03-2019|183.0|1.6|3.3|Present|13978.68|424574.07
5897|1516|2022-03-14|173.0|4.1|4.8|Present|0|638628.17
5898|1743|2022-08-13|136.0|2.3|1.6|present|0|764105.04
5899|1138|23/01/22|164.9|22.8|4.4|Present|16350.9|568837.94
5900|1702|December 06, 2018|123.6|16.3|1.2|Present|3093.86|434796.2
5901|1250|11/22/2024||7.4|1.0|Absent|12793.13|924938.79
5902|1302|01/28/2021||7.1|2.0|Remote|592.58|778978.38
5903|1140|24/05/16|141.8|12.4|3.9|Remote|0|861979.49
5904|1028|01-05-2019|183.0|1.9|2.7|Present|0|714154.61
5905|1147|20/01/24|167.6|13.6|2.3|Present|0|195961.31
5906|1393|2017-10-16|161.7|23.2|2.2|Present|26389.69|400245.75
5907|1674|25-04-2021|183.2|1.9|4.8|Present|0|219459.17
5908|1786|19-Sep-2018|143.2|18.7|1.5|Present|0|314715.48
5909|1558|2020-04-16|196.2|2.5|4.7|absent |3351.33|
5910|1504|08-Nov-2022|144.4||2.0|Present|12880.16|643939.73
5911|1566|09-06-2018|171.0|15.5|1.3|Leave|39509.41|496044.95
5912|1752|2018-09-14|135.3|12.8|3.3|Remote|12216.93|312389.41
5913|1311|17-08-2024|163.8|16.7|2.1|absent |0|869695.22
5914|1242|14-04-2021|176.6|16.2|4.9|present|0|654203.37
5915|1564|13-01-2023|182.3|11.7|3.0|Absent|33577.52|444171.04
5916|1748|September 15, 2021|189.0|2.7|1.8|present|0|518860.5
5917|1434|22-03-2022|123.4|20.6|2.7|PRESENT|0|600008.24
5918|1812|14-02-2018||7.6|1.6|Absent|13767.62|790992.95
5919|1844|15/10/18|132.7|19.9|3.1|Present|0|809610.37
5920|1691|14-11-2020|155.5|7.6|4.5|Remote|0|338925.09
5921|1530|28-09-2019|152.8|5.1|4.8|Present|13758.58|828605.45
5922|1176|21-Dec-2021|156.6|5.2|1.4|absent |25427.93|925490.26
5923|1100|27/07/18|182.5|5.8|1.3|Leave|0|742688.63
5924|1590|01-Feb-2023|142.9|1.3|2.6|absent |0|762777.27
5925|1780|August 13, 2024|145.5|6.1|4.8|Remote|0|242219.99
5926|1014|19-12-2020|184.6||4.4|Present|0|574540.6
5927|1239|04-Jun-2024|-5.0|11.0|2.7|Present|0|696794.36
5928|1844|01-Jun-2019||1.5|3.5|absent |0|840875.77
5929|1339|25/10/23|180.5|7.0|3.9|Present|0|377796.74
5930|1528|2021-07-26|198.7|10.6|2.9|Present|7788.07|726105.82
5931|1412|2023-05-05|156.8|3.3|4.2|PRESENT|0|550548.53
5932|1281|25-Aug-2023||11.8|4.2|absent |0|260875.5
5933|1720|04/13/2024|125.7|22.7|2.2|PRESENT|0|308686.52
5934|1541|06/03/23|196.1|6.4|3.4|Present|0|231886.15
5935|1256|02/17/2020|137.2|21.2|1.3|Present|0|627378.09
5936|1277|12/14/2015|165.1|22.5|2.3|absent |0|761983.08
5937|1362|2023-06-16|136.8|13.0|3.4|absent |0|354057.73
5938|1340|10-Oct-2021|178.0|5.1|4.3|Present|4699.57|942574.34
5939|1649|12-Feb-2021|168.5|7.1|4.8|Present|0|930879.6
5940|1029|05-01-2017|131.3|2.9|1.1|Present|0|667770.8
5941|1151|15/10/17|134.1|11.9|1.9|absent |0|168556.22
5942|1794|13-05-2018||23.9|2.9|PRESENT|27979.24|407191.3
5943|1303|10-Oct-2022|171.4|15.2||Present|10649.89|778879.75
5944|1647|26-10-2017|185.0|5.6|4.8|Present|49357.93|211040.21
5945|1849|2018-10-17|140.7|9.7|1.3|Present|0|335668.01
5946|1264|22-Jun-2024|139.1|9.6|4.4|present|10959.83|205383.07
5947|1636|02/09/2020|138.6|16.3|4.6|Present||561445.26
5948|1338|April 28, 2023|199.2|20.3|4.1|Leave|0|878386.08
5949|1623|February 25, 2020|131.9|14.3||Present|0|628179.62
5950|1399|June 08, 2024|135.8|0.3|3.4|Present|18137.59|156575.79
5951|1528|13-Sep-2022|156.0|19.4|2.9|Present|46968.86|451265.15
5952|1519|18/07/17|146.9||1.1|Present|0|717791.6
5953|1716|09/08/2021|120.5|17.9|2.4|Present|0|221505.15
5954|1731|July 17, 2021|196.4|23.5|1.7|present|0|561290.37
5955|1208|01-Sep-2024|174.5|8.7|3.3|Present|0|694605.78
5956|1271|09/15/2020|158.8|6.5|1.0|PRESENT|0|410174.96
5957|1251|23-09-2021|124.0|20.2|4.7|PRESENT|0|420598.99
5958|1471|08/07/2019|143.8|8.6|5.0|Leave|0|500046.88
5959|1599|15-Aug-2022|144.5|1.2||Present|0|613660.03
5960|1053|09/08/2019|147.5|21.3|3.4|absent |0|641954.91
5961|1202|August 28, 2018|-5.0|10.9|4.2|Leave|0|523893.8
5962|1396|09/20/2024|136.6|19.0|4.1|Absent|0|690052.6
5963|1678|December 13, 2020|147.5|14.6|1.0|Present|0|189923.81
5964|1563|08-May-2023|121.8|7.4|2.5|Present|0|258013.67
5965|1664|2024-10-21|159.3|18.8|4.6|Absent|13980.66|521880.53
5966|1419|07-05-2018|131.1|4.4|1.9|Present|0|226121.6
5967|1473|July 20, 2023|177.7|20.4|4.0|Present|0|323896.51
5968|1006|02/11/16|146.8|17.9|1.7|Present|0|223166.62
5969|1579|05/16/2017|133.8|11.3|4.6|Present|0|572240.97
5970|1051|05-07-2023|120.5|19.5|2.5|PRESENT|44798.87|560462.64
5971|1839|22/12/22|126.9|19.6|2.9|present|0|699308.72
5972|1623|10/23/2022|147.5|22.7|4.7|Present|26440.81|746953.29
5973|1523|10/28/2024|173.6|24.7|4.2|Present|0|856625.37
5974|1490|April 19, 2016|184.4|24.7|3.9|Present|0|414474.69
5975|1423|10/05/2024|160.6|17.3|1.4|Present|7686.6|541058.57
5976|1344|2018-08-26|137.7|2.1|2.0|Present|13465.9|602762.63
5977|1269|02-Apr-2019|134.9|11.6|4.3|Present|12295.38|635485.78
5978|1749|28-May-2024|176.4|20.1|4.3|Present|0|526215.59
5979|1058|2023-06-06|130.6|0.1|3.9|Present|0|650673.62
5980|1306|06-Aug-2024|163.3|17.1|2.1|absent |0|899833.62
5981|1301|02/11/2019|129.4|3.3|1.8|Present|0|224786.3
5982|1472|19-06-2023|143.1|11.8|4.8|PRESENT||894746.28
5983|1146|13-09-2021|195.6|1.5|3.3|Present|41180.73|723642.22
5984|1737|2020-02-17|192.3|22.1|4.0|PRESENT|0|939490.65
5985|1272|January 07, 2022|136.1|3.8|1.2|Absent|28094.2|303996.03
5986|1512|2019-03-07|-5.0|3.7|4.6|Remote|0|766274.94
5987|1316|05/20/2022|144.6|9.0|1.6|Present|32350.8|301706.35
5988|1561|March 14, 2021|178.0|3.3|3.0|absent |0|421024.25
5989|1106|February 12, 2018|136.8|2.2|3.2|Present|30142.21|692347.81
5990|1850|01/13/2024|176.6|12.8|1.0|Present|0|939428.75
5991|1699|11-Sep-2019|166.5|14.2|1.2|PRESENT|0|188929.64
5992|1512|13-08-2020|171.6|5.0|1.0|PRESENT|0|529834.08
5993|1777|December 23, 2020|132.7|14.1|1.1|PRESENT|0|390129.29
5994|1845|2024-11-16|121.7|0.4|4.6|present|0|822358.13
5995|1034|04/17/2024|186.2|9.9|2.0|present|43783.58|384655.3
5996|1317|February 12, 2022|156.6|19.0|4.1|Present|0|446148.04
5997|1125|09/11/19|133.2|14.0|3.4|Present|0|525552.61
5998|1281|20-Jun-2024|133.3|5.2|4.7|Present|0|652255.41
5999|1790|05/22/2024|195.8|22.0|4.9|Absent|30636.66|948726.97
6000|1771|June 05, 2023|158.6|16.0|4.5|Present|0|197862.49
6001|1268|December 28, 2023|140.0|6.3|1.5|Present|0|560426.36
6002|1688|2020-02-15|185.5|24.7|3.1|Present|0|560730.93
6003|1566|10/07/2018|176.3|1.2|4.2|Present|47778.81|646458.14
6004|1520|16/04/17|122.8|20.9|3.0|Present|46982.07|718445.78
6005|1592|04/12/21|129.1|6.1|2.7|present|0|647974.25
6006|1471|2018-02-16|195.6|7.3|2.1|present|0|221477.99
6007|1325|2024-09-11|136.1|10.2|1.5|Absent|41208.19|256168.92
6008|1731|June 26, 2022|166.5|1.4|4.8|Absent|7284.54|531411.1
6009|1136|07-05-2020|124.6|19.1|4.4|Leave|0|500735.54
6010|1112|October 04, 2021|144.5|17.3|2.0|Remote|0|611086.11
6011|1230|12/20/2022|188.8|14.6|2.0|Leave|0|489827.46
6012|1546|March 19, 2024|155.7|13.9|1.8|absent |21352.68|180270.14
6013|1621|10-12-2024|153.2|15.0|2.8|Present|0|209851.6
6014|1513|10/13/2021|123.0|11.9|4.0|Absent|0|512438.24
6015|1485|12/05/22|164.1|5.1||Present|0|581130.52
6016|1649|20/04/23|121.2|4.4|4.8|PRESENT|43214.76|581977.37
6017|1569|14-Apr-2018|128.8|9.9|3.8|PRESENT|19012.28|439121.1
6018|1566|05/18/2019|126.6|17.7|3.4|Present|0|440982.75
6019|1836|27-Oct-2023|181.4|11.8|3.2|Remote|39102.49|829468.94
6020|1396|2019-02-03||10.6|3.7|PRESENT|0|186014.03
6021|1566|2024-11-08|154.9|24.3|1.7|PRESENT|0|560672.16
6022|1076|February 28, 2019|192.4|21.6|4.8|present|0|153752.11
6023|1762|August 12, 2024|193.0|17.6|4.3|PRESENT|31626.23|279338.22
6024|1673|22-May-2022|158.8|11.5|3.5|Absent|0|589920.21
6025|1691|11/11/17|148.8|18.9|2.3|absent |0|881534.72
6026|1369|16-Apr-2024|180.1|17.7|3.7|Absent|0|164628.1
6027|1261|September 12, 2024|158.9|2.0|4.7|PRESENT|33005.82|546963.74
6028|1028|July 06, 2024|163.2|16.1|1.9|PRESENT|45802.06|621917.19
6029|1466|11/10/23|182.7|12.5|1.8|Absent|0|309127.56
6030|1173|August 27, 2024|146.5|10.3|4.1|absent |0|777326.82
6031|1815|02/17/2021|174.7|24.5|4.7|Remote|0|887450.93
6032|1219|21/07/24|148.0|24.9|1.4|Present|2482.78|460447.87
6033|1563|20-07-2020||7.2||Present|0|591277.67
6034|1659|11-03-2023|170.0|11.4|1.4|Present|0|393977.51
6035|1613|11-Jan-2024|149.2|13.5|5.0|present|0|480938.57
6036|1667|2022-07-12||20.2||Absent|9625.08|580297.87
6037|1375|11-11-2018|-5.0|5.0||Leave|0|807905.45
6038|1623|2018-08-14||8.6|2.5|Remote|27380.14|427228.29
6039|1610|27-10-2023|162.9|22.8|2.8|PRESENT|39230.33|881725.86
6040|1294|01-04-2017|159.9|8.1|4.0|absent |0|480173.1
6041|1249|2019-03-01|169.4|23.3||Present|0|241639.46
6042|1734|17-12-2021|147.2|4.0|4.4|present|0|613518.32
6043|1547|2022-04-17|128.1|19.1|1.3|Leave|38253.36|327442.9
6044|1414|June 01, 2024|181.8|13.8|2.2|present|0|265698.76
6045|1476|26/10/23|124.4||3.5|Present|0|
6046|1635|2022-01-18|175.7|12.1|2.6|Present|0|900502.68
6047|1542|2017-04-12|133.1|4.5|3.1|absent |0|322633.51
6048|1250|10/10/2024|169.6|4.5|2.2|Present|0|308248.22
6049|1250|10-May-2020|175.7|18.8|2.1|PRESENT|0|761194.37
6050|1028|04/11/2024|199.7|14.6||Present|48737.4|502567.75
6051|1227|28-01-2024|130.7|18.0|2.8|PRESENT|0|756851.34
6052|1518|April 27, 2021|161.1|22.0|4.8|absent |0|779905.15
6053|1390|09-Oct-2021|168.8|20.4|4.3|absent |0|783828.89
6054|1059|06/07/23|159.3|16.3|3.9|absent |0|617504.37
6055|1038|11/08/23|130.7|21.9|1.8|Leave|0|304872.38
6056|1626|October 22, 2018|135.4|1.0|1.1|absent |19450.83|757871.73
6057|1235|2020-09-03|163.6|22.3||Present|625.22|297451.43
6058|1467|2021-05-09|179.1||1.0|Leave|0|673929.82
6059|1338|February 07, 2022|166.7|12.6|2.4|Present|0|598357.23
6060|1393|19/04/22|161.3|19.1|3.3|Absent|34185.82|362524.88
6061|1078|18/01/19|194.8|11.5|1.7|present|0|732773.06
6062|1542|03/07/24|164.7|5.4|3.2|Remote|0|633986.63
6063|1136|01-10-2019|149.6||2.3|Remote|6354.65|580961.97
6064|1675|01/27/2023|129.1|11.3|2.6|Absent|3705.14|760613.09
6065|1476|08-11-2020|196.8|24.2|4.3|PRESENT|34224.78|535144.85
6066|1328|28-Feb-2024|126.0|15.1|2.4|Leave|0|741001.07
6067|1563|2023-04-08|175.5|11.0|3.0|Present|0|424457.85
6068|1724|March 22, 2022|125.0||2.6|Remote|0|
6069|1389|14-Dec-2020||7.2|3.6|absent |0|757694.12
6070|1528|15-Jul-2024|121.9|15.1|3.4|Present|38795.76|292988.94
6071|1168|2018-09-25|139.4|24.6||Absent||817100.21
6072|1338|24-05-2023|196.7|19.5|4.1|Present|0|590636.59
6073|1585|November 07, 2021|190.6|20.5|1.7|Remote|40063.68|304975.94
6074|1623|08/20/2023|169.7|11.1|2.6|present|0|433762.45
6075|1049|2018-04-05|151.7|4.0|1.8|Leave|0|291129.66
6076|1222|2018-05-05|175.8|17.3|3.8|Remote|0|290428.77
6077|1763|19-Aug-2024|198.7|1.0|2.2|Present|18134.7|795979.02
6078|1154|10/02/23|130.0||4.1|Present|0|909704.12
6079|1252|01/12/20|182.4|3.4|4.1|Absent|0|610247.98
6080|1610|06/08/2019|144.3|20.5|3.2|PRESENT|0|942753.52
6081|1352|09/22/2023|142.2|15.4|3.8|Present|11108.98|159725.32
6082|1507|April 19, 2018|177.2|6.3|2.4|Present|27365.49|835252.66
6083|1467|21-06-2022|160.9|22.1|1.4|absent |0|610950.75
6084|1098|12/10/2019|128.8|15.4|3.8|Leave|31189.34|360388.03
6085|1033|November 10, 2023|196.3|15.4|2.8|Present|0|895985.88
6086|1604|24/09/23|132.5|17.0|2.6|Present|0|
6087|1195|May 10, 2018|131.0|2.3|2.5|PRESENT|0|695818.51
6088|1060|2022-01-01|193.6|9.1|4.3|Present|0|803512.95
6089|1710|12-04-2019|169.0||1.3|PRESENT|0|315900.03
6090|1545|July 16, 2021|170.3|8.9|3.6|Present|19288.76|718443.32
6091|1194|2021-07-06|129.0|14.4|1.6|Remote||942801.34
6092|1780|24-04-2024|172.6|16.6|3.7|Absent|0|236332.55
6093|1743|2021-10-14|-5.0|11.6|3.1|absent |0|224358.51
6094|1365|13/11/21|155.1|14.2|4.4|Leave|0|429098.78
6095|1375|09/03/2022|156.7|18.3|2.2|PRESENT|0|529197.85
6096|1689|March 17, 2019|184.3|25.0|1.0|Leave|0|882440.34
6097|1325|03/10/22|129.5|10.3|1.1|Leave|10717.34|558086.72
6098|1049|22/10/21|130.5|9.0|4.1|Present|40300.42|536399.84
6099|1660|09/01/21|130.0|23.7|2.1|present|0|802020.99
6100|1562|11-01-2020|126.3|8.7|2.9|Absent|48654.43|161624.48
6101|1785|2017-12-04|128.2|4.2|1.1|Present|0|695942.84
6102|1224|06/22/2015|129.1|2.4|4.9|Present|0|348889.84
6103|1369|September 14, 2024|161.7|14.9|4.9|Present|0|427924.18
6104|1391|26-05-2024|152.5|1.0|3.4|PRESENT|0|785758.96
6105|1838|03/24/2024|191.4|18.4|2.8|PRESENT|41415.43|653617.63
6106|1006|24-09-2017|174.1|6.8||Present|0|686163.39
6107|1172|21-Feb-2021|159.6|1.4|3.6|Absent|0|684178.2
6108|1719|24-06-2024|173.1||2.3|Leave|0|537185.15
6109|1746|July 27, 2019|142.2|9.3|4.1|present|0|587837.95
6110|1785|July 07, 2017|148.8|4.7|2.7|Present|0|705799.72
6111|1571|04/21/2024|159.3|1.7|4.6|Present|0|577791.13
6112|1789|December 16, 2022|191.7|0.3|4.3|Present|0|255752.18
6113|1202|15-05-2023|141.3|20.0|3.9|present|0|741715.66
6114|1579|16/10/20|121.1|6.3|3.7|absent |0|313451.02
6115|1567|11/08/2018|-5.0|7.2|4.3|PRESENT|0|235121.44
6116|1542|27-Feb-2023|181.1|10.5|4.8|Present|0|915589.11
6117|1848|01/21/2022|140.7|18.4|3.0|absent |0|215585.05
6118|1730|September 25, 2019|149.9|7.0|3.4|Present|0|923088.92
6119|1492|12/28/2022|125.8|4.7|4.5|Present|20935.24|595889.08
6120|1608|14/01/18|178.8|20.0|4.1|present|0|444551.02
6121|1334|2024-12-05|148.8|15.7|4.9|PRESENT||316578.69
6122|1106|02/15/2022||21.2|3.9|Present|7440.48|429191.55
6123|1478|24/08/20|175.7|18.8|2.1|Remote|0|632577.65
6124|1141|11/07/2024|197.3|14.9|3.9|absent |0|615481.32
6125|1513|23/12/19|147.7|6.9|2.3|Absent|0|347032.74
6126|1033|October 03, 2021|130.6|19.7|4.5|Present||552657.48
6127|1042|November 11, 2024|146.1|20.7|2.7|Absent|0|655602.15
6128|1467|27-Dec-2017|136.4|14.1|2.1|Remote|0|767116.55
6129|1048|11-Sep-2022|161.9|22.0|3.7|Present|35346.21|428633.77
6130|1086|18/02/23|121.4|13.3|3.3|present|0|626235.72
6131|1562|July 14, 2019|132.6|21.6|3.2|PRESENT|4863.15|596418.63
6132|1037|06/17/2022|-5.0|21.2|3.2|Present|8997.77|675359.01
6133|1397|2018-10-21|139.2|10.3|4.6|Absent|0|762887.9
6134|1069|19-02-2019|160.8|8.4|2.3|absent |0|866889.1
6135|1119|23-Jul-2022|190.3|9.3|4.0|Absent|0|878084.74
6136|1150|November 06, 2023|169.0|16.9|2.2|Present|0|278682.91
6137|1540|2021-12-06||13.1|3.7|present|0|760386.01
6138|1441|08-11-2024|132.6|7.4|2.1|Remote|0|862275.07
6139|1655|23-04-2022|190.9|11.4|2.2|PRESENT|0|567380.99
6140|1351|2022-11-28|151.5|16.9|2.6|Leave|0|207360.33
6141|1683|2021-04-04|190.8||3.2|Leave||416239.1
6142|1846|January 04, 2023|188.9|22.6|4.7|Present|0|
6143|1087|20-Apr-2024|146.1|19.7|2.4|Present|0|929193.7
6144|1648|November 28, 2020|193.7|22.2|1.9|Leave|0|325383.63
6145|1483|05-06-2023|136.0|15.4|3.3|PRESENT|0|559586.82
6146|1847|08/22/2024|158.8|7.0|3.1|Present|0|430928.0
6147|1353|2016-05-01|149.2|20.1|3.1|Present|0|566331.64
6148|1339|February 04, 2024|130.5|19.4|2.0|Present|14413.98|484097.24
6149|1771|03/04/23|151.1|16.4|2.8|Present|0|593828.88
6150|1195|08-Jul-2022|196.7|3.9|2.6|Present|0|933021.46
6151|1288|22/09/21|180.0|8.1|1.7|Present|0|692323.62
6152|1738|15-Feb-2024|-5.0|14.0|4.2|absent |0|310476.9
6153|1182|2023-12-27|141.1|8.6|3.4|Present|40824.89|868667.76
6154|1176|08/18/2024|159.1|5.8|1.4|PRESENT|27700.57|403639.4
6155|1818|22/07/24|147.6|21.1||Present||843018.25
6156|1001|18-Sep-2016|185.3|16.0|3.2|absent |10297.94|492073.84
6157|1409|26-Dec-2015|125.4|2.6|2.0|Leave|0|752384.63
6158|1283|26-04-2023|192.5|23.6|2.5|Present|4355.94|812865.71
6159|1548|07-07-2022|172.6|0.6|2.5|Present|0|633806.58
6160|1662|28/03/22||5.0|1.6|Present|0|707358.63
6161|1317|28-Feb-2023|143.2|21.0|4.6|present|0|273962.08
6162|1225|19-10-2023|138.4|19.0|4.3|Present|0|196349.28
6163|1383|27/05/21|125.0|11.8|5.0|Present|0|903684.84
6164|1319|28-Apr-2024|139.1|10.5|3.8|Absent|0|671160.39
6165|1789|09-05-2024|-5.0|14.4|4.7|present|0|803613.2
6166|1468|June 25, 2018|135.9|11.8|1.6|absent |0|662807.9
6167|1816|22-05-2023|175.1|3.6|3.8|Present|0|477377.16
6168|1371|June 07, 2021|173.3|4.9|3.6|Remote|0|803976.45
6169|1708|21-10-2023|188.3|6.4|4.6|Absent|1392.6|235476.7
6170|1589|16-01-2023|136.6|9.3||Leave|18587.13|587033.97
6171|1112|December 13, 2018|192.1|14.6|4.8|Present|0|501125.28
6172|1443|05/04/21|188.0|13.4|4.1|Present|0|893377.71
6173|1635|11/07/19|167.8|6.7|1.6|present|0|502019.02
6174|1014|July 26, 2020|199.2|24.7|1.6|Remote|37483.76|167009.53
6175|1244|2017-04-18|153.3|20.0|2.9|Leave|0|749502.47
6176|1236|08-09-2024||24.0|2.2|Present|0|596827.3
6177|1507|16/04/17|155.8|3.8|2.8|Present|49905.86|566412.53
6178|1799|2023-09-10|176.5|20.0|4.0|PRESENT|29625.61|559065.95
6179|1051|24-11-2022|148.6|14.3|1.1|Remote|28481.01|392249.27
6180|1474|2021-06-19|161.2|5.4|1.3|Present|8416.22|805807.4
6181|1729|2022-03-07|147.5|20.5|3.0|Absent|0|592095.87
6182|1327|2021-01-17|152.8|18.0|1.8|Present|0|805142.92
6183|1305|March 27, 2024|136.3|16.4|2.9|present|0|497693.58
6184|1774|19/05/18|133.4|23.2|4.1|PRESENT|0|861427.69
6185|1473|04/15/2020|126.2|7.3|1.7|Present|0|431263.95
6186|1243|2022-10-17|120.0||2.1|present|0|204123.15
6187|1376|October 11, 2023|188.8|15.0|4.0|Leave|0|858500.18
6188|1824|May 22, 2020|129.2|15.1|4.0|Remote|0|208876.4
6189|1769|09/27/2022|186.3|11.5|2.1|Remote|12110.66|796850.58
6190|1504|04/01/22|120.6|18.0|4.5|Present|0|637590.86
6191|1362|15-Feb-2022|123.8|15.9|4.2|Leave|0|276081.95
6192|1269|February 18, 2019|151.7|17.9|3.8|PRESENT|0|244347.28
6193|1239|08/15/2016|151.3|0.7|1.3|present|18374.57|270228.48
6194|1366|11-Dec-2024|121.6|1.3|1.2|Absent|0|754876.73
6195|1025|March 07, 2017|135.6|14.8|3.0|Present|0|689323.71
6196|1014|22-10-2020|180.5|7.0|4.4|absent |0|596317.98
6197|1001|01/22/2018|166.7|22.9|3.1|Present|22006.25|153145.99
6198|1784|May 27, 2019|182.2|9.1|2.4|Present|0|203357.67
6199|1355|15-07-2020|198.6|14.1|1.1|Remote|0|626457.53
6200|1374|16-04-2023|145.0|21.7|3.9|Present|0|313974.77
6201|1636|15-Apr-2021|124.9|19.0|2.6|present|37764.69|389209.94
6202|1512|08/26/2019|179.4|13.7||Leave|0|801356.06
6203|1444|12-Aug-2024|148.1|14.5|1.2|Remote||659600.78
6204|1007|12/02/2015|154.0|11.1|4.2|Remote|0|
6205|1338|03/16/2021|129.4|16.5|4.3|Remote|0|622481.5
6206|1599|2023-11-23|150.0||1.6|Present|0|343080.22
6207|1647|25/12/24|133.5|11.0|1.0|Remote|0|401606.76
6208|1127|27/11/19|197.5||2.5|Present|0|669943.84
6209|1687|19-Apr-2019|181.6|12.9||PRESENT|0|236691.62
6210|1315|2022-09-06|191.2|19.4|1.3|Present|0|761872.65
6211|1195|11/14/2023|177.0|17.0|1.2|Present|0|786708.66
6212|1773|February 04, 2023|169.2|9.8|4.7|Present|0|575851.58
6213|1246|05/03/19|144.5|11.7|3.6|Remote|0|903266.51
6214|1512|August 07, 2018|149.1|0.8|4.8|Absent|38987.44|628363.08
6215|1122|April 15, 2020|189.0|24.3|4.0|Present|36246.63|573003.11
6216|1185|23-Mar-2024|135.1|0.6|1.1|Remote|0|207748.15
6217|1648|16/10/21|189.6|19.7|2.1|Absent|0|195744.38
6218|1500|17/11/19|161.7|10.2||Present|40902.43|455863.14
6219|1331|22-Sep-2019|132.9|6.9|4.6|present|0|725776.53
6220|1429|18-10-2017|142.9|15.7||absent |0|626385.85
6221|1043|April 22, 2021|187.3|19.5|4.4|Present|0|644338.19
6222|1140|01/01/2024|149.0|19.4||Leave|0|717581.54
6223|1199|January 17, 2024|138.5|6.8|2.7|Remote|0|
6224|1221|2024-05-12||8.7|3.1|present|0|433032.63
6225|1225|20-Apr-2021|181.3|23.2|1.0|Remote|29503.22|187152.12
6226|1054|January 28, 2024|142.9|7.6|4.9|Remote|42785.99|783589.53
6227|1476|13-07-2020|154.4|12.3|1.3|absent |42816.28|650461.19
6228|1158|2021-10-16|176.1|15.4|3.6|Absent|0|670454.98
6229|1119|03/12/24|120.4|20.5|4.6|Present|26088.52|660926.67
6230|1732|05-05-2024|187.6|17.4|3.2|PRESENT|0|472167.3
6231|1608|2021-01-26|138.1|19.0|4.1|Leave|0|557893.77
6232|1005|15-12-2024|168.1|7.3|3.4|Absent|0|666064.1
6233|1662|28-Jun-2020|125.0|8.1|3.8|present|0|220656.29
6234|1234|12-07-2021|199.9|8.2|3.4|absent |42570.53|421463.0
6235|1527|07/09/2016|179.6|10.9|2.5|Leave|8596.27|564974.79
6236|1686|11/02/19|158.3|2.8|4.8|Present|0|150908.79
6237|1570|11/03/2021|-5.0|10.9|1.1|Leave|0|610184.19
6238|1535|28/05/17|164.5|8.1|4.6|Present|48022.43|642991.83
6239|1114|07/07/18|165.8|22.3|3.9|Present||869101.39
6240|1162|03/17/2024|188.5|1.3|2.8|Absent|0|807053.11
6241|1767|01-Jun-2024|132.0|23.5|4.1|absent |0|207360.52
6242|1384|04-Aug-2021|131.9|10.0|1.4|Absent|0|657520.18
6243|1220|03/26/2016|136.3||3.9|Absent|0|649405.32
6244|1053|05-Mar-2019|192.5|17.2|3.2|PRESENT|19244.81|284997.78
6245|1656|March 08, 2018|184.3|17.1|4.1|absent |0|578884.05
6246|1339|2021-03-16|152.9|11.0||absent |0|349115.83
6247|1409|2022-08-05|172.3|15.9|2.2|Present|0|495919.15
6248|1197|09/20/2024|154.3|16.7|1.9|Present|0|
6249|1221|April 12, 2017|197.7|18.8|2.8|Present|18219.46|186225.14
6250|1155|2019-12-28|125.2|17.7|3.3|present|10395.87|730102.28
6251|1509|08/24/2023|186.7|22.8|1.0|Present|9259.94|296942.6
6252|1014|2023-09-27|196.0|23.4|2.0|Present|0|931862.83
6253|1242|June 13, 2020|175.0|10.3|2.4|Present|0|756542.17
6254|1649|02-Oct-2021|196.3|4.3||Leave|0|648742.81
6255|1387|05/14/2016|199.6|13.3|3.2|Present|0|360267.11
6256|1500|04-04-2021|148.4|5.7|4.0|absent |0|523777.94
6257|1268|2024-12-04|188.3|10.5|3.7|absent |0|562374.66
6258|1754|09-11-2022|167.1|1.9|1.1|present|0|369400.14
6259|1836|25/11/22|131.6|12.9|2.0|Absent|0|447254.37
6260|1787|2021-09-07|131.2|||Present|0|813564.65
6261|1013|20-Jun-2016|162.3|6.1|2.2|Leave|25325.37|290657.05
6262|1631|24-01-2024|141.3|0.6|3.1|Present|19048.86|797966.47
6263|1115|08/23/2018|179.1|11.4|3.0|Present|28598.63|595673.08
6264|1825|09-07-2024|182.6||2.3|Remote|0|280986.8
6265|1656|14-Dec-2023|144.5|23.5|2.8|PRESENT|0|255671.65
6266|1258|June 09, 2024|196.0|15.6|3.8|Leave|0|484007.96
6267|1720|May 06, 2022|146.4|12.5|3.9|present|0|651269.68
6268|1490|18/12/20|142.2|23.0|4.6|PRESENT|5145.2|558305.26
6269|1237|20/07/20|131.2|4.4|4.8|Present|0|759193.97
6270|1835|March 24, 2023|148.3|1.1|1.6|present||922992.81
6271|1613|05/07/2021||22.3|4.5|Present|0|612199.15
6272|1107|14-06-2022|181.5|20.5|3.3|Present|0|913204.1
6273|1421|2016-10-25||21.8|4.5|PRESENT|0|837123.55
6274|1523|01-03-2024|189.4|6.8|1.8|absent |0|433918.02
6275|1531|07/08/2023|146.1|12.1|1.4|Leave|0|526897.82
6276|1664|03/11/2023|163.6|14.7|1.2|Present|38731.0|779823.51
6277|1244|20-04-2018|165.0|7.1|1.5|Present|0|844192.75
6278|1456|06/10/24|124.1|9.4|4.4|Present|0|294433.6
6279|1561|2019-03-28|173.3|18.9|4.7|Present|2422.11|
6280|1138|11/08/2023|185.8|16.0|4.2|absent |0|943519.95
6281|1304|07-Dec-2020||22.9|4.7|Present|39451.09|161691.76
6282|1379|08/04/22|136.6||2.1|Present|0|524203.47
6283|1430|March 16, 2024|120.7|9.8|4.7|PRESENT|0|442161.07
6284|1556|18/11/21|121.7|6.9|3.5|Present|30830.22|191599.89
6285|1108|09/10/22||22.1|1.7|Present|10393.08|169138.39
6286|1376|04/15/2024|162.9|7.8|3.1|Present|16718.07|340047.49
6287|1526|09/21/2018||9.4|3.6|Present||635978.11
6288|1832|01/02/23|163.0|24.5|1.3|PRESENT|0|427814.75
6289|1743|24/05/20|123.3|15.9||Present|22617.98|824649.22
6290|1305|22/04/23|194.9|11.1|4.5|Present|0|564725.04
6291|1505|19-Apr-2024|128.0|14.3|4.4|PRESENT|0|571960.41
6292|1290|12/10/22|180.8|19.5|3.2|Present|39979.11|361894.36
6293|1620|01/11/24|138.1|25.0|3.3|absent |45599.69|253236.9
6294|1144|05/05/2020|120.2|23.2|1.1|present|13089.16|480972.08
6295|1074|02-03-2018|171.9|13.2|4.3|Present|0|926900.26
6296|1416|2018-12-27|184.2|21.5|4.0|Remote|0|
6297|1567|11/03/2023|168.7|16.6|1.8|Present|0|
6298|1246|12/24/2018|149.2|20.3|2.0|absent |2281.82|529847.66
6299|1266|October 07, 2018|163.8|7.4|1.7|Leave|36310.8|823099.61
6300|1467|15/03/16||24.6|4.8|Remote|36612.5|299279.69
6301|1108|2019-05-17|131.0|19.0|3.4|Present|0|740633.89
6302|1147|2021-07-04||6.7|3.2|PRESENT|28329.04|676755.67
6303|1030|14/11/20|132.4|22.1|4.3|absent |0|713421.86
6304|1292|28-08-2019|193.7|8.2||Present|0|606437.15
6305|1399|18/05/23|127.2|1.8|4.4|absent |0|847708.35
6306|1618|2021-06-12|171.5|13.6|2.3|PRESENT|35848.45|840828.37
6307|1229|22-03-2024|197.7|24.1||Absent|0|390038.12
6308|1716|21/04/24|163.3|13.4|2.9|absent |0|612585.24
6309|1131|08-10-2023|145.1|23.0|4.1|Leave|0|771037.53
6310|1188|09-Jul-2020|194.9|24.6|4.6|Absent|6245.19|499636.02
6311|1808|March 06, 2023|122.9|23.3|3.5|Leave|0|413933.89
6312|1639|10-05-2018|188.6|20.4|3.0|Present|0|267369.69
6313|1257|2022-01-26|178.1|7.5|2.8|PRESENT|0|844464.74
6314|1702|25/01/24|147.1|1.4|4.8|Remote|0|
6315|1632|09/05/2023|172.1|21.9|3.6|Present|0|541463.42
6316|1350|09-08-2019|186.4|13.4|1.8|Absent|0|933851.59
6317|1359|November 18, 2024|147.9||1.9|Leave|0|535945.6
6318|1302|02/01/2024||23.5|3.1|present|0|535128.25
6319|1188|August 21, 2023|198.3|6.4|2.4|Present|49451.73|773337.54
6320|1408|08-Dec-2017|197.0|11.3|1.4|Present|0|885169.48
6321|1236|2024-03-13|-5.0|5.7|4.4|present|22015.47|545662.23
6322|1743|04-06-2021|194.7|24.2|2.4|Present|0|273237.11
6323|1195|21-Oct-2019|173.2|18.1|1.3|Leave|0|525075.44
6324|1144|2022-05-25|193.1||3.4|present||555023.12
6325|1206|12/22/2020|136.7|24.8|3.3|Present|3128.98|273429.26
6326|1798|14-03-2024|154.2|19.0|4.5|PRESENT|0|187746.14
6327|1492|2020-10-22|175.8|18.2|2.4|Leave|0|781938.1
6328|1435|2022-06-19|134.3|10.3||Present|0|694219.72
6329|1004|January 21, 2017|127.8|15.2|3.7|Present|0|755567.75
6330|1048|26/12/17|189.7|11.2|4.0|PRESENT|0|828943.12
6331|1577|03/18/2021|176.3|12.2||absent |0|641013.6
6332|1727|2022-12-04|-5.0|2.3||Present|24896.42|247619.59
6333|1243|01/14/2021|134.8|0.6||PRESENT|0|926232.84
6334|1245|06-03-2017|172.9|9.4|2.7|Leave|0|724662.95
6335|1127|July 20, 2020|192.2|2.0|1.4|Present|0|
6336|1441|09/24/2021|168.0|4.0|2.7|Absent|146.71|910670.49
6337|1234|05/22/2023|136.4|13.7|2.9|Leave|9285.42|894083.69
6338|1106|06-09-2017|130.6|20.1|4.0|Present|0|240359.15
6339|1363|04/25/2018|186.3|2.1|4.9|absent |0|714920.82
6340|1231|11/12/2019|155.4|8.9|3.9|Present|38551.67|347942.64
6341|1159|20-08-2020|198.2|0.5|1.1|Present|0|794110.95
6342|1366|07/16/2022|128.6|13.8|3.3|Leave|0|
6343|1777|06/12/24|176.5|16.2|3.7|Present|19240.78|553787.38
6344|1096|20/04/18|156.1|18.3|2.2|Present|0|442271.42
6345|1153|03-12-2017|121.3|17.9|5.0|absent |0|220400.99
6346|1123|19-10-2021|151.7|0.3||Present|18849.51|555026.65
6347|1040|10/11/2021|160.6|18.7|2.1|Present|0|351828.18
6348|1234|01/07/17|125.1|21.1|3.5|Absent|2160.93|553316.61
6349|1206|03-02-2022|129.2|18.5|3.4|absent |0|705068.64
6350|1055|21-07-2020|122.3|11.6|4.7|Present|0|943733.64
6351|1118|16-Dec-2020|168.3|14.4|4.4|absent |0|840101.0
6352|1005|08/21/2018|136.9||1.2|Present|0|878940.2
6353|1117|09/11/2023|157.1|14.0|1.7|Present|0|206802.96
6354|1791|26-Feb-2016|173.4|2.9|1.3|Present|0|540815.11
6355|1647|06-02-2024|141.4|6.0|2.9|Present|0|698374.65
6356|1200|05-10-2024|144.2|15.4|4.0|Remote|0|355652.75
6357|1517|11/28/2022|136.3|17.0|4.0|Present||744896.85
6358|1742|14/08/24|173.5|4.0|2.0|absent |48838.53|589909.03
6359|1610|2021-01-11|141.4|11.8|3.4|Present|0|403722.13
6360|1502|08-09-2021|166.0|22.2|3.0|absent |0|403861.31
6361|1100|2016-02-26|173.8|8.0|2.9|Absent|0|758736.51
6362|1730|09/09/24||2.8|1.5|Present|0|221883.11
6363|1812|02/11/24|145.1|23.8|3.8|Present|0|218479.54
6364|1423|20/02/22|131.8|21.3|1.6|Present|0|663499.98
6365|1110|05-03-2024|124.3|23.8|1.7|absent |0|880968.49
6366|1325|02/21/2023|-5.0|10.5|3.4|Leave|0|217163.11
6367|1571|21/01/20|172.2|7.9|1.2|Leave|0|697009.05
6368|1286|2021-07-16|198.1|2.1||Leave||743699.93
6369|1074|11/09/2024|184.0|23.7|3.3|present|0|337911.94
6370|1569|2018-05-24|151.0|22.6|1.2|PRESENT|16031.4|215960.0
6371|1714|11/25/2021|128.6|9.3|1.2|absent |0|631276.58
6372|1358|April 11, 2024|177.1|6.7|1.3|Remote|0|649031.04
6373|1727|06/23/2023|146.0|7.3|2.5|Absent|5098.47|432026.33
6374|1168|10-03-2018|192.2||2.5|Remote|0|462526.3
6375|1528|2019-04-27|165.8|0.3|1.8|Remote|48314.05|187625.0
6376|1187|13/12/22|134.6|2.1|5.0|Present|0|312013.54
6377|1637|11-08-2020|173.8|6.9|4.7|PRESENT|525.92|
6378|1729|14/05/23|158.8||4.2|PRESENT|0|560046.61
6379|1569|2018-09-07||3.4|4.5|Absent|0|426214.92
6380|1166|20-Sep-2018|157.3||1.2|present|0|172111.25
6381|1516|02-04-2024|169.9|20.9|3.8|Remote||301387.64
6382|1527|04/28/2024|188.3|7.8|3.8|PRESENT|0|721061.0
6383|1518|16/09/22|186.3|0.0|4.4|Present|0|203895.65
6384|1679|2019-06-24|161.0|19.3|3.4|absent ||823550.45
6385|1647|2016-10-05|128.7|7.7|4.2|Absent|0|586437.54
6386|1440|11/04/23|165.0|15.2|1.5|Remote|0|262009.04
6387|1827|05/05/2020|173.6|17.1|4.6|Present|0|495079.58
6388|1489|2023-12-15|136.9|12.9|1.9|Leave|0|429511.16
6389|1298|April 15, 2022|147.1|20.7|3.0|Present|34795.05|611693.89
6390|1044|2023-07-25|176.6|21.6|2.4|Leave|0|642054.08
6391|1776|12/06/24|161.1|22.4|2.3|present|0|454561.4
6392|1741|09-May-2022|144.7|1.5|1.8|PRESENT|0|
6393|1739|23/06/20|142.0|9.3|1.0|Present|0|904026.1
6394|1531|2022-12-01|196.2|2.8|3.2|Remote|0|561880.5
6395|1730|December 03, 2020||2.7|4.2|present|22178.69|657812.29
6396|1390|09/08/24|149.9|11.7|4.1|Present|43152.63|782563.79
6397|1058|19-Feb-2017|179.8|6.2|3.9|present|14014.86|262833.07
6398|1425|2019-01-24|169.6|0.8|2.9|PRESENT|0|724516.54
6399|1105|05/17/2022|126.7|15.5|2.9|Leave|0|576933.58
6400|1683|28-Jan-2023||21.6|1.0|Leave|0|171921.71
6401|1495|2018-07-01|188.2|10.4|3.6|Absent|15411.33|451365.91
6402|1528|June 09, 2020|-5.0|8.2|1.6|Present|0|710163.31
6403|1423|July 04, 2020|194.8|5.9|2.5|Absent|26519.37|175556.08
6404|1623|04/05/16|134.3|0.4|3.1|Present|0|181067.42
6405|1779|December 25, 2022|121.1|17.1|2.3|Remote||854980.28
6406|1142|August 28, 2022|173.0|13.9|3.1|Present|31636.39|529187.32
6407|1061|16/10/19|188.4|8.7|4.9|present|0|887241.74
6408|1811|08-07-2024|128.1|16.3|2.5|PRESENT|0|209023.57
6409|1791|12-04-2023|198.8|0.2|1.8|present|0|623909.59
6410|1435|07/26/2022|162.0|0.6|1.5|absent |0|331945.56
6411|1786|04-Jan-2017|123.8|4.6|2.2|Remote|41579.38|578349.48
6412|1433|2021-11-08||17.0|3.0|present|0|561432.11
6413|1159|May 12, 2024|186.3|5.2|4.4|Absent|41909.08|627886.42
6414|1826|11/11/24|191.0|13.0|1.6|Present|0|824078.92
6415|1324|02-Sep-2020|186.6|9.6||present|0|494658.58
6416|1092|May 05, 2023||15.7|1.4|Present|0|326475.62
6417|1686|October 08, 2023|199.0|17.4|2.9|Remote||648835.55
6418|1651|07/13/2023|-5.0|0.6|3.5|Remote|0|933411.98
6419|1613|12-08-2020|168.8|15.8|4.0|Present|0|194524.93
6420|1535|16-Jun-2018||23.5|3.9|Remote|0|460119.35
6421|1640|2024-04-08|185.5|1.3|1.2|Present|0|928414.59
6422|1391|03/03/24|152.1|14.2|3.9|Absent|48135.33|440975.79
6423|1417|06/12/22|181.6|1.7|2.9|Present|35745.82|522925.93
6424|1513|08/12/2020|153.0|19.3|4.5|Present|0|346319.45
6425|1545|2022-04-08|129.1|7.5|3.0|Remote|26210.27|339830.65
6426|1727|2019-04-16|130.5|24.7|1.3|Leave|4062.93|786669.47
6427|1322|04-May-2020|183.3|0.1|1.3|Present|0|376779.07
6428|1429|December 16, 2016|128.8|14.8|3.9|Remote|0|165758.67
6429|1060|28-09-2022|190.2|8.5|4.4|Remote|0|212691.07
6430|1243|February 10, 2023|143.8|18.2|3.7|Present|0|539640.27
6431|1441|15-Nov-2017|131.0|12.5|2.7|Present|0|821507.87
6432|1195|02-07-2016|158.7|12.6|3.0|present|0|862295.07
6433|1625|18-11-2019||19.5|3.9|Remote|0|301390.19
6434|1195|19/10/18|123.7||3.6|present|15149.62|320829.89
6435|1169|November 11, 2023|168.4|5.6|2.4|Remote|0|857054.87
6436|1614|01/19/2023|144.0|19.8|4.0|Absent|0|813224.37
6437|1674|08/06/2019|133.1|6.0|1.9|Present|29897.0|719936.39
6438|1508|09-May-2018|190.2|21.1|3.4|Present|33271.63|625840.62
6439|1508|2022-06-26|159.4|19.8|1.6|Present|0|870755.34
6440|1820|11/11/23|122.4|15.2|2.8|present|0|243825.83
6441|1298|09-Oct-2015|198.8|14.5|3.0|Leave|0|403814.55
6442|1766|08/07/20|188.4|19.5|2.2|Absent|0|295605.0
6443|1609|11/26/2017|174.0|21.5|1.1|Leave|24523.75|661740.88
6444|1375|05/05/2022|165.3||2.9|absent |0|568384.36
6445|1064|15-Nov-2023|159.1|6.6|3.2|Present|0|272938.95
6446|1240|January 10, 2020|149.8|19.3|2.5|Remote|0|
6447|1754|11-Oct-2023|133.1|11.7|1.2|Present|0|876017.38
6448|1716|July 03, 2023|186.6|11.9|1.3|present|49161.87|224723.3
6449|1091|June 10, 2022||10.5|4.9|absent |0|295366.97
6450|1288|22/04/21|151.3|2.1|3.8|Present|4065.37|685181.54
6451|1348|20/07/22|123.7|4.9|3.6|PRESENT|0|525232.05
6452|1824|27-Jul-2021|160.8|4.5|4.6|PRESENT|0|649586.46
6453|1617|11/07/2024|190.2|16.7|1.1|Leave|0|
6454|1155|2016-11-05|139.8|24.8|4.3|Present|30029.78|484589.87
6455|1624|14-Nov-2020|181.5|12.0|3.1|Leave|0|257936.33
6456|1304|2024-11-03|140.2|10.7|1.3|Present|0|535142.33
6457|1438|2018-08-03|130.2|16.2|2.1|absent |0|283169.34
6458|1227|13-Nov-2015|185.5||4.4|PRESENT|10860.59|277947.51
6459|1509|2024-03-09|183.3|11.5|3.9|absent |0|265177.24
6460|1322|06/20/2024|154.5|20.7||Present|0|439881.22
6461|1320|May 23, 2015|132.2|15.9|1.4|Present|0|904840.36
6462|1203|2018-06-20|148.5|7.0|4.7|absent |29675.07|651504.58
6463|1555|02/05/20|141.0|10.9|1.5|Present|0|726183.56
6464|1125|15-Jun-2019|159.2|15.7|1.4|PRESENT|0|447595.02
6465|1245|15-05-2020|188.9||4.5|PRESENT|0|691634.89
6466|1326|01-Aug-2024|145.6|4.0|3.4|Leave|0|674175.92
6467|1358|01/07/2019|186.2|2.9|3.7|PRESENT|36678.89|738656.53
6468|1575|03-04-2022|179.9|8.4|2.3|Present|16584.55|297088.34
6469|1158|08/03/2019|140.9|18.7|3.1|Remote|0|938874.55
6470|1203|06/01/2023|151.3||1.1|Present|0|858224.37
6471|1519|09/12/2019|149.3|9.2|3.2|Present|9525.69|868288.1
6472|1680|10-08-2023|152.3|6.8|2.9|Present|0|331483.87
6473|1478|09/09/16|120.4|22.0|3.8|Remote|0|773244.97
6474|1447|08-Aug-2023|142.6|17.2|3.7|absent |0|891137.49
6475|1213|2020-11-12|167.0|13.7|1.3|PRESENT|0|752190.1
6476|1162|June 16, 2016|162.9|9.4||Present|6988.23|888627.08
6477|1492|September 24, 2024|128.1|13.1|2.2|Leave|0|
6478|1341|2023-07-18|181.6|16.6|2.3|present|6891.74|486693.87
6479|1673|15/08/22|178.9|3.7|3.9|Absent|0|878448.71
6480|1079|22/12/23|165.7|21.1|2.6|Absent|27588.62|339007.33
6481|1118|2024-08-24|184.9||3.7|Remote|0|
6482|1767|2019-08-20|148.8|10.0|3.5|Leave|0|600653.76
6483|1631|July 21, 2024|190.3|13.3|1.2|Present|1213.34|478622.73
6484|1191|23/12/23|185.8|10.1|4.9|absent |46065.06|428723.27
6485|1077|May 19, 2023|153.4|4.1|2.8|Leave|0|452287.57
6486|1232|04/07/22|158.0|14.0|4.2|PRESENT|0|861931.32
6487|1310|20/09/17|120.4|10.1|2.9|Present||274123.17
6488|1240|2024-02-06||22.7|2.3|absent |0|721921.66
6489|1689|28-Jan-2022|175.9||3.9|Present|0|760386.96
6490|1567|01/16/2024|188.0|21.4|1.1|PRESENT|21014.28|640713.97
6491|1315|09-Jan-2022|147.6|21.9||Leave|0|374440.83
6492|1625|13-12-2017|192.7|22.0|4.8|Present|0|686701.85
6493|1158|06/06/2018|155.0|1.1|2.8|Absent|0|663924.87
6494|1612|09/04/2023||17.2|3.1|absent ||702562.31
6495|1639|12/05/2019|168.2|19.0|4.0|Present|0|506277.84
6496|1524|09/24/2024|155.0|7.1|3.6|Absent|0|580962.95
6497|1476|09-12-2016|186.4|21.9|2.8|Present|0|897828.58
6498|1651|2024-09-28|157.0|10.2|4.3|PRESENT|22036.33|772495.22
6499|1143|09-02-2022|122.3|20.6|3.1|Present|0|577397.92
6500|1069|03/01/24|177.3|12.1|1.3|Present|0|839805.62
6501|1729|March 14, 2019|129.1|19.7|5.0|PRESENT|0|786401.87
6502|1576|01/08/22|167.0|23.2|1.9|Absent|5257.3|229830.35
6503|1591|2017-02-20|174.0|1.6|3.0|Remote|20647.14|166740.41
6504|1802|06-03-2023|185.5||3.1|Present|42517.63|370947.53
6505|1558|2023-09-03|166.6|13.7|3.3|Absent|0|632201.26
6506|1206|01-Apr-2017|167.5||3.8|PRESENT|0|519105.32
6507|1035|12/08/2018|162.0|16.3|1.1|Remote|0|805962.96
6508|1387|08-Jan-2021|181.7|16.4|2.5|Remote|0|672258.59
6509|1593|2023-03-07|132.1|10.8|3.5|Absent||920873.64
6510|1488|2019-05-26|151.3|24.2|3.7|Leave|0|630818.6
6511|1043|20/05/22|193.0|20.6|3.7|Absent|0|770653.96
6512|1049|01/23/2024|128.1|17.9||present|0|192233.82
6513|1746|14-Jun-2022|128.7|15.6|1.7|Present|0|663182.33
6514|1548|March 10, 2024|152.2|4.9|2.6|present|0|903155.83
6515|1471|2018-04-20|188.5|6.5|3.4|PRESENT|19053.01|859806.37
6516|1691|11-Jul-2019|166.2|18.3|2.7|Leave|20140.62|641886.21
6517|1014|09/09/22|157.8|6.2|4.5|Remote|0|522596.82
6518|1158|08/12/24|170.5|17.1|4.0|Present|49895.8|744324.42
6519|1343|2022-07-26|175.1|24.5|2.3|Present|5590.05|393323.5
6520|1539|26-02-2022|177.1|2.0|2.1|present|0|473291.48
6521|1649|2023-02-03|193.6|4.4|2.7|absent |5165.31|286139.04
6522|1711|2018-11-13|138.0|16.6|3.9|Present|0|695534.28
6523|1662|05-Aug-2017|148.1|4.3|3.5|Present|0|766373.78
6524|1136|11/27/2022|189.6|12.2|4.7|Present|16736.26|769416.08
6525|1525|02-02-2024|145.5|21.6|3.5|present|0|755219.45
6526|1562|03/06/19|166.3||1.6|PRESENT|0|228824.96
6527|1134|10/10/2019|133.9|17.3|2.7|Present|0|235396.2
6528|1233|06/13/2023|154.0||4.7|present|0|824236.69
6529|1234|06-Feb-2022|167.6|11.1|3.0|Present|0|477900.25
6530|1012|07/12/2021|127.3|10.0|2.9|Present|0|408960.95
6531|1144|April 05, 2023|143.3|9.8|1.5|Present|0|874473.18
6532|1352|December 09, 2020|137.8|8.8|3.3|Present|18086.76|611993.89
6533|1800|December 03, 2016|198.0|4.0|3.2|present|0|813848.46
6534|1636|27-12-2019|137.3|9.8|2.3|Present|0|716893.01
6535|1541|2022-10-08|169.4|10.1|2.6|PRESENT|0|817585.59
6536|1398|05/20/2023||14.5|1.5|Remote|0|177153.96
6537|1620|12/09/20||6.4||absent |19020.77|621081.04
6538|1298|05-Mar-2016|194.9|21.2|2.5|Absent|0|444847.56
6539|1524|19/03/21|152.1|6.5|4.7|Absent|0|283745.55
6540|1350|2024-05-09|198.8|2.5|3.3|present|44540.7|827334.91
6541|1577|2022-07-15|167.2|24.9|2.4|Leave|0|333508.85
6542|1356|21-09-2022|133.3|3.0|4.4|PRESENT|0|809122.11
6543|1477|05/10/21|125.2|9.5|3.8|Absent|1386.04|322248.47
6544|1168|23-Aug-2018|188.7|17.7|3.9|Leave|48909.89|819181.96
6545|1400|23-Nov-2021||18.3|4.4|Present|43678.14|732990.45
6546|1228|April 12, 2022|145.9|14.8|4.2|PRESENT|0|826456.75
6547|1310|10-06-2019|140.3|19.2|2.3|Remote|0|475251.58
6548|1338|2018-05-20|127.5|22.5|2.4|absent |10429.12|715074.38
6549|1228|March 14, 2022|138.9|14.6|4.6|present|0|329951.04
6550|1558|13-Nov-2021|167.1|24.8|4.9|present|28244.46|561206.46
6551|1294|February 07, 2017|123.0|15.9|1.2|absent |3990.9|340758.97
6552|1276|22/05/22|186.1|20.2|1.8|Present|0|517575.57
6553|1222|11-07-2017|136.0|14.4|4.7|Present|16625.79|
6554|1379|16/09/22|190.7|24.4|2.9|PRESENT||470146.16
6555|1429|February 10, 2022|139.0|15.1|2.8|Present|0|636409.43
6556|1207|21-09-2020|197.8|13.0|4.8|Absent|0|726879.45
6557|1808|2023-06-16|149.4|0.7||absent |0|573106.05
6558|1357|2024-06-03|179.1|15.7|2.0|Present|9868.64|271506.72
6559|1417|06/08/2023|190.5|4.6|2.4|present|0|728651.15
6560|1590|11-Jul-2023|182.4|3.2|1.7|Absent|0|725041.62
6561|1072|November 26, 2019|140.3|17.7|4.8|Present|0|930104.01
6562|1784|20-03-2016|169.8|2.1|2.1|Leave|0|263429.36
6563|1387|08/16/2021|193.6|24.1|1.3|Present|0|186884.59
6564|1200|2024-06-17|162.6|0.6|4.0|present|10580.72|269361.04
6565|1188|19/03/20|151.5|3.6|4.3|absent |484.16|887439.88
6566|1735|02/01/2019|168.1|2.3|1.9|Present|43785.7|558794.82
6567|1528|18-Sep-2021|187.6|21.9|3.3|Present|0|210574.13
6568|1356|2022-03-22|158.7|16.4|2.4|present|0|753213.47
6569|1625|14-Oct-2019|162.2|18.0|3.8|Remote|0|894383.04
6570|1779|2017-04-27|150.7|17.2|2.2|Remote|0|888492.18
6571|1371|22/03/24|133.1|20.6|3.2|Present|49358.95|626797.8
6572|1140|23-May-2021|170.1|4.9||Leave|0|707232.76
6573|1644|20/06/24|143.7|0.3|2.7|Leave||340757.98
6574|1636|23-May-2022|140.7|18.2|2.6|present|0|699617.62
6575|1284|09/09/24|176.9|18.2|1.1|present|0|923019.33
6576|1354|01/11/16|158.1|9.5|3.6|PRESENT|0|212493.05
6577|1541|13-09-2023|158.4|19.6|3.5|Present|0|281737.33
6578|1520|2016-07-24|182.8|20.7|4.3|Present|0|251989.41
6579|1612|09-Aug-2021|160.8|9.6|2.2|Remote|0|525126.74
6580|1346|01/08/2017|155.4|18.5|2.4|PRESENT|4071.22|747432.36
6581|1772|09/11/2018|186.7|17.8|1.3|Leave|0|197320.28
6582|1233|15-12-2018|125.9|17.1|2.2|Absent|4777.7|606853.87
6583|1384|02/25/2020|159.4|14.4|1.8|Leave|0|885891.52
6584|1150|17-09-2022|125.2|1.7|2.5|Present|39926.31|802243.48
6585|1399|07-Jul-2024|172.9|15.5|3.0|Present|15321.63|397218.95
6586|1769|October 15, 2022|182.0|13.6|3.3|Present|40904.6|665699.25
6587|1538|25-Dec-2020|-5.0|1.8|1.8|Present|2478.4|943826.37
6588|1628|07/13/2024|144.8||2.3|Present|13750.42|201400.53
6589|1565|2023-10-12|138.9|0.5|4.7|Absent|0|420963.49
6590|1348|12/05/21|133.3|12.2|3.6|absent |0|202849.17
6591|1620|2021-02-10|179.1|6.8|3.5|absent |0|675726.37
6592|1171|03/02/24|175.0|2.4|4.8|Present|0|827112.34
6593|1232|06-Jul-2023|147.3|2.3|3.8|Remote|0|800794.19
6594|1047|07/11/22|134.7|21.7|1.8|Present|0|168105.18
6595|1786|June 23, 2023||8.9||PRESENT|0|221603.06
6596|1427|14-Oct-2023|128.2|11.2|2.1|PRESENT|28526.49|784840.21
6597|1042|September 25, 2024|123.0|11.9|5.0|Absent|0|628796.6
6598|1832|08-Jul-2017|194.0|3.2|2.8|Present|0|225737.07
6599|1786|2018-06-17|185.4|8.9|2.6|Present|0|
6600|1588|2024-01-21|153.6|10.1|3.8|Present|0|873359.52
6601|1097|28/03/19|192.4|13.8|4.8|Present|0|726792.36
6602|1681|19-May-2022|167.1|0.4|3.1|Present|22278.13|229590.56
6603|1215|12-Oct-2023|161.3|22.5|4.6|Remote|0|248185.07
6604|1618|13/08/20|134.6|6.3|4.3|Present|33087.4|694277.37
6605|1423|12-11-2023|157.7|9.1||absent |0|734981.63
6606|1387|04-03-2024|150.9|13.1|3.9|Present|0|496457.48
6607|1396|09/24/2022|146.9|6.4|3.2|Present|0|829398.99
6608|1482|October 26, 2015|158.6|10.2||Leave|46407.27|766633.2
6609|1570|07/24/2021|166.3|19.1|3.0|PRESENT|2930.15|747798.72
6610|1376|18/07/24|189.8|21.5|1.0|Present|0|457663.65
6611|1687|26-09-2023|128.7|5.7|2.9|Present|0|416843.99
6612|1558|July 18, 2021|142.4|1.9|2.4|Present|0|768731.17
6613|1143|15/03/20|152.6|9.3|3.7|Present|0|763689.09
6614|1250|23/01/20|139.2|14.1||Present|0|375000.32
6615|1040|May 13, 2022|166.0|22.6|2.0|Present|0|446180.76
6616|1787|11/28/2021|192.1|20.7|2.4|Present|34172.94|455339.51
6617|1659|2020-05-22|165.5|5.2|4.0|Present|0|619085.72
6618|1622|03/05/23|180.0|10.6|1.7|present|32902.44|594017.42
6619|1006|21/03/21|142.9|9.9|1.6|Present|0|179304.92
6620|1267|27-06-2023|195.1|13.8|3.2|Present|0|214280.78
6621|1566|July 03, 2021|197.9|7.3|3.0|PRESENT|28080.13|750648.96
6622|1162|17-04-2021|138.3|16.9|4.3|Leave|22911.53|729307.93
6623|1435|January 03, 2024|168.6|10.4|1.1|Present|0|188944.76
6624|1318|07-03-2024|171.8|5.3|1.7|Absent|0|690503.48
6625|1143|2022-07-09|190.1|4.1|2.5|Present|777.28|325535.64
6626|1329|05/14/2022|180.0|24.7|1.0|Present|0|803780.8
6627|1584|06-Feb-2022|198.4|16.9||absent |0|227899.95
6628|1620|2022-07-18|170.7|23.6|3.9|Remote|0|804541.26
6629|1025|13/05/24|193.8|2.6|4.4|Present|0|222038.13
6630|1840|22-Dec-2019|131.6|18.9|2.8|Absent|0|660446.21
6631|1512|01/04/18|138.5|1.6|4.5|Leave|0|305247.51
6632|1220|12-06-2021|121.6|14.2|3.6|Leave|0|422069.91
6633|1512|2021-05-21|170.4|5.4|1.9|Present|0|771820.89
6634|1005|03/24/2022|179.6|10.5|4.5|Leave|38171.31|869519.06
6635|1077|07-Mar-2020||22.9|1.8|Present|9389.71|939336.46
6636|1840|06-09-2024|187.0|18.7|4.4|Present|601.57|272841.42
6637|1020|2024-07-19|142.2|18.9|4.3|present|0|895461.55
6638|1124|05/24/2024|158.4|13.4|1.1|Leave|0|567895.93
6639|1755|14-Dec-2024|139.2|8.9|1.6|Remote|0|938994.97
6640|1044|2023-08-25|131.0|6.9|2.5|Present|0|
6641|1127|08-01-2023|127.6|17.2|2.4|Present|0|351311.97
6642|1802|October 20, 2019|174.8|6.4|3.7|present|0|865023.13
6643|1830|August 18, 2021|182.9|14.1|1.3|Remote|0|531075.14
6644|1527|2020-02-07|176.1|8.5||absent |0|926396.41
6645|1777|19-Oct-2020|145.0|4.8|4.9|Leave|0|217427.75
6646|1430|14-Apr-2021|168.9|12.1|3.4|present|21783.31|246530.81
6647|1004|2023-08-02|127.0|17.0|2.4|present|10982.15|930782.13
6648|1786|2021-12-26|123.7|1.6|3.5|PRESENT|3988.55|723048.45
6649|1336|2022-06-15|158.0|3.4|1.9|Absent|5217.86|570631.6
6650|1140|02/19/2016|190.0|3.1|2.1|Present|0|642206.71
6651|1744|2022-04-19|146.2|21.6||Present|0|833946.86
6652|1048|2024-03-12|122.0|24.5|4.4|Remote|0|607161.58
6653|1029|17-Oct-2017|197.2|20.5|3.7|absent |3881.14|265169.2
6654|1355|2022-12-09|141.2|13.1|1.3|Remote|0|641954.85
6655|1523|12-11-2023|155.2|6.1|2.7|Present|8783.49|369138.45
6656|1850|28-Aug-2022|166.5|10.0|1.7|PRESENT|0|764293.95
6657|1091|01/12/2019|184.9|6.1|1.5|Leave|0|619008.58
6658|1635|07-Jun-2019|190.8|23.2|4.1|Remote|30442.9|323101.48
6659|1366|2022-10-07|139.8|20.6|2.6|Leave|12650.17|685340.22
6660|1530|13/08/22|143.5||5.0|Present|0|833606.38
6661|1203|August 23, 2023|198.6|15.2|2.1|Leave|0|435392.23
6662|1045|06-Dec-2024|130.5|0.4|1.5|Present|16311.26|591527.39
6663|1350|15-12-2017|161.5|2.7|3.2|Remote|0|197686.27
6664|1407|22-08-2018||8.9|3.5|Present|11235.73|924482.53
6665|1157|19-Jul-2016|141.2|15.9|2.4|Present||263859.4
6666|1845|2017-12-28|140.2|18.9|3.1|PRESENT|0|746919.23
6667|1816|16-08-2022|141.0|14.9|4.1|Remote|1309.25|515897.42
6668|1482|2016-08-15|166.1|19.0|2.3|Present|0|631882.03
6669|1097|October 23, 2023|171.2|3.3|1.9|Present|34493.2|573693.61
6670|1727|19-12-2019|181.1|13.8|2.9|Leave|0|913988.82
6671|1068|07/05/23|144.2|5.0|3.3|Present|0|239006.91
6672|1721|17/05/22|177.6|16.6||Leave|2712.8|308878.79
6673|1387|February 23, 2024|129.3|11.9|2.8|Absent|0|785782.73
6674|1141|March 04, 2020|128.1|9.8||Present|0|400258.83
6675|1686|12/12/2016|188.3|0.7|4.1|Present|39908.02|568204.5
6676|1367|02/14/2020|199.9|24.4|4.0|Present|0|799665.57
6677|1199|05-Apr-2024|164.8|22.0|4.3|absent |46902.78|278640.45
6678|1415|02/04/24|170.7||3.2|Present|0|488819.28
6679|1355|June 25, 2024|193.0|23.6|2.1|Present||221914.58
6680|1119|24/04/20|136.9|17.6|1.1|present|33226.16|607056.46
6681|1158|October 16, 2023|179.4|20.6|1.9|Present|41970.15|706130.53
6682|1448|16-Mar-2020|180.4|6.8|2.9|Leave|26249.96|614550.09
6683|1375|19-Mar-2024|138.7|4.4|4.6|Present|0|769417.78
6684|1623|14-08-2022|182.8|8.8|2.6|Remote|0|535424.19
6685|1215|2024-02-20|-5.0|13.7|2.0|Remote|0|860920.69
6686|1719|01/16/2023|183.7|21.9|4.2|Leave|0|
6687|1744|2019-06-14||7.3|1.2|present|0|380575.71
6688|1006|06/08/24|158.0|22.1|1.4|PRESENT|0|710467.48
6689|1156|06/27/2023|187.9|2.2|1.3|absent |0|280090.43
6690|1001|2023-07-03|144.0|19.6|1.0|Present|0|743403.96
6691|1816|12/26/2021|132.7|7.5|1.9|Present|0|768838.67
6692|1210|2021-01-20|147.6||1.4|Remote|0|813965.93
6693|1345|22-Jul-2020|||3.1|Absent|0|357120.05
6694|1177|12/01/2018|193.3|13.7|4.6|Present|7223.65|729148.72
6695|1158|18/09/17|172.0|3.6|1.7|Leave|17721.2|635855.91
6696|1213|2023-09-21|144.0|7.3||Remote|0|515929.96
6697|1691|13/09/22||9.1||Present|0|214493.59
6698|1318|25-May-2024|154.6|9.3|1.1|PRESENT|13845.96|152520.78
6699|1220|22-04-2016|148.4|0.7||Present|0|700957.49
6700|1658|18/12/19|141.5|0.1|1.4|Present|19620.1|171049.1
6701|1364|April 13, 2024|152.7|10.1|2.5|Leave|24626.6|207713.19
6702|1759|01/05/24|170.3|5.4|2.9|Absent|0|686015.5
6703|1440|20/06/19|153.2|23.2|4.1|Leave|0|835907.86
6704|1801|2022-03-27|195.4|3.6|4.2|Leave|0|375995.13
6705|1570|09/19/2021|120.3|15.2|1.5|absent |0|566829.26
6706|1313|09/07/24|172.3|4.6|2.2|present|43185.25|423981.68
6707|1572|28-Jul-2023|-5.0|18.8|1.2|Leave|0|520482.36
6708|1152|June 25, 2021|165.0|5.9|3.1|Present|0|177164.2
6709|1450|2024-07-04|186.7|22.0|1.7|Remote|0|647291.79
6710|1008|08/10/21|125.6|17.0|2.5|Present|0|822563.55
6711|1646|2021-12-20|187.5|9.9|2.4|PRESENT|21591.79|310211.35
6712|1681|07-Jun-2022|152.8|24.4|1.0|PRESENT|2285.94|518813.04
6713|1027|04/11/2023|170.4|6.0|3.9|present|0|168236.93
6714|1310|28-Apr-2017|182.7|||present|0|251827.72
6715|1213|02/05/21|161.4|18.0|4.4|present|33838.84|524609.68
6716|1191|2021-03-15|179.0|18.6|4.2|Leave|48661.64|903261.16
6717|1500|02-05-2020|146.3|21.6|4.7|absent |38188.17|362514.8
6718|1225|November 11, 2021|150.3|0.8||Present|0|297810.01
6719|1455|10-11-2018|145.7|||PRESENT|18736.63|853010.2
6720|1008|October 23, 2020|122.9|14.6|4.0|Absent|0|884536.84
6721|1430|08-Apr-2022||18.5|2.6|Present|0|850485.94
6722|1488|September 02, 2018|158.6|8.3|3.4|Leave|0|853560.86
6723|1179|2018-12-27|185.6|8.4|4.0|PRESENT|0|581791.54
6724|1473|2020-03-13|189.3|13.3|2.0|Present|0|260867.26
6725|1086|16-03-2021|164.5|14.5|1.6|Present|0|913958.79
6726|1313|May 23, 2022|155.0|17.7|2.1|PRESENT|0|157344.85
6727|1731|02/17/2024|171.3|21.8|2.2|present|7095.82|526903.05
6728|1431|09/14/2020||20.7|3.7|Present|0|328747.86
6729|1421|04-08-2023|190.8|13.7|3.9|absent |0|930005.62
6730|1785|2023-04-25|129.7|4.2|3.5|Leave|0|886192.87
6731|1252|2016-10-08|188.2|6.3|4.8|Present|0|674856.05
6732|1827|2021-04-28|178.2|14.1|1.2|PRESENT|0|318311.35
6733|1845|23-Sep-2022|154.1|2.8|1.4|Remote|0|243694.43
6734|1161|06-12-2019|||1.5|Leave|18824.5|884241.36
6735|1493|20/07/23|136.4|12.7|3.3|Present|0|575258.75
6736|1306|28/10/23|138.3|10.9||Present|3463.46|376042.99
6737|1797|2023-12-03|133.4|6.1|2.7|Present|20869.5|247613.17
6738|1352|March 03, 2024||16.5|3.3|absent |0|938380.58
6739|1195|April 16, 2022|178.0|19.0|3.0|Present|0|482948.77
6740|1316|16/07/20|140.0|8.8|1.8|Present|0|462833.78
6741|1779|January 16, 2022|127.3|19.3|4.6|Leave|843.1|618437.1
6742|1165|20-12-2017|124.5|4.5|3.3|Present||715598.42
6743|1656|02/24/2024|197.3|18.1||Remote|41964.11|162110.99
6744|1168|13-Jan-2024|162.9||4.9|Present|0|690568.16
6745|1234|18-03-2023|170.9|20.5|4.8|Remote|0|868159.36
6746|1097|06/28/2018|167.2|12.2|3.2|PRESENT|0|186702.36
6747|1090|2017-09-10|156.8|6.6|3.7|Leave|36700.77|681804.34
6748|1699|2017-09-12|189.3|18.5|1.5|Present|11421.2|285715.14
6749|1687|May 14, 2022|189.1|9.4|2.8|Present|0|155490.4
6750|1679|17/07/23|186.7||2.1|absent |19947.31|843312.56
6751|1665|2020-01-08|156.3|12.1|3.8|Leave|0|285332.43
6752|1396|August 12, 2017|185.5|14.9|4.3|Absent|14017.91|404493.42
6753|1592|09/08/2023|149.7|7.3|4.2|Remote|0|241543.31
6754|1632|2019-11-04|188.4|12.6|4.7|Absent|0|597714.78
6755|1831|March 16, 2023|170.7|14.8|3.9|PRESENT|0|174729.94
6756|1683|February 03, 2020|192.4|17.7|3.0|Present|0|324915.16
6757|1604|03-Mar-2020|182.8|8.9|4.7|Leave|28006.88|212537.69
6758|1778|04/27/2020|188.0|12.3||Present|2489.1|659718.28
6759|1018|04/16/2023|141.4|0.8|3.5|Absent|15356.21|167075.02
6760|1298|24-09-2015||12.0|4.5|Present|35702.9|698402.91
6761|1223|05-Oct-2024|151.7|9.4|1.5|Present|0|442491.94
6762|1662|10-12-2024|167.4|21.9||PRESENT|0|622265.67
6763|1220|01-Sep-2019|163.8|17.6|2.7|Absent|37663.54|858089.57
6764|1409|January 13, 2018|155.3|2.1|4.0|PRESENT|0|689226.78
6765|1453|09-Dec-2021|146.2|11.9|2.3|Present|7723.47|368718.56
6766|1102|April 05, 2023|198.9|3.2|4.9|Remote|0|734113.98
6767|1645|11-Mar-2016|143.6|21.7|2.9|Present|0|480785.8
6768|1533|January 05, 2019|183.8|14.9|3.3|Present||826081.71
6769|1246|17/01/19|154.7|21.3|2.8|Present|0|628667.06
6770|1678|21/06/22|142.8|24.3|4.4|Present|0|250363.06
6771|1513|2021-07-21|172.1|6.3|1.3|PRESENT|29027.64|731444.4
6772|1361|2016-11-23|133.5|13.0|1.7|PRESENT|0|497100.17
6773|1227|09-06-2021|156.6|14.8|5.0|present|31171.35|793252.88
6774|1023|12/08/2022|178.4|12.4|4.8|Present|30709.89|487946.66
6775|1787|26/10/19|130.5|2.0|2.8|Present|26279.29|298349.75
6776|1160|09-07-2016|142.9|17.6|4.4|Present|0|852177.01
6777|1091|26-Mar-2017|192.4|11.2|3.6|PRESENT|41558.66|242533.53
6778|1681|12-11-2021|190.5|24.2|1.3|Leave|31478.02|660239.83
6779|1673|06/09/2023|177.5|2.6|3.2|Leave|0|
6780|1765|March 06, 2023|187.5|14.9|2.8|Present|36656.72|425126.39
6781|1179|19/11/18|122.5|3.2|1.3|Absent|0|774514.75
6782|1782|2020-05-13|194.5||3.7|Present|0|430422.4
6783|1635|05/06/2021|172.9|15.3|2.8|Present|0|862929.37
6784|1648|24/06/20|137.5|16.5|1.6|Remote|18159.83|191826.83
6785|1746|14-Oct-2023||0.4|4.3|Present||708852.94
6786|1706|08-02-2023|186.8|0.5|1.6|Remote|28651.59|824656.24
6787|1241|12/16/2018|121.6|19.6|3.7|present|0|412907.82
6788|1100|2017-08-16|196.2|12.4||Absent|6769.05|787202.53
6789|1146|26-Dec-2020|120.6|9.8|1.1|Present|0|557635.85
6790|1004|05-09-2020||22.8|3.9|Remote|34138.48|421631.82
6791|1739|11/11/21|120.4|15.9|3.1|Present|0|174217.17
6792|1319|October 27, 2021|194.5|22.0|3.1|absent |0|400120.33
6793|1699|25/08/17|123.5|12.7|2.6|Remote|0|792308.41
6794|1482|March 19, 2019|177.8|5.4||Present|22581.43|
6795|1818|12/22/2019|146.7|1.6|4.9|Remote|37869.77|273972.7
6796|1358|2024-03-09||10.1|2.5|Present|0|453676.25
6797|1366|December 05, 2022||13.3|3.6|Present|0|512841.76
6798|1754|20-11-2024|132.0|13.3|1.9|Remote|0|
6799|1491|August 02, 2023|129.7|1.2|4.5|PRESENT|0|668918.28
6800|1603|11-10-2019|124.6|20.0|3.3|Leave|0|610903.68
6801|1180|2022-10-19|141.4|0.3|1.6|Present|0|391066.59
6802|1786|2019-12-24|133.2|11.8|3.4|Present|24397.35|594296.93
6803|1691|2019-02-20|131.0|1.4|4.6|Remote|0|728899.44
6804|1205|16/08/21|139.2|16.7|3.4|Present|0|645848.92
6805|1739|2020-09-13|174.7|9.2|4.1|Present|0|734606.96
6806|1559|18-04-2021|161.6|23.5|3.0|Present|0|946286.17
6807|1233|09/07/23|170.6|14.8|4.5|PRESENT|39253.59|687817.88
6808|1601|24-01-2022|174.9|12.2|3.6|Absent|24432.62|294025.79
6809|1720|2022-12-21|154.9|14.7|4.1|present|1289.1|782602.12
6810|1034|06/12/20|171.5|3.1|4.5|PRESENT|0|493051.25
6811|1202|11-05-2017|196.9|6.7|3.6|Present|0|765189.96
6812|1320|2017-10-02|194.5|19.6|4.4|Absent|0|596018.87
6813|1250|December 16, 2018|176.0|22.2||Leave|0|295074.1
6814|1394|25/09/24|145.4|14.9|3.6|Leave|0|415643.0
6815|1257|July 18, 2021|192.9|20.8|1.6|Present|0|563805.14
6816|1364|26-06-2024|187.7|6.9|1.5|Present|0|425418.84
6817|1138|14/10/24|120.5|8.4|2.6|Absent|0|689069.47
6818|1240|May 02, 2022||19.9|1.1|present|0|316752.46
6819|1402|12-03-2017|152.0|21.8||Remote|0|281293.34
6820|1023|12/25/2023|128.3|10.2|4.6|Present|0|800111.72
6821|1176|08/14/2021|196.0|4.1|3.4|Present|44680.55|488886.58
6822|1008|2019-06-14|136.5||2.4|PRESENT|46604.81|223019.69
6823|1567|23/02/19|174.4|2.5|3.0|absent |19786.22|796412.54
6824|1683|2018-06-18|142.9|1.2|2.4|Absent|272.79|800425.54
6825|1149|27-Apr-2024|173.7|20.4|2.8|Remote|0|179202.35
6826|1122|04/03/2021|157.7|8.8||Present|0|373334.23
6827|1241|June 18, 2017|185.7|0.9|4.3|Present|0|222241.5
6828|1071|22-Mar-2022|156.7||1.8|Present|35818.07|660607.59
6829|1476|05-08-2023|184.7|20.9|1.7|Remote|0|945446.05
6830|1301|2018-10-06|152.7|23.3|2.5|Present|0|302843.91
6831|1562|2020-03-07|159.9||3.1|Remote|0|926608.02
6832|1013|10/07/2016|131.4|19.1|2.7|Remote|3533.47|703831.73
6833|1180|06/12/24|-5.0|3.6|4.2|Absent|0|803036.18
6834|1556|2023-03-28|162.5||3.8|Leave|0|185883.44
6835|1581|March 23, 2020|154.2|15.8|2.3|Remote|0|592792.78
6836|1286|17-May-2024|153.4|12.9|3.9|absent |0|859839.36
6837|1524|June 16, 2022|195.7|23.0|1.2|present|0|887545.42
6838|1226|04-Nov-2024|145.0|16.9|2.2|Absent|0|
6839|1142|01/12/22||0.8|2.4|Present|24729.07|376489.01
6840|1719|18-12-2023|173.4|3.2|1.6|Leave|0|638283.35
6841|1246|2021-08-24|185.1|8.6|2.7|Absent|0|894211.23
6842|1319|15/01/21|135.0|7.1|3.7|Present|0|209519.38
6843|1752|09-12-2017|199.5|13.5|3.8|Absent|0|
6844|1475|10/05/2024|148.4|16.8|3.6|Present|39965.3|714491.97
6845|1527|2017-01-13|188.2|11.7||PRESENT|0|641960.56
6846|1221|January 18, 2018|155.2|18.9|2.2|Leave|0|580576.37
6847|1036|11/17/2024|174.2|3.4||Remote|0|262563.97
6848|1298|27-Nov-2017|194.0|12.9|1.9|Remote|0|574940.64
6849|1690|2023-02-09|152.4|9.1|3.5|present|47272.51|521655.45
6850|1074|08/09/2022|146.3|23.6|2.1|Present|0|767875.61
6851|1758|2024-02-18|182.4|1.7|1.6|Present|0|616324.56
6852|1555|27-03-2023|145.4|8.1|4.8|present|0|498674.81
6853|1457|03-May-2021|193.3|0.8|1.6|Present|0|765078.54
6854|1737|22-12-2022|171.3|16.8|3.3|Present|9269.16|180949.93
6855|1227|12/07/2015|153.7|12.0|3.8|absent |0|604049.2
6856|1336|01-Mar-2019|159.3|1.5|2.9|present|0|395432.68
6857|1580|August 25, 2023||17.8|4.9|Present|0|369314.72
6858|1234|07/24/2020|154.1|20.4||Present|0|832861.62
6859|1336|July 10, 2019|177.2|6.7|1.4|absent |10585.39|849339.87
6860|1336|2021-11-23|193.7|16.3|4.9|Absent|41221.51|611715.08
6861|1478|2017-02-03|128.0|16.5|4.6|Remote|0|785730.38
6862|1649|02/28/2018|169.5|22.4|4.1|Present|0|692638.52
6863|1140|11-12-2021|174.1|4.1|1.1|present|0|740451.36
6864|1437|2019-08-14|197.2||4.8|Leave|0|225153.08
6865|1225|13-Mar-2020||22.2||Present|0|902882.65
6866|1201|06/16/2022|127.5||2.0|Present|0|679482.3
6867|1364|22-05-2022|198.3|16.9|3.3|PRESENT|0|779587.26
6868|1241|2019-09-03|149.4|21.9|3.9|PRESENT|37702.44|413596.59
6869|1361|May 07, 2016|185.2|3.4|4.0|Absent|0|
6870|1252|04/28/2020|186.1|5.1|2.0|Absent|24911.62|582449.71
6871|1098|05-05-2021|150.4|0.0|4.5|absent |0|942172.92
6872|1161|25-Apr-2024|151.6||4.2|absent |0|817296.39
6873|1336|19-Jun-2023|166.7|14.6|3.0|absent |12724.85|295437.2
6874|1699|23/06/20|123.0|23.9|4.1|Present|13349.0|578671.09
6875|1287|02/08/2021|175.7|8.5|4.6|Present|0|297695.63
6876|1336|2021-09-04|192.8|23.4|1.7|Remote|0|201363.22
6877|1106|2018-07-22|163.4|7.9|4.6|Remote|10190.95|367426.34
6878|1429|08-09-2018|158.0|18.7|2.3|Present|29890.13|441343.33
6879|1149|01/24/2020|147.2|24.6|1.0|absent |0|422334.06
6880|1779|November 11, 2022|170.3|2.1|3.7|Present|30555.7|788543.97
6881|1214|15-12-2024|190.4|1.0|5.0|present|0|772848.2
6882|1841|2020-10-02|136.9|9.6|4.8|Present|0|236008.83
6883|1348|22/10/19|153.1|2.5|4.7|Absent|0|746872.17
6884|1612|08/18/2019|178.1|19.2|3.2|Present|0|895653.84
6885|1733|13-12-2022||6.1|1.3|present|46986.8|469271.2
6886|1472|15/04/22|195.3|0.7|3.0|Leave|0|313234.09
6887|1441|09/19/2023|133.1|0.3|4.2|Leave|0|173583.03
6888|1419|11/04/2018|128.0|6.0|1.8|PRESENT|0|921023.08
6889|1745|01-08-2021|194.3|18.4|2.2|absent |0|646101.66
6890|1681|January 09, 2024|185.9|16.0|4.3|present|2098.03|461978.99
6891|1022|2020-03-28|183.3|5.0|2.4|Present|0|446900.76
6892|1720|28-Dec-2023|198.8|4.8|3.2|Present|0|352028.37
6893|1496|November 18, 2022|126.5|15.7|4.6|Remote|44594.67|502710.63
6894|1592|03/10/2017|129.5||1.4|present|0|582365.02
6895|1014|2020-09-20|193.0|11.0|1.0|Present|0|776219.67
6896|1683|09-10-2017|165.3|10.9|1.8|absent |0|667745.79
6897|1486|08-Aug-2023||22.4|2.8|absent |0|645222.85
6898|1350|02-12-2018|-5.0|15.9|1.6|absent |7739.28|524365.24
6899|1735|05-Oct-2023|174.0|22.8|1.8|Absent|0|224938.67
6900|1729|December 26, 2022|131.8|5.3|2.9|absent |31170.65|917879.15
6901|1626|27-Jul-2019|146.4|8.9|2.7|absent |0|324448.58
6902|1598|12/17/2022|142.5|1.5|3.2|present|0|346679.1
6903|1482|20-01-2020|139.4|10.8|4.6|Present|29705.09|
6904|1605|02/07/18|141.5|8.1|1.0|Remote|11862.25|230252.57
6905|1827|12/28/2019|124.1|9.8|4.2|absent |0|735100.28
6906|1063|May 25, 2020|176.3|21.8|3.4|PRESENT|0|896113.15
6907|1205|03-09-2023|160.6|8.0|3.8|Remote|33203.44|429955.68
6908|1570|January 10, 2024|122.9|1.9|4.5|Remote|0|465186.65
6909|1143|2019-12-23|174.2|18.2|2.5|Remote|0|273605.32
6910|1526|24-Feb-2023|-5.0|19.3|1.8|Absent|0|297867.14
6911|1104|13/11/24|176.5|19.6|2.7|Absent|0|201170.51
6912|1574|05-Jan-2019|190.5|1.3|1.7|Present|0|394511.9
6913|1339|23-05-2022|142.8|17.7|3.2|present|0|843859.19
6914|1227|10/05/2023|195.4|3.8|2.5|Present|15403.34|338990.49
6915|1171|June 04, 2017|120.1||1.9|Leave|0|705203.9
6916|1191|03/28/2022||18.7|4.4|Absent|0|496047.53
6917|1355|2021-08-24|140.8|11.8|4.2|Present|31286.54|578449.91
6918|1555|October 25, 2020|124.6|4.6|4.9|Absent|34248.24|404892.42
6919|1530|21-12-2020|166.9|10.2|3.0|PRESENT|0|236907.68
6920|1018|05-Aug-2024||21.5|2.9|absent |0|394816.74
6921|1033|06-01-2021|128.6|8.2|2.1|Present|0|394661.84
6922|1693|14/06/15|170.2|11.5|4.5|Leave|0|840266.36
6923|1103|23-07-2023|133.6|12.8|3.7|absent |0|411369.32
6924|1256|09/07/24|187.6|12.0||Absent|0|904342.04
6925|1598|September 01, 2024|155.5|20.0|3.4|absent |0|750613.06
6926|1062|09/01/23|139.4|8.7|2.7|Remote|0|325403.05
6927|1140|2024-03-23|151.1|17.6||Present|0|435782.11
6928|1303|16-07-2021|173.6|1.3|1.9|present|0|484776.22
6929|1379|28-03-2022|186.0|19.9|2.7|present|0|345795.64
6930|1045|June 16, 2024|183.8|10.6|4.5|Absent|34580.43|647248.87
6931|1235|February 02, 2018|154.2|4.8|4.6|Present|0|150356.72
6932|1616|25-09-2022|196.6|17.4|2.4|Leave|0|613345.19
6933|1523|06/13/2019|196.2|5.5|1.7|PRESENT|0|394506.59
6934|1168|21-Aug-2019|167.1|23.2|3.3|Absent|0|553752.11
6935|1799|15-Sep-2020|161.1|7.7|3.3|Present|0|252155.7
6936|1336|2024-07-14|188.5|19.7||Leave|27427.78|
6937|1509|December 08, 2024|190.6|16.2|1.4|Absent||326648.99
6938|1618|15/04/23|191.5|21.3|3.3|absent |0|481507.25
6939|1618|24-Oct-2020|-5.0|20.2|4.6|Present|0|393598.71
6940|1229|2020-08-27|120.7|8.4|2.7|Present|24703.29|250332.66
6941|1112|March 20, 2022|142.8|6.8|2.6|Absent|0|255082.66
6942|1201|12-08-2016|174.1|15.5|1.2|Present|0|621084.82
6943|1371|13-05-2020|137.0|11.9|4.6|Absent|0|739975.16
6944|1697|01/09/21|199.9|4.0|1.1|Present|6750.68|759819.04
6945|1594|12/02/23|140.2|23.4|3.7|Absent|0|758100.32
6946|1252|May 13, 2024||8.0|4.1|Absent|0|823249.01
6947|1092|03/15/2023|182.0|7.9|4.1|Remote|0|575192.66
6948|1656|04/18/2024|199.2|7.4|3.8|PRESENT|23629.74|368286.9
6949|1849|21-Sep-2019|130.0|17.2|2.8|Absent|6348.97|423359.35
6950|1616|2024-12-08|199.6|8.5|3.3|Present|0|329167.95
6951|1007|14-Nov-2017|129.9|10.6|4.3|PRESENT||368934.34
6952|1304|February 04, 2019|176.9|3.3|4.8|Present|0|282206.81
6953|1344|July 21, 2021|171.5|16.3|4.0|Absent|0|813841.62
6954|1482|12/11/2024|182.8|3.3|1.2|PRESENT|21403.26|263518.47
6955|1491|15-06-2016|179.7|20.6|4.2|Present|0|428883.86
6956|1512|2017-04-06|192.6|17.8|1.7|Present|43559.28|386743.75
6957|1360|25-01-2019|186.1|20.1|1.9|Present|0|490484.36
6958|1744|03/27/2024|153.7|8.4|4.8|Present|0|718925.82
6959|1195|21-06-2021|198.5|3.6|1.1|Present|0|787673.53
6960|1179|07-Mar-2019|188.2|5.0|4.1|Present|0|541128.55
6961|1255|26/04/22|129.0|8.7|2.2|Present|0|361035.68
6962|1375|June 01, 2021|152.0|11.4|3.7|Present|0|438835.99
6963|1487|November 20, 2022|146.6|3.3||Present|36727.07|451348.24
6964|1610|June 07, 2021|136.5|13.0|2.3|Present|0|534336.65
6965|1457|January 15, 2022|135.4|18.3|4.8|Absent|0|816269.12
6966|1671|07-Oct-2022|127.9|9.7|2.9|Remote|15292.91|877904.81
6967|1237|16-03-2023|178.4|2.0|4.9|Remote|48386.23|772460.52
6968|1222|February 04, 2018|157.7|5.9|3.3|Present||397541.14
6969|1470|2023-05-04|134.3|0.2|1.8|Absent|0|868199.67
6970|1517|10/04/23|189.3||1.2|absent |0|723847.79
6971|1271|22-Sep-2021|130.3|11.4||Present|0|888566.97
6972|1272|01/27/2023|173.0|9.8|2.5|Absent|0|345214.03
6973|1023|2023-07-18|173.7|24.3|4.3|Remote|0|755596.42
6974|1282|2024-09-14|175.8|17.2|3.3|present|0|347122.08
6975|1411|10/19/2020|169.7|12.1|3.8|Remote|9852.16|780120.12
6976|1266|14-Jun-2019|172.0||2.3|Leave|0|509456.18
6977|1154|August 16, 2024|199.4|3.2|2.3|absent |800.01|673498.58
6978|1507|2021-06-24|142.2|21.1|1.4|Leave|9884.82|259660.38
6979|1137|2023-10-21|172.7|13.7|3.1|present|0|327199.61
6980|1212|10/23/2018|149.2||4.8|Present|1700.61|420776.26
6981|1743|06/01/22||6.8|1.1|Remote|33462.91|358747.16
6982|1216|02/25/2024|161.3|13.8|1.7|Present|0|680281.47
6983|1433|16/03/23|120.1|6.7|3.1|Remote|0|658010.63
6984|1396|08/01/2015|126.1|20.4|3.5|Present|30288.45|815688.11
6985|1070|23-May-2022|152.9|15.8|4.2|PRESENT|16687.86|851662.61
6986|1404|August 06, 2022|181.8|5.2|1.5|Present|4927.35|380259.47
6987|1440|2015-03-25|192.2||1.8|present|0|880231.48
6988|1287|15-11-2016|137.8|9.4|1.2|Present|0|248538.36
6989|1144|August 12, 2019|188.1|19.5|3.5|Remote|26440.43|442228.93
6990|1524|2019-02-26|198.1|22.8|3.8|Remote|5039.43|943298.47
6991|1639|2020-08-14|176.2|16.2|3.2|absent |20073.51|224047.69
6992|1068|07-Jul-2020|-5.0|5.7||present|6852.64|583909.07
6993|1497|23-Jan-2024|151.1|23.8|4.8|absent |0|833342.26
6994|1848|12/14/2020||1.4|1.9|Remote|0|438689.36
6995|1423|09-Dec-2024|167.8|13.4|1.9|Remote|18216.32|743279.14
6996|1559|13-12-2023|131.0|5.6|2.4|Leave|0|380671.36
6997|1434|16-05-2016|152.1|21.3|4.3|Present|16568.98|927844.73
6998|1176|06/10/2022|124.4|3.0|1.3|Remote|0|377289.05
6999|1746|17-Oct-2018|139.5|4.0||Present|0|241935.94
7000|1520|12-07-2023|170.3|19.8|1.6|Absent|45306.94|868329.52
7001|1238|22-Apr-2020|200.0|15.8|3.3|Present|0|903138.94
7002|1587|October 19, 2024|169.5|10.3|1.7|Present|29590.11|668284.56
7003|1520|03/15/2018|121.5|11.4|4.8|PRESENT|0|556677.77
7004|1818|24-12-2022|120.4|18.9|4.7|Present|0|450619.72
7005|1471|10/07/17|185.9|4.2|1.8|Leave|0|715782.4
7006|1528|December 16, 2023|154.9|19.7|2.7|Present|0|784999.76
7007|1202|May 26, 2022|194.6|7.5|1.8|absent |0|854598.44
7008|1211|27-02-2022|159.9||2.5|Present|0|839805.07
7009|1579|2016-10-27|195.1|10.9|4.8|PRESENT|48953.94|663468.93
7010|1298|2022-11-18|124.3|6.0|3.5|PRESENT|0|863029.37
7011|1673|06-Mar-2021|149.4|20.9|3.0|PRESENT|0|911172.07
7012|1548|2024-02-13|189.5|5.2|4.4|Remote|0|673579.4
7013|1526|November 07, 2018|130.6|4.7|2.2|Remote|0|808550.44
7014|1542|April 23, 2018|164.4|5.1|3.3|Present|46859.29|771461.75
7015|1124|17-Jun-2024|156.7|5.1|1.6|Absent|0|417251.4
7016|1237|2020-06-19|137.2|16.9|4.4|absent |0|812186.89
7017|1410|05/04/2023|123.1|22.7|2.8|Present|25361.65|304983.96
7018|1831|20-09-2022|173.5|2.3|2.1|present|0|542646.54
7019|1093|September 06, 2016|129.8|20.5|3.6|Remote|21989.09|166185.33
7020|1309|22-06-2024|188.5|20.1|1.8|absent |0|253033.41
7021|1008|2019-04-22||24.6|4.1|Present|0|769602.56
7022|1110|27/04/21|174.7|20.1|4.5|Absent|0|519501.54
7023|1245|03-Mar-2024|132.5|18.4|3.5|Absent|29421.38|211382.63
7024|1654|2023-10-16|173.8|17.3|4.4|Absent|4288.84|428675.27
7025|1168|26-02-2024|155.8|21.2|1.4|Present|0|275447.89
7026|1635|22-04-2023|169.2|4.3|4.3|Leave|0|263087.88
7027|1083|22-Feb-2021|193.8|11.5||Remote|0|
7028|1655|15/12/23|159.3|18.0||Present|9969.86|452256.3
7029|1698|02/28/2024|180.3|16.7|2.9|Absent|0|282909.73
7030|1373|08-Aug-2022||22.6|1.1|PRESENT|0|871695.26
7031|1839|08/09/2021|176.9|9.2|1.8|Present|0|465640.94
7032|1270|September 22, 2023|181.3|23.3|1.2|PRESENT|47940.79|379777.08
7033|1006|09/17/2019|158.9|21.8|4.6|absent |21767.19|938722.49
7034|1742|13-Dec-2023|140.6|5.2|3.6|Remote|0|681769.88
7035|1069|05-Apr-2022|183.2|22.9|2.9|PRESENT|0|235896.46
7036|1201|2022-02-02|133.3|14.2|2.9|Present|14222.28|205336.89
7037|1656|11/05/2021|197.5|8.7|4.9|Leave|0|201700.11
7038|1220|July 04, 2021|186.8||4.0|Present|0|610474.84
7039|1252|2016-05-15|149.1|3.8|2.4|present|0|792084.88
7040|1009|25-09-2022|168.6|17.6|1.3|PRESENT|23369.88|597759.93
7041|1341|24/11/24|169.3|8.8|2.4|Present|5132.89|708397.96
7042|1340|2022-01-17|144.5|4.0|1.9|Leave|0|847081.1
7043|1339|25-Apr-2024|176.1|19.5|3.9|Present|0|835038.94
7044|1382|22-Jun-2024|152.6|3.7|2.5|PRESENT|0|
7045|1424|08-Sep-2024|121.1|5.5|1.1|Leave|25493.67|200156.46
7046|1810|07/09/2024|182.7|13.7|3.0|Present|30684.12|321787.57
7047|1547|01-11-2018|179.2|24.4|3.4|Leave|0|501587.99
7048|1320|2023-03-17|190.2|17.7|3.0|Absent|0|854454.67
7049|1531|2024-12-27|127.9|3.2|3.4|Leave|0|798938.73
7050|1442|November 24, 2017|137.3|21.2|4.0|present|0|451007.57
7051|1626|17-May-2017|125.9|20.7|4.9|Present|0|731700.41
7052|1535|06/12/2023|127.7|2.0|4.2|absent |0|657849.06
7053|1620|03/08/20|198.7|10.7|4.0|Present|43047.09|761475.51
7054|1736|04/13/2019|186.8|3.4|4.5|Present|0|234687.16
7055|1303|21-12-2022|184.3|12.5|3.3|PRESENT|0|362161.56
7056|1224|04-01-2015|192.4|19.8|4.6|Present|0|183631.37
7057|1470|February 26, 2021|156.7|17.1|1.7|Present|0|935561.79
7058|1802|22-May-2018|197.7|20.9|1.7|Present|42572.58|391389.22
7059|1038|18-04-2023|185.5|24.3|4.3|Absent|48561.25|189784.54
7060|1287|02-10-2022|124.0|18.3|3.2|Leave|0|771755.27
7061|1384|02-05-2021|125.9|19.7|3.1|present|32658.86|
7062|1043|17-03-2024|173.5|5.4|3.9|Present|0|317707.3
7063|1653|10/05/2020|175.4|18.3|4.6|Present|0|
7064|1274|December 15, 2023|161.6|11.1|1.3|Present||838263.65
7065|1150|03-07-2022|165.4|8.5|3.9|Present|37781.43|890808.33
7066|1579|September 08, 2023|196.0|15.9|2.7|Leave|0|726342.23
7067|1812|21-04-2022|180.4|11.5|3.0|Present|0|347651.22
7068|1427|October 27, 2022|153.9|23.8|1.2|present|0|641418.92
7069|1177|13-10-2018|193.0|3.1|4.8|Leave|0|860711.64
7070|1112|22/09/24|131.1|25.0|1.0|Present|0|405028.85
7071|1650|2018-02-26|189.2|12.2|1.3|PRESENT|27391.98|387547.78
7072|1386|20/02/19|138.3|1.6|1.6|Present|0|387446.04
7073|1178|21/05/23|158.6|16.4|4.2|Absent|0|540537.14
7074|1523|24/01/22|135.7|13.6|1.3|Present|0|941529.66
7075|1816|2023-02-06|142.0||2.8|present|40775.13|718293.9
7076|1473|October 06, 2020|193.1|0.3||absent |9717.84|825774.86
7077|1393|11-Jan-2018|173.9|2.4|3.9|PRESENT|9509.66|441636.03
7078|1055|05/12/2018|130.3|6.2|4.4|Present|0|836884.63
7079|1069|23-Apr-2024|149.2|6.0|4.6|present|0|514116.12
7080|1583|07/13/2024|161.2||1.2|Present|0|825389.99
7081|1409|23-Jan-2024|174.9|22.3|2.7|Present|710.99|288626.82
7082|1006|06/01/2022|192.8|18.3|4.0|Present|0|641634.27
7083|1628|02/21/2023|121.7|12.9||Present|0|918254.64
7084|1254|02/11/20|138.9|19.5|4.9|Present|7925.28|828927.85
7085|1342|2023-02-19|139.8|14.0|4.3|PRESENT|0|431252.49
7086|1143|01/06/21|134.4|11.4|1.7|Absent|0|477041.63
7087|1314|01-Oct-2024|192.9|16.9|4.7|present|0|893173.97
7088|1815|05-12-2017|-5.0|8.2|3.9|Present|18486.45|275490.32
7089|1606|12-08-2018|126.6|9.1|4.9|absent |0|412871.91
7090|1077|24/08/21|142.2|14.2|1.3|Present|45297.6|192589.62
7091|1513|27/09/18|164.8|7.7|1.1|PRESENT|0|205609.14
7092|1048|02-09-2023|166.0|11.9|4.4|Present|0|427520.56
7093|1676|17-06-2021|151.0||1.0|Present|0|222408.55
7094|1027|April 08, 2022|158.8|7.3|3.6|Leave|0|783643.98
7095|1077|07-02-2019|121.6||5.0|Present|0|388323.49
7096|1678|02/18/2023|193.7|10.9|4.1|Remote|0|806684.13
7097|1243|08-10-2019|152.1|18.5|1.1|Present|0|619729.54
7098|1606|2018-04-04|143.9|18.7|3.1|PRESENT|0|314698.44
7099|1567|28-11-2019|141.3|23.5|4.0|Present|0|928447.43
7100|1353|September 05, 2024|190.4|23.6|2.6|Remote|26092.2|760182.47
7101|1374|March 12, 2023||2.8|3.2|PRESENT|3913.89|811531.76
7102|1746|2024-06-07|186.6|18.9|3.0|Leave|0|628097.97
7103|1072|15-May-2019|124.6||1.3|Present|45206.75|261771.91
7104|1320|2019-02-02|179.3|7.1||Present|0|894956.27
7105|1225|06/18/2024|131.5|23.5|3.5|PRESENT|0|348305.12
7106|1440|19/08/16|136.0|3.0|1.4|Present|0|203304.45
7107|1475|July 23, 2024|135.1|19.7||present|0|732701.99
7108|1756|01/24/2022|169.9|20.3|3.0|Present||793268.53
7109|1068|25-Mar-2017|175.0|10.7||Present|18517.25|717823.66
7110|1604|04-Oct-2021|148.6|12.9|2.4|present|0|348303.57
7111|1728|July 14, 2019|152.3|13.3|2.4|PRESENT|0|572026.47
7112|1061|12-Nov-2022|177.9|1.8|3.3|Present|0|405589.38
7113|1253|09/11/24|178.8|1.7|4.5|Leave|0|544321.09
7114|1325|2022-07-23|171.1|6.6|2.5|Present|42880.89|410245.05
7115|1099|03/12/20|122.6|22.8|4.5|absent |0|714803.5
7116|1392|25-Jun-2015|194.0||3.1|PRESENT|0|464913.34
7117|1400|21-Jul-2024|139.7|16.3|4.3|Present|0|917656.97
7118|1131|12/12/2023|132.2|1.7||Present|28406.0|448468.58
7119|1219|2024-04-17|152.7|10.5|1.0|Present|0|797476.67
7120|1589|24/06/23|124.9|7.3||Present|0|291425.36
7121|1122|September 16, 2024|197.6|3.0|3.0|Absent|21343.03|606432.88
7122|1313|10/25/2022|184.2|18.6|2.6|Present|0|209821.65
7123|1556|22-04-2021|191.2|12.7|1.4|absent |0|827405.92
7124|1654|12/21/2019|179.8|8.2|4.5|PRESENT|503.41|627300.37
7125|1686|2020-10-27|191.9|15.4|3.0|Present|0|400652.89
7126|1157|April 22, 2024|149.0|21.5|2.0|present|46091.83|291410.71
7127|1508|July 02, 2023|157.3|21.8|1.3|Absent|0|830952.58
7128|1608|02/25/2024|149.3|23.8|1.4|present|0|474465.26
7129|1136|26-Feb-2023|136.6|6.2|5.0|Present|19189.1|318483.89
7130|1004|18/07/18|156.7|18.4|3.3|PRESENT|0|257427.96
7131|1662|25/10/16|165.7|13.1|2.7|present|0|863181.77
7132|1355|2024-10-10||16.3|3.2|Absent|0|372445.64
7133|1417|28/12/24|196.4|5.1|5.0|Leave|29711.57|655964.42
7134|1691|2017-07-07|148.8||3.1|Present|0|645125.2
7135|1240|10-10-2024|133.0|4.0|1.8|Present|0|170095.7
7136|1649|04-04-2022|196.3|17.9|4.4|Present|48533.67|563988.89
7137|1533|09/08/20|195.5||3.5|PRESENT|29283.61|739757.18
7138|1226|03/08/2023|165.4|15.7|2.3|Present|0|
7139|1210|03/02/2024|150.0|14.2|3.7|Present|31002.14|
7140|1828|2024-09-03|177.1|7.5|1.9|Present||161306.66
7141|1417|08-May-2024|174.9|12.0|3.5|present|6819.21|
7142|1482|06/09/2020|160.0|21.9||PRESENT|1681.89|708495.8
7143|1639|09/14/2021|183.9|8.7|3.2|Present|19497.41|560331.86
7144|1453|02/10/2020|120.2|20.4|3.1|Remote|0|181662.43
7145|1157|2023-12-21|179.3|5.1|4.7|Remote|0|353834.61
7146|1516|September 01, 2022|199.5|5.7|4.8|Present|0|487430.68
7147|1540|14-Jul-2021|141.8|19.7|2.7|PRESENT|0|344704.76
7148|1229|12-10-2024|178.0|15.3|1.6|PRESENT|0|151565.82
7149|1198|2022-03-11|193.1|15.7|4.9|Present|46321.61|154757.42
7150|1669|2024-09-18|190.2|0.2|2.1|Remote|41586.26|637328.9
7151|1501|2023-07-16|130.4|10.0|2.3|Present|0|283216.79
7152|1569|2018-01-27|125.7|1.4|3.9|Present|0|742799.29
7153|1532|26-07-2015|134.5|23.1|3.6|Present|0|524819.75
7154|1753|15/05/22|121.0|22.5|1.8|PRESENT|0|798879.41
7155|1270|14/06/18|194.1||3.2|absent |0|471397.57
7156|1604|September 25, 2019|165.1||3.6|absent |40303.08|199789.16
7157|1775|July 10, 2018|151.6|21.5|1.9|PRESENT|39560.87|609173.96
7158|1743|07/01/2022|121.9|2.0|2.2|present|0|832928.91
7159|1700|03-Jul-2022|190.8|7.8|4.4|absent |0|839036.5
7160|1365|27/06/19|149.3|12.2|4.0|Present|42686.81|506106.4
7161|1654|12/07/17|160.3|9.9||Present|6454.11|186660.69
7162|1420|11/19/2020|199.8|4.4|1.1|PRESENT|0|785310.93
7163|1689|12/02/2018|174.9||1.8|Present|0|339669.05
7164|1654|25-06-2024|185.3|7.8|1.9|Absent|0|179471.84
7165|1839|01-03-2024|149.3|13.6|3.3|Remote|0|336366.59
7166|1681|13-Sep-2024|166.0|18.5|1.5|Remote|49315.07|626241.73
7167|1330|23-02-2018|196.1|19.5|3.8|present|32654.06|684659.14
7168|1662|27/06/22|190.5|6.3|3.1|Present|0|432975.94
7169|1744|October 09, 2021|164.9|1.6|2.1|present|0|527579.34
7170|1696|February 19, 2023|197.3|4.9|3.7|present|0|868314.95
7171|1306|03/12/23|145.2|24.9|4.7|Leave|0|418278.41
7172|1515|12-Apr-2022|130.3|14.0|3.2|Absent|42065.83|687649.05
7173|1850|13/05/24|155.4|9.6|3.6|PRESENT|0|537462.75
7174|1141|02-04-2018|165.1|18.4|1.5|PRESENT|0|934977.41
7175|1311|11/21/2023|140.1|3.5|2.0|Present|0|695857.99
7176|1775|05/15/2018|135.1|5.2|3.6|Absent|701.27|737954.76
7177|1669|17-11-2023|153.1|22.9|2.6|present|0|
7178|1195|October 05, 2022|155.2|19.0|1.4|Remote|0|851088.7
7179|1623|26/04/22|124.4|13.1|1.5|Present|0|260280.89
7180|1059|09-May-2016|172.5|23.9|2.8|Present|0|633585.37
7181|1410|02/12/18|192.9|14.0|2.9|absent |39379.93|870765.6
7182|1336|April 10, 2022|148.0|16.3|1.6|Present|0|658720.28
7183|1421|08/06/16|156.5|4.3|1.0|Present|0|323939.51
7184|1131|18-12-2022|177.3|19.5|1.8|present|0|257490.99
7185|1355|06/09/2023|158.1|16.5|4.5|Leave|0|512295.9
7186|1840|12/04/2022|183.9||3.2|Remote|0|806106.46
7187|1739|08/15/2024|174.1||2.3|Present|0|857089.61
7188|1033|2021-05-07|194.7|20.6|2.5|Present|39722.18|816569.76
7189|1233|22/08/22|192.2|9.1|4.1|Present|0|727002.53
7190|1010|20-Oct-2018|130.0|4.3|2.4|present|0|867311.76
7191|1212|2023-06-23|168.1|5.2|4.6|Absent|0|648674.94
7192|1237|18-Jul-2022|196.8|24.6|1.5|Absent|0|615654.61
7193|1513|November 10, 2024|132.0|0.4|4.7|Present|0|423348.05
7194|1810|2021-10-28||22.5|3.7|Remote|0|621585.83
7195|1758|10-04-2022|187.9|16.5|1.5|Remote|0|631780.74
7196|1274|21/06/23|128.7|4.6|2.7|Absent|0|266071.39
7197|1072|March 09, 2020|157.2|2.8|2.5|PRESENT|44976.07|695748.55
7198|1330|January 15, 2023|149.4|1.3|4.2|Absent|0|169819.31
7199|1326|19-05-2022|163.3|3.4|1.3|Leave|15638.48|799503.82
7200|1623|2022-09-22|155.7||2.2|Present|0|532780.57
7201|1662|17-01-2021|178.0|10.9|2.5|Present|46560.69|888516.96
7202|1770|22-02-2022|140.3|9.1|1.3|present|0|661594.43
7203|1115|May 11, 2023|175.6|11.0|1.1|Present|0|161086.55
7204|1636|17-03-2022||14.3|4.1|Absent|0|280211.49
7205|1739|12/11/2024|169.6|3.9|5.0|absent |0|335752.71
7206|1525|02/22/2023|198.5|9.4|4.5|Present|0|911345.78
7207|1449|24/12/20|168.5|8.2|2.3|Absent|0|203486.97
7208|1206|June 10, 2016|166.5|20.9|3.3|Present|25594.95|319535.98
7209|1727|21-09-2021||10.5|3.9|Present||523256.63
7210|1373|25/10/19|155.4|8.2|2.6|Present|0|360241.22
7211|1293|February 07, 2022|171.2|11.1|3.0|Present|0|698476.14
7212|1305|01/12/24|180.2|4.4|1.9|Present|0|326614.79
7213|1826|27-Nov-2020|165.5|5.0|3.4|present|0|561653.68
7214|1790|October 18, 2024||21.6|1.7|Present|3413.98|769125.27
7215|1512|20-Sep-2017|128.5|16.9|2.7|Present|0|639108.08
7216|1243|February 09, 2020|-5.0|12.1||Absent|0|241301.08
7217|1069|2022-09-04|121.5|22.7|3.6|Present|0|408827.45
7218|1779|07/19/2018|130.1|23.4|3.5|Present|0|
7219|1091|12/05/2017|185.6|22.4||Present|0|845780.75
7220|1503|2018-06-21|177.7|24.8|3.5|PRESENT||467307.53
7221|1205|February 28, 2023|196.4|0.4|3.6|Absent|0|443779.2
7222|1836|21-12-2023|186.2|10.0|1.9|present|33065.06|647473.9
7223|1515|08-Feb-2023|139.4|24.5|4.0|Remote|37632.92|195686.74
7224|1324|10-04-2020|193.9|12.5|2.9|Present|34927.64|389570.48
7225|1837|2021-04-03|193.8|19.3|4.1|Remote|33377.52|297979.26
7226|1673|09-05-2023|128.6|22.5|2.1|Leave|0|935840.91
7227|1189|22/12/24|195.8|18.7|1.9|PRESENT|23654.6|695908.37
7228|1234|03/21/2015|160.8|7.7|4.7|absent |32902.58|627250.41
7229|1737|05-Dec-2020|140.5|23.4|2.2|PRESENT|0|465038.66
7230|1621|02/03/22|190.9|16.2|3.9|Present|0|483884.33
7231|1227|24/02/21|154.6|24.3|1.2|present|0|739788.31
7232|1490|28/12/15|183.1|9.0|1.1|Absent|0|739602.14
7233|1626|2022-04-26|164.6|20.4|5.0|Remote|21351.1|628799.98
7234|1634|05/05/2022|186.5|21.7|4.0|Remote|39932.16|752593.52
7235|1605|2019-01-07|159.6|24.7|3.6|Present|0|933007.8
7236|1576|11/17/2022|139.8|7.3|3.8|Absent|0|313293.92
7237|1660|March 14, 2020|139.7|12.6|2.2|Present|0|729955.69
7238|1595|09/27/2022|199.3|4.1|3.7|Present|0|935248.95
7239|1283|2024-06-08|170.9|15.9|3.4|absent |0|453591.45
7240|1675|03/01/2023|157.2|10.1|2.8|absent |0|550962.86
7241|1500|March 27, 2021|188.3|14.8|3.6|Remote|0|443193.81
7242|1661|26/02/22|188.6|3.4|3.5|absent |1958.01|433902.69
7243|1238|December 01, 2020|145.9|23.7|2.1|Absent||531894.45
7244|1339|04/02/2022|199.4|23.6||present|0|340290.98
7245|1801|12/09/2024|166.0|7.1|2.8|absent |0|545285.73
7246|1127|08-10-2019|182.1|9.9|2.8|Remote|41929.63|619379.72
7247|1202|02-May-2018|136.5|19.5|3.2|Absent|0|506855.85
7248|1119|13-08-2021|160.0|9.3|3.5|Leave|0|862577.03
7249|1174|February 21, 2019|127.1|4.0|1.3|Present||596774.21
7250|1693|07/05/19|184.4|5.3|4.1|Present|0|414698.41
7251|1270|May 10, 2018|198.7|5.3|3.6|Present|0|354825.69
7252|1364|12-02-2023|120.3|18.0|1.4|present|0|775377.19
7253|1025|07/02/18|181.6|11.3|1.8|Leave|0|285670.06
7254|1134|07-Oct-2023|138.4|0.1|2.4|PRESENT|0|
7255|1665|27/01/23|170.4|5.1|1.4|Leave|0|176121.82
7256|1228|11/15/2024|146.7|4.5|2.1|Present||536764.66
7257|1077|04-01-2020|129.1|1.2|4.3|Present|0|859258.39
7258|1363|19/09/17|166.7|3.0|2.6|present|0|671333.45
7259|1184|06-Oct-2024|189.1|15.6|1.5|present|0|263498.77
7260|1305|14-02-2024|160.4|10.6|2.4|Leave|0|448906.75
7261|1110|2023-02-22|144.9|3.8|2.0|PRESENT|0|848954.67
7262|1411|09/21/2022|184.6|8.6|3.6|Present|3781.66|
7263|1590|11/18/2023|130.8|6.4|4.0|Leave|31912.71|456745.95
7264|1068|06/19/2020|154.7|23.3|4.8|Present|0|295654.66
7265|1778|2019-04-23|193.8||1.4|Absent|0|409092.91
7266|1358|07-09-2021|191.6|24.0|1.8|Present|47296.89|216864.5
7267|1065|06/20/2016|198.9|11.1|1.5|Present|0|476512.22
7268|1487|July 03, 2020|153.5|7.7|4.3|Leave|0|452419.66
7269|1540|22/09/24|123.6|19.8|4.5|Present||617687.92
7270|1276|25-04-2023|172.4|12.3|3.7|Present|0|548590.38
7271|1488|September 27, 2019|156.7|12.7|3.4|Remote|0|814795.3
7272|1276|03-08-2021|181.9|17.4|2.0|Present|35067.09|924346.04
7273|1490|December 08, 2023|178.0|2.5|3.4|Remote|0|587113.4
7274|1274|02-Nov-2019|151.1|17.5|4.9|Absent|0|306881.83
7275|1546|17-02-2023|194.0|20.2|2.0|Remote|0|816266.8
7276|1088|2017-01-06|130.0|3.8|4.2|Remote|0|358189.03
7277|1205|20/11/23|128.2|5.7|4.4|Present|18320.08|480559.16
7278|1849|18/09/20|-5.0|12.4|1.3|present|0|755714.31
7279|1392|23-05-2022|187.9|17.1|1.9|Absent|0|412824.46
7280|1228|23-May-2024|141.7|22.5|1.6|Remote|0|189246.53
7281|1296|05/08/22|171.0|15.0|1.3|absent |0|
7282|1099|17-02-2019|163.7|13.4|4.1|absent |23750.55|254101.8
7283|1087|April 03, 2018||17.6|4.8|Absent|0|907946.97
7284|1418|22/12/22|170.4|2.7|1.4|PRESENT|0|362015.76
7285|1841|2016-12-28|167.2|17.2|1.3|Present|20419.34|892454.7
7286|1144|2022-06-16|139.9|6.7|1.3|Absent|0|661530.65
7287|1316|06-Sep-2024|150.0|12.3|1.6|Leave|0|191713.44
7288|1404|13/06/23|159.1|13.6||Remote|0|356944.59
7289|1822|02/08/2018|133.3|6.3|1.3|Present|0|317071.59
7290|1742|July 21, 2023|134.0|6.3|3.4|Remote|48734.03|651900.64
7291|1691|13-06-2021|133.4|22.3|4.1|Leave|0|818016.88
7292|1432|2021-11-19|128.5|17.2|2.5|PRESENT|0|502758.9
7293|1523|01-10-2021|169.7|15.2|4.9|Present|0|470457.27
7294|1822|06/26/2018|-5.0|6.7|1.2|Present|0|807732.15
7295|1748|06/01/2021|145.0|14.0|3.7|Present|0|809981.23
7296|1040|12/09/22|162.0|20.6|3.2|Present|0|321131.6
7297|1259|08/09/2021|159.9|2.0|3.5|Present|0|526061.13
7298|1485|September 01, 2023|153.0|7.1|3.3|absent |0|724223.75
7299|1698|09/01/24|163.9|5.8||Present|0|749368.68
7300|1030|04/04/20|150.3|19.9|1.6|Leave|0|804429.86
7301|1786|October 10, 2023|174.0|21.7|4.7|absent |0|721023.71
7302|1300|01/05/18|-5.0|1.4|4.4|PRESENT|0|882929.02
7303|1092|09/14/2024|147.3|5.1|3.4|Present|4735.3|678452.45
7304|1077|August 07, 2023|192.9|8.4|2.2|PRESENT|0|444116.28
7305|1087|19-May-2018|187.9|9.9||Present|8835.73|886640.82
7306|1289|July 10, 2020|185.9|18.0|2.0|Present|0|242867.67
7307|1466|2018-05-17|165.9|16.8|1.3|PRESENT|0|157267.46
7308|1012|20-Aug-2019|143.6|20.2|4.2|Present|0|526393.45
7309|1698|09/11/17|184.1|6.7|2.7|Leave|0|936473.27
7310|1240|10-05-2021||8.9||present|0|456966.42
7311|1414|14-Nov-2023|182.0|23.7|1.4|Leave||252769.61
7312|1773|01/08/23|155.2|15.4|3.4|Leave|12956.43|891924.67
7313|1484|02-07-2024|171.2|14.7|3.9|Present|0|841342.36
7314|1478|07/21/2019|149.6||1.1|Present|0|829789.53
7315|1354|10/23/2023|151.6|2.0|3.2|Leave|0|586439.62
7316|1171|12/25/2021|189.5|21.7|3.6|present|0|736622.44
7317|1615|08/23/2024|163.0|11.6|2.0|absent |0|502957.22
7318|1491|21/08/19|122.8|16.3|4.4|Present|0|250629.28
7319|1343|02/23/2021|130.9||3.2|Leave|0|152280.62
7320|1463|06-Jul-2024|178.1|6.5|1.8|PRESENT|0|861967.88
7321|1202|06/09/2020|174.5|20.2|2.9|present|0|
7322|1476|06-04-2022|157.9|18.3|1.2|Leave||638456.48
7323|1389|19/07/20|160.8|20.0|1.7|Leave|0|440772.86
7324|1776|01/03/24|125.2|17.4|5.0|Remote|5934.34|524698.53
7325|1150|2021-01-24|190.9|10.7|4.8|absent |0|867864.49
7326|1097|02/19/2018|152.1|7.8|4.3|Absent|36536.16|754301.57
7327|1279|18-Apr-2022|161.8|7.0|2.1|Present|0|888360.09
7328|1730|15-10-2023|120.7|5.4|1.3|Present|47876.9|223409.25
7329|1191|07/12/2020|135.7|9.7||Present|0|415265.28
7330|1786|14/05/20|125.7|3.4|2.6|Present|36179.72|449440.24
7331|1051|2024-11-17|146.1|21.0|3.9|absent |4957.64|493051.52
7332|1215|January 27, 2017|147.2||4.3|Remote|0|250931.14
7333|1507|04-06-2022||7.3|2.1|PRESENT|0|594033.78
7334|1762|05/27/2022|130.5|1.2|3.2|Absent|45719.21|695286.26
7335|1431|10/26/2023|156.1|23.6|3.5|absent |0|595809.2
7336|1362|20-08-2021||19.4||Present|0|720628.42
7337|1077|03-11-2017|176.4|18.5|1.3|present|0|251732.51
7338|1288|May 10, 2024|134.7|13.7|2.8|Present|0|278877.74
7339|1056|08-Apr-2021|199.5|11.8|3.0|Present|11292.55|590600.1
7340|1144|24-May-2023|133.9||4.4|Present|0|260922.77
7341|1420|05-10-2020|194.8|3.1|2.3|PRESENT|29913.14|628450.92
7342|1206|March 09, 2017|120.2|||Present|38997.33|537574.19
7343|1219|04/17/2022|-5.0|7.8|1.8|absent |45316.59|223694.24
7344|1665|December 05, 2021|191.3|0.4|2.8|present|14629.08|215433.2
7345|1747|December 10, 2023|166.4|17.5|3.7|Leave|0|155015.37
7346|1074|July 07, 2018|124.8|2.0|3.0|Present|42993.29|680878.77
7347|1691|07/04/17|190.1|12.2|2.7|Leave|0|398613.48
7348|1714|January 28, 2019|129.8||4.5|present|0|428609.9
7349|1119|02/09/23|177.4|6.7|1.4|Present|0|931229.38
7350|1579|03-04-2016||11.8|4.2|Present|0|364046.81
7351|1834|04/05/2024|159.8|16.6|1.4|present|0|829673.81
7352|1153|08/12/16|168.3|13.8|4.0|Remote|0|821234.74
7353|1686|11-02-2022|158.5|21.7|3.2|Present|3454.33|947219.47
7354|1144|27-Dec-2020|192.6|18.4|3.8|Present|0|256093.09
7355|1581|03/10/2019|149.3|5.2|4.0|present|0|941852.32
7356|1021|2023-08-10|185.7|21.3|4.8|PRESENT|6080.76|352261.66
7357|1119|2024-09-08||14.0|4.1|PRESENT|0|759120.33
7358|1614|26/02/23|169.8|21.3|1.9|Present|0|555707.64
7359|1144|15-11-2024|132.5|0.6|2.0|Leave|0|807890.58
7360|1355|February 23, 2020|137.4|15.1|1.1|PRESENT|0|949171.7
7361|1081|04/02/2024|184.3|15.2|1.2|Leave|25332.29|818000.94
7362|1689|2019-01-22|197.0|8.5|3.2|present|17708.26|412222.84
7363|1159|03/14/2023|162.0|22.6|3.8|absent |15597.27|910242.97
7364|1155|September 16, 2020|176.5|5.5|1.2|Present|26610.81|207972.26
7365|1104|2023-02-03|185.8|0.6|4.1|Leave|0|450272.7
7366|1319|01/24/2023|165.5|12.8|2.3|Absent|0|592370.86
7367|1577|July 23, 2023|185.7|15.4|1.2|present|19329.32|713475.94
7368|1787|09-Nov-2023|178.3|7.3|3.3|Present|37142.39|683791.4
7369|1251|May 19, 2020|136.6|3.3|2.0|Present|0|900700.1
7370|1779|20-01-2019|148.4|21.4|2.0|PRESENT|37374.09|201332.44
7371|1450|16-11-2024||9.4|4.7|Present|0|868049.14
7372|1458|27-Feb-2022|124.9|15.2||absent |0|728833.86
7373|1236|03/25/2023|196.4|17.6|4.8|Present|0|874173.72
7374|1566|03/04/2020|174.5||4.3|Remote|0|376776.4
7375|1525|11/17/2018|140.6|17.2|4.4|Remote|0|456318.24
7376|1561|January 28, 2020|150.2|8.7|2.2|absent |0|
7377|1805|12/10/2015|155.3|16.2|4.8|Present|0|491621.27
7378|1679|March 25, 2021|134.1|10.0|2.9|Present|26566.44|764255.4
7379|1754|2021-10-03|172.5||2.8|Remote|0|948768.53
7380|1433|May 21, 2020|120.2|2.5|3.9|Remote|37750.79|549755.35
7381|1780|2024-07-18|124.0|9.4|1.0|Present|0|219191.77
7382|1824|2020-10-25|193.1|4.8|3.5|Present|0|916526.48
7383|1023|February 03, 2024|194.0|2.7|2.2|Present|0|925176.56
7384|1058|07/05/2016|187.7||2.7|Present|0|737891.22
7385|1691|September 04, 2015|128.5|8.7|3.6|Remote|10997.1|334595.89
7386|1645|27-May-2019|147.5|9.1|4.0|Present|0|802829.36
7387|1616|11-Oct-2023|160.6|2.4|3.3|Present|0|493994.57
7388|1306|09-07-2022|142.7|14.3|1.7|Remote|0|490644.05
7389|1591|08/17/2017||17.1|3.4|present|0|543068.82
7390|1122|2020-06-26|162.8|10.0|3.4|Present|0|507751.23
7391|1152|01-Mar-2022|197.3|2.9|3.1|Present|22646.48|284065.21
7392|1645|10/03/23|188.0|12.6|4.7|Absent|0|530993.02
7393|1542|08-07-2022|173.1|0.3|2.9|Remote|25789.95|733361.19
7394|1786|05/04/17|150.6|20.0|2.6|present|0|909585.3
7395|1645|14-Apr-2024|141.5|15.5|2.5|Present|0|
7396|1221|23-Mar-2017|197.6|22.8|1.5|Present|0|917791.29
7397|1155|09/02/2024|143.9|1.5|1.6|Present|0|461596.61
7398|1356|June 28, 2023|-5.0|20.7|3.7|Present|36901.82|882431.84
7399|1196|03-Jan-2022|146.4|9.4|4.8|PRESENT|0|662271.91
7400|1829|March 02, 2022|157.9|12.8|4.5|absent |0|413685.93
7401|1778|2019-01-13|163.9|0.5|3.5|absent |0|292123.57
7402|1475|05/22/2023|142.7|12.4|1.5|Absent|5638.65|413116.57
7403|1598|13/04/23|156.3|15.2|3.7|present|0|339453.21
7404|1468|August 04, 2017|165.8|1.0|1.1|Absent|0|363468.34
7405|1233|14-Nov-2018|133.0|24.2|4.0|present|6587.98|583426.91
7406|1759|04/03/2017|198.5|7.4|4.3|Leave|0|529350.47
7407|1336|10/02/2023|177.6|2.8|2.4|present|44295.95|208573.47
7408|1693|12/06/21|196.7|14.7|3.3|absent |0|880118.73
7409|1633|15-Jun-2022|162.8|14.8|1.5|Present|0|165499.29
7410|1709|24-Jul-2023||8.4|4.3|Present|0|
7411|1540|06-10-2019|166.5|9.4|3.3|Remote|0|669846.95
7412|1563|May 21, 2020|142.9|10.9|2.6|PRESENT|0|604769.58
7413|1510|22-07-2024|171.1|12.2|2.2|Present|47455.18|694856.99
7414|1671|08/07/22|167.1|1.7|3.2|Remote|0|497977.72
7415|1140|04/02/24|184.1|7.2|1.3|Remote|0|558008.33
7416|1055|15-10-2017|170.2|14.5|3.4|PRESENT|0|309462.31
7417|1846|04/10/2018|122.3|1.4|3.9|Leave|0|636982.36
7418|1251|06/19/2024|160.4|11.4|4.2|Present|0|266945.32
7419|1495|13-Aug-2021|198.4|20.4|2.9|Remote|0|
7420|1358|2019-07-01|176.2|8.7|4.5|Absent|0|869576.53
7421|1754|November 22, 2019|134.1|4.9|1.7|PRESENT|0|937438.46
7422|1229|12-Aug-2021|170.8|12.9|1.9|Remote|0|642462.22
7423|1495|2022-12-09|125.9|2.9|4.9|absent |0|859148.23
7424|1351|14/01/21|135.8|9.2|2.3|PRESENT|27091.85|795238.17
7425|1203|October 15, 2018|151.2|1.6|3.4|Remote|0|421212.21
7426|1743|05-12-2019|139.3|20.9|4.4|Present|0|187352.5
7427|1527|22-11-2022|123.6|22.3||Present|0|353865.1
7428|1354|2021-01-24|127.3|3.0|2.6|PRESENT|0|730569.46
7429|1707|03-12-2023|198.7|2.3|2.7|Present|0|226191.2
7430|1324|15-Jan-2023|144.0|16.5|4.5|PRESENT|0|755835.9
7431|1702|2024-04-25|142.2|4.6|3.6|absent |0|388742.38
7432|1760|13-Aug-2023|142.0|20.8|1.9|present|29123.52|485091.13
7433|1247|19/09/24|179.4|23.4|4.7|Present|0|439218.16
7434|1789|10/02/22|153.2|5.7|1.4|present|0|416621.25
7435|1674|05/16/2023|136.7|19.8|2.5|Present|37944.07|669025.85
7436|1647|01/10/22|191.7||4.9|Present|0|374877.15
7437|1134|March 23, 2023|197.4|19.3|1.7|Present|0|452270.96
7438|1656|09-11-2018|149.0||3.6|Present|0|
7439|1090|January 27, 2019|184.2|3.1|4.6|Remote|29109.64|266685.9
7440|1062|February 16, 2019|170.9|1.0|1.9|Absent|20656.3|379135.75
7441|1201|24/09/19|155.1||1.9|Absent|0|766381.09
7442|1366|February 08, 2024|123.9|22.7|1.9|absent |0|682307.98
7443|1507|2020-03-13|141.1|13.9||Present|0|685989.23
7444|1177|07/21/2021|186.4|14.8||present|0|509937.18
7445|1282|04/03/23|148.7||4.0|Present|0|843330.38
7446|1394|10/23/2022|165.4|15.6|3.7|Present|0|596351.34
7447|1151|02/12/19|123.8|16.1|4.1|Leave|0|445969.98
7448|1495|08/10/16|150.8|9.3|3.9|Present|0|898552.97
7449|1467|08-Apr-2024|178.8||4.6|Absent|43870.94|352297.35
7450|1389|May 27, 2024|178.7|19.2|1.1|Absent|0|433167.61
7451|1821|04/17/2018|188.9|9.7|4.7|Present|0|707681.09
7452|1776|14-08-2019|141.1|2.6|4.9|Present|0|425760.47
7453|1610|2024-07-08|161.1|21.6|1.1|Present|43709.53|677495.26
7454|1392|2017-10-17|176.7|22.1|1.9|PRESENT|0|332269.17
7455|1123|05/15/2020|164.6|8.6|3.9|Present|0|781385.95
7456|1086|06/17/2022|182.7|16.7|2.8|Present|0|599306.16
7457|1324|24/01/20|156.2|1.3|1.3|Leave|0|247601.23
7458|1773|27/06/18|126.9|11.4|4.0|present|0|714769.64
7459|1729|17-Nov-2017|126.6|22.9|2.8|Leave|0|676404.21
7460|1759|16-Feb-2019|150.0|10.5|4.2|absent |0|660716.88
7461|1371|03-Oct-2017|158.4|0.3|4.7|Present|44373.54|843815.21
7462|1032|2024-01-16|124.7|5.1|4.4|Present|0|241005.53
7463|1619|13/01/21||9.9|1.8|Absent|26778.02|598880.54
7464|1692|03/03/2018|122.1|23.8|2.2|Present|0|514807.71
7465|1690|July 11, 2020|189.8|14.4|1.1|Leave|0|273671.08
7466|1510|2024-12-06|139.2|17.3|4.3|PRESENT|9544.95|210659.11
7467|1679|20/10/21|147.5|15.1|1.9|Leave|0|681522.36
7468|1623|27-06-2016|170.1|5.9|3.6|Present|11244.19|321757.36
7469|1461|01/03/2023|166.2|7.2|1.9|Present|12585.37|258739.42
7470|1141|21-05-2018|146.0|13.1|4.9|Leave|15542.03|670998.06
7471|1694|January 05, 2020|123.1|6.3|4.9|present|0|275755.68
7472|1355|12-06-2019|133.2|6.8|2.3|Present|0|801105.11
7473|1104|15-Feb-2022|192.4|18.8|4.6|Remote|0|476068.33
7474|1347|12-07-2020|146.3|9.7|1.5|Present|0|487231.0
7475|1647|18-11-2017|190.0|21.1|2.5|absent |13747.21|873112.2
7476|1826|08-08-2024|134.7|0.5||PRESENT|0|373133.52
7477|1123|28-Sep-2020|192.6|23.5|2.2|Remote|0|355339.36
7478|1099|2021-02-02|134.5||3.2|Remote|33866.59|535564.49
7479|1739|2020-04-09|171.8|5.5|3.7|PRESENT|5736.48|150746.15
7480|1785|07/02/18||10.3|1.3|Present|5509.19|700957.74
7481|1108|August 26, 2018|168.4|20.0|1.8|Present|26457.04|495743.6
7482|1127|20-10-2018|141.9|13.8|2.1|Present|48293.78|637246.05
7483|1312|01/11/2021|186.9|1.7|3.0|present|0|449949.23
7484|1458|21-09-2023|189.6|9.3|2.1|Present|28123.66|628823.58
7485|1672|24/11/20|145.2|7.9|1.8|absent |2142.53|888785.15
7486|1095|2022-03-07|192.1|4.9|1.6|Remote|0|457425.5
7487|1841|01/03/2020|178.9|5.6|4.3|Absent|0|935349.28
7488|1476|15-Mar-2017|133.6|5.5||Present|0|214958.73
7489|1558|04-Oct-2022|125.2|15.5|2.4|Present|0|463170.15
7490|1661|17/12/23|135.8|10.0|4.3|Present|0|538764.35
7491|1350|2017-10-04|164.1|14.1|1.8|present|26023.76|577830.41
7492|1693|August 08, 2021|146.7|8.9|4.3|absent |21239.45|354939.71
7493|1099|September 17, 2019|148.5|1.6|1.3|Present|29711.06|
7494|1465|27/10/23|171.3|17.7|4.7|Leave|0|453891.08
7495|1171|November 01, 2019|178.6|19.1|3.9|Present|0|874115.01
7496|1484|10/06/2024|128.2||1.2|Absent|7054.23|496325.21
7497|1807|03-Oct-2019|163.4|16.5|2.4|Absent|0|183133.24
7498|1420|2018-05-08|173.9|10.5|4.7|Present|0|206883.98
7499|1174|21-04-2024||2.1|1.6|absent |44183.12|815141.21
7500|1582|12-03-2024||19.9|1.6|present|0|368471.74
7501|1356|05-12-2023|134.2|22.3|4.9|Remote|0|340998.78
7502|1166|May 03, 2019|148.4|20.1|3.7|Present|0|348086.92
7503|1552|August 22, 2024|159.4|0.5|3.2|Absent|0|293371.04
7504|1538|2023-08-08|197.4|10.0|2.7|Present|1910.03|240535.56
7505|1310|06-Mar-2024|175.6|21.5|2.5|Present|0|224679.57
7506|1708|23-Jul-2022|190.5|11.7|2.3|PRESENT|0|350431.52
7507|1288|2023-12-14|144.7|17.1|3.6|Present|32866.55|248428.68
7508|1666|2023-08-27|170.5|4.4|4.0|PRESENT|0|909618.83
7509|1362|02/09/2024|182.6|20.3|4.2|absent |20834.57|552744.57
7510|1085|05/06/18|143.4|8.9|4.7|Absent|26055.82|265584.83
7511|1428|02/05/2019|153.6|24.4|4.8|present|0|816325.57
7512|1188|2017-11-01|146.3|24.3|1.3|Present|0|666346.11
7513|1215|16-10-2019|133.7|4.9|4.7|Present|0|521903.19
7514|1347|03-Jun-2022|177.0|9.0|1.9|Present|0|
7515|1373|August 08, 2021|162.8|18.3|2.2|Present|0|366866.42
7516|1714|18-11-2024|142.9||2.3|Remote|24099.94|624815.77
7517|1136|28-02-2019|161.1|14.2|3.0|present|0|172686.58
7518|1362|20-01-2021|175.6|7.8|4.0|present|0|825800.79
7519|1777|2024-09-12|135.3|21.1|4.6|Present|0|243691.25
7520|1219|05/02/23|138.6|2.7|4.9|Present|37638.27|172429.96
7521|1316|02/18/2024|120.4|17.5|3.6|absent |31952.58|491887.31
7522|1773|February 09, 2024|166.8|3.6|2.3|present|0|615015.28
7523|1367|05/26/2022|160.2|20.7|4.8|PRESENT|0|213638.55
7524|1042|July 21, 2024|140.5|7.1|3.0|Present|44947.28|796796.74
7525|1340|October 25, 2022|195.8|16.7|1.6|Absent|0|179795.72
7526|1740|11-12-2024|120.4|14.8|2.2|Present|0|627880.45
7527|1557|17/07/23|163.8|0.4|1.5|PRESENT|0|282353.97
7528|1251|12-Dec-2019|138.4|15.7|2.9|Present|0|538322.98
7529|1783|25-Dec-2023|140.7|21.9|2.7|Present|0|154120.67
7530|1691|26-Mar-2021|145.0|3.7|1.5|Present|0|821167.66
7531|1453|2024-06-12|127.9|9.9|3.2|Remote|2622.99|595837.51
7532|1809|08-Dec-2023|125.8|8.3||PRESENT|0|486893.77
7533|1421|October 10, 2017|172.0|24.0|4.2|Leave|29069.06|542141.5
7534|1097|06/06/17|191.8|7.1|3.4|Present|0|189554.38
7535|1166|June 21, 2018|132.6|12.0|2.8|Leave|49026.34|382979.77
7536|1308|12/12/2023|143.0|9.1|3.4|present|0|912529.25
7537|1048|22-Jun-2020|146.7|8.3|1.2|present|0|602901.34
7538|1669|19-08-2023|166.2|12.2|2.3|Present||332301.64
7539|1604|August 24, 2020|121.1|24.4|1.6|Present|14484.36|569786.8
7540|1570|11/26/2022|146.9|0.5|3.4|absent |0|323979.74
7541|1535|December 18, 2023|150.5|0.2|4.2|Absent|48857.44|549419.56
7542|1848|11/17/2023|137.7|15.6|2.2|Present|0|478965.24
7543|1001|05/25/2018|132.4|3.6|4.9|Present|0|539808.62
7544|1165|09-Mar-2020|145.3|23.6|3.9|Present|0|689537.95
7545|1282|01-05-2021|153.2|0.8|5.0|Present|0|891902.57
7546|1849|14-Jul-2020|177.1|13.7|4.5|Absent|0|
7547|1823|2016-10-26|121.9|19.9|2.4|Remote|0|918565.78
7548|1807|21/06/18|129.4||4.5|Remote|0|894515.0
7549|1787|17-08-2019|192.6|21.5|3.8|Remote|17423.3|576088.72
7550|1289|11-10-2020|166.4|3.8|2.7|PRESENT|0|506316.94
7551|1815|17/09/17|182.8|5.1|2.1|Present|0|552408.11
7552|1555|25-02-2021|192.1|6.4|4.2|Present|0|545767.51
7553|1298|23/06/23|198.2|10.8|2.1|Remote|0|313811.96
7554|1085|09-07-2019|125.1|3.9|4.1|Present|0|787725.7
7555|1822|2023-04-21|184.2|5.6|3.5|Present|0|503207.93
7556|1567|04-Jan-2023|141.2|8.3|1.5|Present|0|841502.1
7557|1025|2016-07-11|199.0|16.0|3.8|Present|0|555977.69
7558|1298|06-07-2019|169.1|18.7|4.2|PRESENT|0|743918.67
7559|1329|2023-09-27|146.2|22.0|3.1|absent |0|535252.18
7560|1493|02/08/2024|143.9|10.0|4.5|Present|0|749983.32
7561|1750|2024-09-13|149.0|17.3||Present|15383.33|473584.65
7562|1298|17-Feb-2019|134.2|11.2|1.4|Remote|0|878452.12
7563|1461|August 10, 2023|148.5|4.1|2.2|Present|0|342209.52
7564|1053|03/02/2022|193.8|12.1|2.9|PRESENT|0|195431.92
7565|1416|14-Jul-2020|136.6|13.7|3.0|Leave|26233.08|901800.0
7566|1356|2024-01-02|-5.0|12.6||PRESENT|0|860217.49
7567|1168|06/11/2024|126.0|14.4|1.5|present|0|807108.46
7568|1639|15-Sep-2017|133.6||1.7|Present||428955.71
7569|1427|08-Feb-2024|177.5|24.7|2.7|Leave|11208.89|728402.13
7570|1222|October 22, 2023|157.2|23.2|3.3|Present|0|813337.33
7571|1290|07/08/2023|123.3|21.6|3.8|absent |0|341074.4
7572|1141|12-07-2020|152.8||1.8|absent |0|335842.48
7573|1513|04/21/2018|188.4|20.8|2.8|Present|0|788762.6
7574|1174|March 10, 2020|140.1|15.7|4.6|absent |0|552201.33
7575|1465|13/03/24|-5.0|5.6|3.9|Present|0|449134.32
7576|1090|22-03-2024|143.6|14.4|3.1|Present|0|445469.38
7577|1806|28-Oct-2021|157.7|24.8|2.2|PRESENT|0|677777.31
7578|1457|24/05/19|151.2|5.7|4.6|present|0|452413.59
7579|1350|21/01/22|186.4|0.2|1.6|PRESENT|0|598636.87
7580|1527|22-Sep-2018|183.1|4.8|4.4|present|0|416613.17
7581|1758|03/24/2024|161.1||4.7|Absent|0|484107.71
7582|1653|January 26, 2022|139.8|11.4|2.2|Present|0|882325.76
7583|1077|17-Dec-2024|127.4|24.5|2.9|Present|0|921370.99
7584|1737|25/06/19|167.1|0.8|2.1|absent |0|291971.57
7585|1551|12/10/2019|174.7|22.6|1.1|absent |0|173569.12
7586|1100|09-04-2021|129.6|0.2|3.5|PRESENT|10434.27|856702.08
7587|1035|07/22/2019|162.8|11.7|3.3|Present|0|911156.98
7588|1058|2020-02-12|164.9|24.7|1.9|Leave|0|883692.16
7589|1373|11/06/2019|185.1|24.6|2.4|Present||160703.59
7590|1659|July 05, 2020||9.1|3.7|Present|0|490815.15
7591|1049|October 10, 2018|170.8|21.4|3.1|PRESENT|7678.74|464080.88
7592|1429|2022-09-21|177.7|4.2|3.1|PRESENT|2476.46|735357.7
7593|1429|10-Feb-2016|143.8|13.4|1.7|Present|0|185770.81
7594|1826|12/02/2020|171.8|4.8|2.8|PRESENT|0|929856.72
7595|1205|10/07/21|156.3||3.6|present|0|864792.34
7596|1578|07/07/2015|160.5|7.3|1.3|absent |0|
7597|1398|03/11/2021|-5.0|20.6|1.4|Leave|36.68|337911.31
7598|1055|08/18/2020||8.0|4.8|Absent|0|202004.55
7599|1380|15/08/24|161.1|9.0|1.1|PRESENT|0|791754.51
7600|1131|18-09-2018|197.1|1.7|3.9|present|0|753367.31
7601|1060|September 23, 2020|157.9|1.1|3.5|absent |0|775514.34
7602|1692|07/02/2018|128.4|23.4|4.4|Present|0|400143.11
7603|1693|2020-05-16|157.6|17.8|4.2|Absent|0|878182.59
7604|1777|26-Jan-2021|146.1|6.1|1.3|Remote|0|664321.12
7605|1315|10/05/23|165.8|13.6|4.6|Present|0|211650.86
7606|1832|21-Feb-2019|168.6|11.7|1.9|Present|0|159311.84
7607|1591|2015-06-04|197.5|8.0|4.7|Absent|0|680688.17
7608|1759|01/06/2021|128.4|19.4|3.2|Leave|2947.98|724780.62
7609|1270|2024-07-03|127.5|12.4|3.0|Leave|1498.52|791759.25
7610|1494|September 17, 2024|189.3|16.6|4.2|Remote|0|291114.52
7611|1371|2024-05-16|125.9|5.1|2.7|Leave|0|673925.03
7612|1359|10/12/24|155.5|19.6|2.0|Absent|30561.44|422459.36
7613|1576|08/10/20|152.3|2.2|1.5|Present||635654.12
7614|1500|28/01/19|120.9|13.8|1.4|Present|0|571345.92
7615|1177|2019-09-07|159.5|6.6|1.4|Absent|0|921137.52
7616|1555|09-Jul-2019|125.9|4.2||Remote|0|798460.45
7617|1490|November 12, 2015|137.1|2.4|3.5|Present|0|837375.62
7618|1203|22-Nov-2020|166.2|9.9|3.5|absent |0|240075.72
7619|1620|05/25/2024|130.0|24.4|1.4|Remote|0|573315.34
7620|1211|08-05-2022|175.0|16.3|3.7|Present|0|785736.26
7621|1213|03/08/2022|139.7||4.2|absent |0|604553.78
7622|1744|2021-04-02|133.8|10.7|3.2|Present|0|687366.32
7623|1235|2021-05-16|133.6|3.3|2.6|PRESENT|12642.38|268591.1
7624|1350|2019-10-17|123.3|21.0|1.8|Leave|0|798533.26
7625|1406|23/10/24|185.8|21.2|2.4|Present|0|153889.88
7626|1294|23-Jan-2016|179.4|22.4|2.4|present|0|286647.91
7627|1234|June 25, 2023|141.7|8.5|3.9|present|0|901233.17
7628|1263|15/04/22|154.5|3.3|4.0|present|1438.99|618777.09
7629|1494|08-Jan-2021|165.2|12.9|4.0|Present|0|602168.14
7630|1448|November 03, 2022|178.7|13.3|3.5|Remote|0|666266.47
7631|1409|01/12/19|158.7|23.8|3.9|Present|0|290569.18
7632|1264|2023-10-03|192.9|16.8|5.0|Absent|0|224703.3
7633|1141|24-Nov-2016|127.6|20.8||Present|0|466887.27
7634|1800|06/02/2020|138.3|18.3|3.2|Remote|3740.44|851900.72
7635|1176|2021-10-14||9.4||Absent|0|225142.93
7636|1501|07/18/2024|173.5|15.9|2.0|PRESENT|25987.07|936353.05
7637|1727|15-Aug-2023|134.7|20.1|2.7|Present|0|487877.09
7638|1322|October 20, 2024|151.8|4.8|3.3|Present|21197.01|663375.65
7639|1260|28-May-2020|120.5|16.4|4.0|absent |0|402647.98
7640|1698|2022-08-15|165.7|20.8|2.7|Leave|0|247642.21
7641|1376|February 26, 2022|176.2|23.2|4.8|present|0|475312.92
7642|1693|September 06, 2017|178.1|0.9|1.3|Present|43331.4|281377.9
7643|1215|04-Oct-2020|131.7|7.0|3.2|Present|0|800331.13
7644|1007|28-07-2017|192.1|12.0|4.8|Present|0|735461.44
7645|1482|December 10, 2018|-5.0|24.4|3.1|Leave|0|470801.18
7646|1232|04/01/2021|176.1|14.3|3.6|Present|0|316912.74
7647|1477|12/20/2018|132.5|13.9|2.3|Remote|0|
7648|1232|14-04-2019|128.1|11.8|1.8|PRESENT|0|853483.22
7649|1671|12/24/2024|187.1|3.2|4.7|Leave|0|818424.05
7650|1429|August 11, 2022|139.2|8.2|4.3|Present|0|674739.95
7651|1360|21-May-2019|124.8|8.0|2.3|present|0|
7652|1048|2022-11-08|149.5|16.7|4.0|Remote|42833.38|279906.66
7653|1162|09-11-2023|137.4|3.8|2.2|Absent|47827.59|377314.28
7654|1417|08/10/2023|190.4|3.5|1.8|Present|40249.43|412789.49
7655|1410|March 10, 2023|176.8|2.0|3.7|present|0|467118.62
7656|1025|2016-11-02|179.6|13.9|1.4|present|4919.8|877933.03
7657|1798|2024-08-20|129.3|1.5|3.9|Absent|0|238032.81
7658|1786|10/08/21|130.7|15.4||Present|0|865098.18
7659|1155|October 27, 2022|148.1|2.9|1.3|Present|0|751182.68
7660|1014|12/11/23|190.0|17.1|4.7|Present|0|759310.55
7661|1022|2023-05-21|140.8|2.4|3.8|Remote|0|838701.51
7662|1162|May 23, 2017|184.6|10.6|1.1|present|0|796638.74
7663|1353|28-Oct-2018|159.0|13.8|1.7|Absent|0|689443.34
7664|1592|08/09/19|150.3|3.8|2.0|absent |0|267282.48
7665|1023|14/04/22|146.1|25.0|1.3|Present|0|447530.5
7666|1312|15-Aug-2022|158.3|24.5|1.9|Present|11233.71|801702.72
7667|1357|2023-09-19|-5.0|20.8|2.2|Present|0|474570.16
7668|1822|March 04, 2019|160.2|8.7|1.9|PRESENT|36408.89|842984.89
7669|1526|04/09/20|161.1|7.1|3.2|absent ||247504.5
7670|1147|2024-11-25||19.7|3.4|Present|0|842258.56
7671|1043|07/16/2019|138.7||3.6|Leave|24168.54|330610.66
7672|1329|28/04/23|170.9|15.1|1.2|Remote|34720.7|516187.1
7673|1319|02/12/21|182.8|14.3|2.3|Remote|14939.99|487674.94
7674|1608|2017-12-15|139.9|5.9|4.6|Absent|0|
7675|1116|22/06/23|129.6|9.2|2.8|Present|0|859100.53
7676|1014|13-12-2024||5.0|2.6|Present|10313.3|699713.56
7677|1326|13/12/21|125.4||4.7|Present|0|859599.92
7678|1279|December 14, 2023|155.4|22.2|2.5|PRESENT|26970.9|667200.71
7679|1747|12-03-2023|189.2|15.9|2.3|Present|12418.13|926446.65
7680|1222|2019-09-17|142.9|13.5|4.1|present|16222.99|805083.61
7681|1374|21/07/23|199.8|22.8|3.9|Present|0|665905.53
7682|1710|06/21/2023|165.2|22.4|2.4|Present|0|445115.58
7683|1693|20-10-2023|170.2|19.3|1.5|Present|0|215444.35
7684|1103|November 21, 2023|189.1|21.4|2.4|Present|0|199018.0
7685|1364|2023-11-26|184.6|19.2|1.7|Present|0|888225.93
7686|1758|23/04/21|158.7|20.6|4.2|present|0|352756.02
7687|1443|March 07, 2022|143.5|10.6|1.5|Present|0|847567.33
7688|1446|02/15/2024|178.1|0.2|2.9|Leave|0|199765.36
7689|1722|04-Jan-2024|163.1|8.2|3.9|Remote|0|803883.0
7690|1334|05/02/24|172.9||3.1|Present|0|178125.86
7691|1478|17/12/15|195.7|18.3|1.1|Remote|0|728298.68
7692|1532|2017-09-06|161.8|12.8|4.7|Remote|10188.99|433621.6
7693|1604|16-Jul-2022|123.5|8.3|3.4|Present|49722.75|466278.98
7694|1779|10-Oct-2018|152.3|7.2|3.2|Present|21606.51|291489.93
7695|1400|03/27/2023|167.2||3.5|Absent|41950.95|650978.27
7696|1344|09/27/2021|138.0|1.9|3.1|Leave|0|461105.92
7697|1276|04/21/2017|174.1|4.0|3.6|absent |0|386447.82
7698|1525|01/10/2024||8.3|3.4|Leave|5686.95|625266.93
7699|1489|09/02/2024|144.3|6.7|3.3|Leave|0|772376.55
7700|1303|June 01, 2019|188.1|13.5|3.3|Present|0|849614.21
7701|1118|10/08/22|124.1|17.5|2.8|Present|0|265885.84
7702|1038|2020-02-17|120.7|17.3|1.8|present|4178.16|385116.03
7703|1440|15-03-2018|143.7|2.9|2.1|Present|0|740985.59
7704|1564|May 01, 2021|137.8|23.8|2.1|Leave|0|711198.67
7705|1639|22/02/21|160.9|12.2|3.3|Remote|0|553438.16
7706|1407|22/05/23|181.5|17.9|3.6|Present|21540.5|340660.21
7707|1353|2020-07-01|138.6|0.7|2.0|Absent|0|424308.25
7708|1581|November 08, 2024|-5.0|0.4|1.1|Absent|0|786227.18
7709|1202|13-Dec-2016||14.3|3.0|PRESENT|0|663439.22
7710|1545|March 25, 2021|186.1|0.3|4.9|absent |46282.54|775847.59
7711|1432|01/16/2023|155.4|19.8|4.8|Absent|0|885052.01
7712|1063|10-04-2023|158.9|8.9|2.8|Leave|0|429665.52
7713|1350|05-Dec-2020|158.8|10.3|3.1|Present|39027.64|399263.04
7714|1035|September 23, 2019|130.1|6.5|3.9|absent |0|317633.03
7715|1810|05/04/22|176.5||4.9|present|37612.46|515239.3
7716|1417|2022-05-02|121.7|7.6|1.9|Remote|0|385353.49
7717|1286|27-05-2022|140.9|6.6|4.4|Present|27684.87|400121.29
7718|1724|February 24, 2022|135.0|8.7|2.0|Present|0|172428.85
7719|1507|09-Dec-2021|172.9|24.2||absent |0|221204.2
7720|1807|February 09, 2020|122.3|10.7||Present|0|385624.25
7721|1781|11-Feb-2022|159.0|23.2|1.6|present|0|643065.76
7722|1766|04-Nov-2020|160.3||4.5|Present|0|219357.12
7723|1440|07/26/2021||21.8|4.2|Present|0|
7724|1047|22-05-2023|151.3|20.2|1.4|PRESENT|0|433879.88
7725|1579|12/07/20|144.2|16.0|1.5|Present|11071.19|612756.39
7726|1651|December 05, 2024|124.8|9.4||Present|0|327745.07
7727|1413|11-Jul-2022|191.8|12.8|4.4|Present|0|356994.22
7728|1632|09/13/2018|190.1|22.2|3.8|Remote|23258.96|283510.64
7729|1646|26/12/23|187.6|8.5|2.6|PRESENT|0|754531.47
7730|1716|25-12-2024|153.7|15.3|3.4|Leave|20602.42|500085.48
7731|1014|21/05/16|192.7|12.6|3.7|Leave|0|343587.23
7732|1054|2024-03-20|136.4|7.0|3.6|Remote|0|228972.02
7733|1591|10-06-2019|132.1|10.8|4.7|present|0|890549.98
7734|1396|2024-03-08|120.9|19.3|4.4|Present|46673.43|686622.58
7735|1245|06/05/2022|159.7|0.1|4.0|PRESENT|0|704707.41
7736|1354|15-May-2023|156.4|22.1|1.0|Leave|0|571548.0
7737|1567|2017-09-15|182.0|9.9|3.3|Absent|0|750165.76
7738|1470|02/01/23|140.7|20.1|2.7|PRESENT|30693.46|395065.97
7739|1012|2023-10-09|162.0|10.7|2.4|Present|0|504586.57
7740|1720|2022-07-21||19.7|1.7|Remote|0|780994.86
7741|1358|September 21, 2018|175.1|15.3|4.0|Present|0|898766.66
7742|1141|20-Feb-2023||2.4|3.0|Present|0|552683.49
7743|1234|23-Aug-2022|161.2|8.4|2.2|Leave|0|350042.46
7744|1371|March 22, 2018|175.5|16.8|1.6|Present|0|797103.41
7745|1061|September 03, 2017|132.8|5.5|4.9|Present|0|775221.31
7746|1799|2021-08-14|156.1||4.9|Present|0|
7747|1830|November 03, 2019|164.0|7.9|4.9|Present|0|480525.39
7748|1168|03-Jul-2022|171.7|12.0|3.3|Leave|22715.32|822230.0
7749|1407|08-12-2021|150.1|4.9|2.2|Present||383206.85
7750|1043|10/07/23|177.6|4.0|2.3|Remote|35664.48|620126.31
7751|1309|18/11/22|179.8|16.4|3.5|Present|0|353906.87
7752|1719|16-09-2022|128.8|21.3|2.7|PRESENT|0|776059.22
7753|1426|2017-11-21|131.8|4.2|1.8|Present|0|238175.18
7754|1440|09/04/19|125.2|2.2|3.4|Leave|0|626158.82
7755|1667|2023-09-26|144.4|5.9|1.4|Present|0|202507.23
7756|1526|November 24, 2020|133.6|7.9|4.8|Present|0|515733.76
7757|1456|2023-11-01|196.1|1.4||Remote|41016.12|277782.08
7758|1478|09/06/2019|120.8|6.3|4.2|PRESENT|0|622790.19
7759|1631|09-Apr-2020|177.8|12.4|2.5|Absent|0|206584.72
7760|1500|15/05/19|127.4|19.4|3.5|Present|0|387577.31
7761|1533|2017-10-21|189.6|9.4|2.0|present|0|578839.31
7762|1759|16-03-2018|171.1|1.6||Present|31818.94|229641.37
7763|1224|25-May-2017|142.6|21.9|4.7|Leave|0|286474.99
7764|1125|03/01/2017|182.1|11.4|3.3|Present|25204.01|893759.1
7765|1577|June 13, 2022|121.1|24.3|3.2|present|0|
7766|1482|2020-05-15|139.5|9.4|2.8|present|0|621745.54
7767|1823|06/15/2016|199.0|14.9||Present|0|244660.6
7768|1157|21-06-2018|198.3|23.5|2.1|Absent|14361.95|602361.18
7769|1706|22/11/22|125.4|23.4|1.9|Present|0|719353.65
7770|1377|19-11-2016|164.5|24.6|2.7|PRESENT|14696.98|882978.64
7771|1230|02/04/2020|152.6|24.9|3.9|Remote|3394.1|585004.83
7772|1391|01-09-2023|141.6|0.0|2.9|Leave|0|365123.11
7773|1089|2017-01-21|187.6|4.2|1.5|PRESENT||202791.82
7774|1592|2020-11-11|147.9|24.0||Present|0|628810.16
7775|1498|02/21/2020|155.4|23.7|3.1|present|0|578340.34
7776|1318|2021-08-09|134.1|16.4|2.0|Remote|41918.03|581749.97
7777|1340|14-Mar-2023|150.3|14.2|2.9|PRESENT|17757.2|850443.55
7778|1345|2023-09-13|130.1|9.8|3.8|Present|2869.48|681007.89
7779|1699|October 26, 2024|186.3|23.3|2.7|Leave|30596.82|832237.61
7780|1034|09/06/23|122.7|8.9|4.8|Leave|0|782783.4
7781|1694|27-Dec-2019|175.4|21.4|4.5|Present|0|897031.66
7782|1106|02-01-2024|185.8|17.4|1.7|Present|1270.83|663958.74
7783|1414|09/02/22|190.2|14.3|4.7|Present|0|357963.12
7784|1345|July 13, 2021|178.3|19.0||Present|0|160415.47
7785|1744|07/15/2019|193.5|9.0|2.4|Leave|0|739924.24
7786|1038|2021-07-03|166.3|17.5|2.1|Present|9328.29|545535.53
7787|1533|07/21/2024|152.3|1.7|4.2|Present|0|866541.57
7788|1504|04/01/24|199.3|16.3||Present|42889.73|628443.21
7789|1237|May 26, 2022|169.4|21.4|2.2|Present|0|816678.45
7790|1201|2023-02-04|178.2|4.1|3.9|Present|24176.56|543911.26
7791|1630|12/05/23|199.7|23.0|2.2|present|4805.03|467895.44
7792|1062|08/23/2024|192.3|16.8|1.9|Leave|0|418679.32
7793|1807|2020-09-03|133.8|6.2|1.9|present|48247.25|354222.99
7794|1089|12/26/2016|198.0|5.1|2.1|Present|0|732870.1
7795|1531|September 09, 2020|189.3|6.9|3.9|Present|23196.45|529039.16
7796|1029|14-Mar-2022|137.1|2.5|3.4|Leave|37142.47|332367.94
7797|1316|August 25, 2024|199.5|14.6|1.3|Remote|0|728095.36
7798|1157|19/01/21|163.4|16.9|1.4|Leave|0|475264.61
7799|1410|10/21/2023|127.6|4.3|4.1|absent |0|836127.29
7800|1799|12-Jul-2021|127.8|20.0|4.9|Absent|0|462572.42
7801|1828|2021-04-23|173.9|3.2|2.3|Leave|0|584564.61
7802|1486|10/08/2022|167.1|2.5|2.0|Present|2036.93|363690.93
7803|1635|December 06, 2018|183.3|20.5|4.2|Present|0|903346.28
7804|1371|07-01-2020|181.3|21.3|1.3|Leave|0|280139.53
7805|1721|2016-12-08||5.1|2.7|Present|26871.48|280663.25
7806|1660|17-May-2017|195.7|9.4|1.9|present|0|417583.14
7807|1054|05-Apr-2024|133.6|17.5|2.0|PRESENT|22024.81|
7808|1508|26-10-2017|181.7|12.5|3.4|Leave|0|152767.29
7809|1773|11/17/2024|190.3|7.6|1.6|Present|0|
7810|1617|03/03/24|136.5|16.8|4.6|PRESENT|31788.57|243521.84
7811|1009|01-Oct-2023|164.6|6.7|2.4|PRESENT|0|610570.63
7812|1325|13/08/17|122.5|15.5|3.0|Leave|37343.32|671311.66
7813|1157|26-Mar-2024|174.8|3.1||PRESENT|0|909935.94
7814|1683|08-Jan-2020|197.8||1.4|PRESENT|0|159707.59
7815|1671|2022-04-28|133.0|25.0||Present|11501.1|745861.74
7816|1166|June 12, 2024|189.6|21.2|2.2|Present|0|326220.32
7817|1699|04-Dec-2019|199.3|5.5|4.9|present|8170.51|
7818|1256|2022-01-02|130.3|1.0|3.0|Present|0|851953.76
7819|1252|March 03, 2024|174.0|5.2|3.4|Present|47219.24|644263.39
7820|1311|May 11, 2023|181.1|17.9|4.2|PRESENT|0|573988.77
7821|1786|July 02, 2018|148.4|12.4|4.3|absent |34595.8|690504.21
7822|1520|13/05/21|190.1|0.9|3.4|present|0|549240.35
7823|1456|17-Feb-2023||16.6|4.4|Present|0|643097.77
7824|1373|2020-01-14|132.6|15.0|1.8|Present|0|885748.79
7825|1127|June 10, 2020|175.7|21.0|1.5|absent |0|808444.64
7826|1566|2022-07-24|178.5|9.6|1.4|Present|5858.06|809806.87
7827|1613|09/09/21|183.9|6.2|1.7|Present|742.18|309512.61
7828|1128|07-Jan-2018|162.5||3.1|Present|0|161938.77
7829|1410|26-Sep-2017|188.0|0.6|4.7|Leave|0|372447.15
7830|1374|23-06-2023|159.4|12.4|3.0|Present|0|181167.24
7831|1570|December 25, 2023|198.6|11.9|4.5|absent |31209.43|929482.23
7832|1400|21-02-2023|161.1|22.3|4.4|Present|0|691656.61
7833|1599|02-01-2022|145.0|23.9|3.2|absent |0|245257.93
7834|1015|12/07/16|133.8|10.3|3.0|absent |0|682000.44
7835|1207|10-Dec-2021|167.4||2.2|Present|0|789582.66
7836|1636|05/06/22|-5.0|21.7|1.2|absent |0|244909.55
7837|1433|06-Dec-2022|185.0|7.1|3.4|present|3690.1|614063.22
7838|1231|17-06-2024|148.0|12.2|4.2|Remote|0|190719.18
7839|1777|04-08-2023|187.3|7.2|4.3|Absent|0|478050.52
7840|1251|November 20, 2021|161.7|16.4|4.9|Remote|29082.55|296447.97
7841|1077|2016-07-28|192.1|0.7|1.3|Remote|0|949446.18
7842|1559|05/01/21|170.8||2.6|absent |0|380409.01
7843|1058|19/09/21|154.5|7.5||Present|0|602832.09
7844|1621|19-06-2019||9.7|4.7|PRESENT|43108.74|168624.5
7845|1639|25-09-2019|190.0|22.0|3.2|Leave|0|213390.04
7846|1324|2018-08-25|181.9|2.1|1.1|Present|1536.81|760155.18
7847|1541|10/02/24|198.7|10.9|2.7|PRESENT|0|711809.7
7848|1259|2022-08-21|163.1|16.2|1.1|Present|0|847936.78
7849|1744|August 21, 2023|122.5|0.4|1.1|Present|0|574523.37
7850|1109|24-Jul-2022|190.2|12.0|4.0|Remote|0|641715.24
7851|1845|13-06-2022|195.8|10.8|1.7|Absent|0|352743.23
7852|1507|26-01-2023|137.4|2.4|3.8|Present|0|806055.23
7853|1162|03-Apr-2018|149.9|22.4|1.1|Present|35177.99|754204.62
7854|1212|April 12, 2022|142.6|15.9|1.1|Absent|43341.59|486441.92
7855|1429|12/07/2020|175.2|3.1|2.0|Remote|0|494266.25
7856|1639|02/24/2024|131.0|15.6|4.5|Present|0|802734.12
7857|1441|November 27, 2021|140.8|9.6||Remote|14057.9|561112.36
7858|1277|August 17, 2024|191.9|22.0|2.3|Present|0|276068.19
7859|1660|03-Jul-2019|171.2|24.0|2.8|absent |0|292369.36
7860|1114|06-Sep-2018||10.6|3.2|Present|17724.0|794670.09
7861|1815|2018-06-12|176.8|23.7|2.4|Present|20866.44|385047.47
7862|1142|04-09-2021|172.0|24.2||Present|26921.94|875004.9
7863|1694|23-Oct-2017|198.3|9.8|3.5|Present|20030.83|411774.29
7864|1407|20-07-2024|132.0|2.7|2.1|Absent|0|481720.4
7865|1698|28/02/21|145.7|13.9||absent |28394.3|528608.35
7866|1384|2020-12-24|161.6|14.0|2.4|Leave|401.46|643514.07
7867|1024|27-Jun-2024|174.5|17.2||Absent|0|689225.89
7868|1477|27-Nov-2017|190.4|4.8|2.2|Present|46722.79|503554.32
7869|1098|2024-06-23|123.4|22.9|2.1|Present|0|723072.8
7870|1404|24-Nov-2019|130.7|8.2|2.6|Present|0|850022.32
7871|1827|27/03/22|150.2|17.7|4.5|Present|37085.44|409374.37
7872|1544|15-07-2023|147.5|3.8|1.3|Present|0|932749.42
7873|1112|05/22/2024|159.5|21.6|4.4|Absent|0|273219.11
7874|1287|10-Oct-2019|123.3|10.9|2.2|Present|12502.64|666320.84
7875|1517|23-08-2024|159.6|20.8|3.5|PRESENT|0|858158.89
7876|1808|2023-04-12|143.2|3.2|3.1|Present|0|531128.92
7877|1310|02/14/2020|199.7||3.0|Leave|0|183566.43
7878|1176|07/04/2022|121.3|9.9|4.0|absent |5202.35|870928.05
7879|1383|2018-05-26|192.7|21.4|1.7|absent |0|634538.43
7880|1287|09/16/2019|140.0|17.9|3.4|Leave|0|533931.42
7881|1445|07/07/2021|143.0|17.4|1.1|absent |0|658154.58
7882|1526|2020-02-01|184.7|12.0|1.6|PRESENT|0|175801.08
7883|1091|06/27/2021|176.7||3.4|Leave|17068.26|359613.82
7884|1434|2022-06-09|129.7||4.2|Leave|0|505849.92
7885|1658|2023-04-23|196.3|23.8|2.6|Remote|0|621863.05
7886|1776|20/01/23|158.1|16.3|3.8|Leave|28411.15|280060.04
7887|1375|09/01/2024|164.0|14.8|4.4|Present|0|516344.82
7888|1270|24-08-2022|165.0|2.0|3.5|Present|0|410311.7
7889|1001|07-12-2021|123.0||3.9|absent |0|477195.92
7890|1777|December 15, 2016|138.1|3.2|4.1|Remote|0|645466.23
7891|1528|15-10-2023|152.5|3.3|3.6|Remote|0|528015.85
7892|1277|05/05/2019|169.3|19.6|3.9|absent |0|929442.27
7893|1576|12/23/2021|192.6|18.8|1.7|Leave|0|805951.82
7894|1053|07/08/2019|168.7|6.6|1.2|Absent|22575.69|432000.08
7895|1374|August 18, 2023|148.7|6.7|3.9|present|0|508705.72
7896|1077|11-May-2024|145.4|5.8|1.2|absent |40471.75|743399.76
7897|1539|02-04-2021|196.9|12.1|3.4|present|0|852991.95
7898|1052|2020-12-06|145.0|13.0|1.3|Present|0|431239.72
7899|1602|03/03/2024|191.9|16.0|1.3|Leave|0|348136.27
7900|1527|February 03, 2017|128.3|25.0|3.2|Remote|0|784101.34
7901|1393|08-Oct-2019|197.5|20.6|3.7|Present|0|741945.87
7902|1827|19-04-2024|194.6|20.1|1.4|Present|0|684695.17
7903|1632|07-11-2018|199.5||3.5|Absent|17768.47|357118.48
7904|1477|2021-12-27|184.6|23.9||absent |1087.66|228884.4
7905|1687|2021-08-16|172.7|19.9|2.6|Present|10795.95|882473.39
7906|1660|04/15/2019|189.2|22.0|3.0|absent |2420.54|490160.13
7907|1209|03/06/22|183.6|23.0|3.8|Leave|40328.09|154448.59
7908|1067|10/09/2022|145.1|21.1|1.2|present|0|439078.8
7909|1562|November 27, 2023|125.9|19.7|4.8|Present|0|349543.78
7910|1331|18/09/18|173.2|16.6|2.2|Remote|0|930491.75
7911|1404|14-02-2021|176.9|24.9|1.3|absent |0|764069.95
7912|1087|18-Jan-2017|139.7|9.0|2.4|Present|0|295818.76
7913|1277|05-Nov-2024|181.7|4.4||Present|0|727397.76
7914|1120|05/05/24|145.7||3.0|Remote|0|284084.45
7915|1614|26-05-2024|133.1|7.7|4.8|Present|0|165775.2
7916|1810|23-11-2023|129.8|3.3|2.6|Remote|0|778842.74
7917|1186|07-Sep-2024|188.8|13.3|3.0|Remote||687358.73
7918|1144|February 03, 2016|150.6|9.6|4.8|PRESENT|18475.89|341876.12
7919|1112|15/02/20|159.4|7.3||Present|0|199332.18
7920|1482|2017-10-20|165.5|3.6|3.6|Present|0|734204.08
7921|1660|23-07-2018|129.6|24.0|5.0|Remote|0|924714.54
7922|1410|March 24, 2019|165.7|15.9|2.9|Present|27160.78|163336.07
7923|1436|17/02/23|146.4|7.1|4.8|Present|0|375303.0
7924|1625|08/24/2023|162.2|23.3|4.6|Present|0|531373.51
7925|1445|2020-11-23|164.6|1.5|3.0|Present|0|
7926|1338|22/01/22|199.0|10.0|2.2|absent |17333.26|381564.59
7927|1778|2020-06-08|153.1|14.1|2.1|Absent|0|909355.24
7928|1003|2022-02-26|133.4|22.6||Absent|0|318926.84
7929|1354|02/26/2019||22.0|1.4|PRESENT|0|360353.43
7930|1767|13-Apr-2023|171.1|2.8|1.6|Remote|0|193478.78
7931|1567|19-07-2022|187.0|2.2|4.9|Present|15849.79|931511.0
7932|1763|05/03/2023|137.5|19.5|2.9|Present|0|597880.14
7933|1370|20-Jul-2020|167.5|6.6|1.5|PRESENT|0|551623.16
7934|1603|07-12-2019|199.6|10.2||present|0|496800.74
7935|1757|11-Apr-2022|192.3|6.4|4.4|present|37181.95|739637.37
7936|1405|07/05/2024|159.0|23.2|4.0|Present|11435.31|506072.25
7937|1682|2016-06-03|149.4|8.1|1.8|Leave|0|494493.39
7938|1578|05-01-2016|-5.0|21.8|3.8|present|0|816490.06
7939|1075|13/09/19|171.6|13.2|2.0|Present|14391.57|285450.96
7940|1174|05/14/2020|195.5|20.1|3.0|Present|0|641417.43
7941|1306|11-Feb-2024|121.0|20.6|2.0|present|0|848742.1
7942|1029|08-11-2023|188.9|12.4|4.9|Present|43292.43|679114.5
7943|1082|02/11/20|180.9|6.3|3.1|Present|0|499674.48
7944|1647|12/01/22|129.2|21.6|2.1|Present|0|792226.07
7945|1205|12/12/20|186.6|13.7||PRESENT|2365.21|744712.98
7946|1709|11/03/23||12.1||PRESENT|0|174341.94
7947|1448|10/28/2023|184.4|22.3|2.1|PRESENT|0|235347.86
7948|1780|04-02-2024|126.3|2.9|3.2|Absent|0|787111.09
7949|1569|20-07-2016|164.7|13.4|2.8|PRESENT|0|723064.27
7950|1221|06/11/24|140.5|15.0|1.9|Present|11638.69|890560.75
7951|1318|25-03-2020|136.9|3.6|2.4|Present|0|674253.09
7952|1292|2019-07-16|162.3|13.8|3.7|Absent|0|897048.77
7953|1396|06-11-2022|160.5|15.6|1.7|Remote|0|562091.33
7954|1107|18-Feb-2023|184.2|22.4|1.6|Present|0|440656.59
7955|1034|2023-11-07|136.1|15.9|3.4|absent |25236.62|855499.68
7956|1092|19-Apr-2023|167.2|24.0|1.8|present|0|435750.43
7957|1383|2020-06-07|135.4|11.8|2.3|Present|13510.49|655751.51
7958|1079|08-Apr-2021|171.1|9.4|2.3|Present|0|589435.74
7959|1832|24-11-2017|154.7|5.0||present|11646.75|264748.1
7960|1486|15-Apr-2023|148.5|2.5|2.6|Absent|0|579426.86
7961|1660|09/20/2017|148.0|8.8|4.9|Leave|12863.81|219699.44
7962|1078|07/09/2019|169.4|24.6|2.0|Present|0|922032.87
7963|1083|2021-06-03|197.6|12.9|4.2|Present|31554.42|448484.88
7964|1597|16/02/24|133.1|23.1|4.7|Present|0|242878.07
7965|1055|19-Mar-2019|196.3|17.2|1.3|present|0|324040.81
7966|1581|2020-11-16|136.2|21.9|1.6|absent |0|354489.99
7967|1525|01-05-2021|143.8|22.0|2.4|Present|0|388015.28
7968|1236|24/07/24|162.9|19.5|4.5|Leave|44881.08|472947.52
7969|1235|2017-03-19|144.8|2.6|3.8|Present|0|320505.46
7970|1475|24/11/19|183.3|20.9|1.4|Present|0|841038.81
7971|1330|2024-03-24|172.6|8.0|1.3|Leave|0|208957.57
7972|1546|14-Jun-2022|181.5|0.6|3.9|Present|33636.26|234082.5
7973|1665|04-10-2022|160.8|1.2|1.2|present|0|463673.21
7974|1256|01-May-2023|-5.0|15.7|4.5|absent |0|763306.64
7975|1338|10/23/2021|149.3|15.6|3.6|Present|0|686861.12
7976|1604|March 07, 2019|163.9|8.5|2.5|Present|0|600651.44
7977|1503|16-02-2017|152.0|7.6||PRESENT|0|203165.48
7978|1840|2021-05-12|167.8|21.6|2.3|Absent|0|667476.97
7979|1407|2017-11-06|184.2|7.7|1.9|PRESENT|0|779541.91
7980|1773|25-01-2021|190.8|8.5|2.6|PRESENT|0|429536.67
7981|1372|17-09-2023|195.6|1.5|3.7|Present||622166.06
7982|1645|July 10, 2019|125.8|18.0|3.0|Leave|0|180246.1
7983|1651|09/26/2023|173.6|7.4|1.4|Remote|0|394762.46
7984|1708|2024-04-01|166.3||4.7|present||806329.72
7985|1478|2022-02-27|152.2|20.0|1.5|Remote|25519.19|649881.39
7986|1537|01/12/2022|174.9|17.8|4.8|Present|0|363034.9
7987|1125|02/22/2019|173.2|22.5|1.9|Present||663947.29
7988|1447|12/01/23|135.1|3.1|3.2|present|0|413482.34
7989|1764|2019-09-08|132.9|3.9|4.9|Present|0|914482.6
7990|1603|02/23/2019|146.9|7.0|4.3|Present|0|865450.7
7991|1199|23/12/23|133.6|8.3|2.9|Leave|0|248085.85
7992|1271|07-Sep-2023|137.6|14.4|4.7|PRESENT|0|297940.0
7993|1153|June 20, 2016|144.6|16.0|2.2|Absent||337295.42
7994|1212|27-03-2019|158.3|22.0|1.3|Leave|20922.9|439982.69
7995|1549|2023-09-25|186.8|11.2|1.2|Absent|0|278905.13
7996|1774|07-08-2023|150.9|1.6|2.3|present|0|191157.57
7997|1563|04/27/2021|146.2|3.6||Present|0|946020.65
7998|1332|03/21/2020|175.1|8.9|2.9|Remote|0|558330.45
7999|1631|04-Jun-2019|172.1|24.1||Present|0|675425.05
8000|1526|November 13, 2024|148.6|16.2|2.6|Absent|0|471818.31
8001|1291|28/06/20|159.4|5.0|3.5|Present|0|807333.74
8002|1617|2021-11-28|183.8|0.5|2.1|Present|0|682893.98
8003|1636|25/07/22|195.0|16.9|2.3|PRESENT|0|401566.99
8004|1676|2022-04-16|181.9|6.3|4.5|Present|0|742188.58
8005|1221|2016-10-17|170.1|5.6|1.9|present|28367.38|307978.25
8006|1227|18-Aug-2018|156.4||4.8|PRESENT|0|543140.37
8007|1845|June 10, 2018|161.3|24.9|4.1|Present|0|913877.36
8008|1516|04-Nov-2022|183.3|18.8|4.4|PRESENT|0|527407.89
8009|1466|December 17, 2018|153.0|16.9|2.7|present|0|462247.73
8010|1502|May 07, 2022|122.3||2.3|present|0|266096.26
8011|1390|20-06-2021|199.0|2.8|2.6|absent |35898.65|193038.13
8012|1841|21-10-2017|122.1|10.7|3.7|Present|0|596728.13
8013|1201|July 23, 2020|191.2|11.7|1.3|present|0|223554.59
8014|1416|03/10/19|148.9|14.2||absent |0|852066.92
8015|1826|20-Oct-2018||11.2|4.1|absent |0|567250.72
8016|1441|14-09-2017|172.1|17.7|2.1|Present|43701.0|491275.72
8017|1125|2021-08-16||18.0||present|0|338886.95
8018|1227|09-10-2016|188.1|5.8||Absent|21066.65|276566.86
8019|1619|2023-11-06|170.5|22.7|4.9|PRESENT||763655.76
8020|1657|18-08-2024||24.0|4.3|Present|0|621696.39
8021|1830|2023-10-10|150.7|5.1|3.2|Remote|31737.55|669989.75
8022|1266|08/11/2020|175.4|5.0|4.7|Present|0|
8023|1202|24-Oct-2020|194.0||2.6|Leave|0|766828.01
8024|1715|2024-04-09|155.6|5.1|2.3|Present|0|798615.01
8025|1527|July 27, 2022|167.7||4.3|Leave|0|631329.29
8026|1556|27-Apr-2024|145.4|16.3|3.9|Present|0|328695.16
8027|1648|November 05, 2021|145.2|7.5|1.1|Leave|19546.51|337768.4
8028|1250|05-Aug-2020|130.7|16.0|3.4|PRESENT|0|299267.36
8029|1421|09/01/24|126.4|1.3|3.0|absent |0|775275.17
8030|1490|January 15, 2023|158.2|18.0|3.3|PRESENT|0|904575.1
8031|1402|September 28, 2016|199.0||3.9|Present|0|324941.25
8032|1036|2023-01-08|163.7|23.6|2.0|Present|41711.93|588992.77
8033|1395|18-Mar-2017|123.1|14.9|3.8|Present|33428.59|883724.09
8034|1636|2024-07-04|174.8|16.3|2.7|absent |0|735987.24
8035|1838|2024-09-17|132.7||2.4|Present|0|233799.5
8036|1517|05-03-2024|123.0|10.0|4.9|Remote|0|427368.43
8037|1764|15/11/20|182.8|24.4|4.0|Absent|0|262513.65
8038|1646|08-Oct-2022|194.2|2.6|2.7|Present|0|518637.57
8039|1577|14/07/19|176.2|1.7|1.4|Present|0|151365.79
8040|1702|2022-11-02|190.9|20.3|1.7|Present||
8041|1233|December 16, 2024|133.0|0.4|3.7|Remote|0|495131.33
8042|1532|April 20, 2017|151.6|24.4|1.4|absent |0|698025.74
8043|1370|10/24/2018|162.7|8.9|3.1|Present|23524.91|424864.88
8044|1592|27/11/23|168.0|22.6|4.0|Leave|0|480870.72
8045|1429|02/21/2021|172.1||1.9|present|0|734926.56
8046|1488|08/04/2019|197.9||2.9|absent ||244230.88
8047|1374|02-Mar-2024|165.9|9.5||present|0|881730.71
8048|1146|11/05/2020|198.8|3.8|4.0|Remote|0|211957.06
8049|1716|04/10/2022|179.0|15.5|3.4|Absent|0|275792.51
8050|1686|09-Apr-2017|152.3|5.6|2.3|Present|0|240657.56
8051|1592|07-07-2019|188.1|22.1|4.0|Leave|0|609429.94
8052|1034|24/12/24|167.4|17.4|1.1|Absent||355431.05
8053|1353|May 22, 2021|172.5|17.4|2.3|Present|0|349240.61
8054|1788|08/10/24|131.5|13.7|3.9|Remote|0|165784.88
8055|1382|23-10-2021||13.9||absent |0|777853.62
8056|1203|2018-11-14|180.5|19.0|3.4|Present|0|465268.32
8057|1469|25-Apr-2024|187.4|6.3|1.5|absent |0|927060.75
8058|1290|08/14/2023|196.8|8.9|3.1|Present|17483.31|265555.56
8059|1556|2022-01-15|177.1|1.1|2.0|present|25928.55|872889.72
8060|1668|September 20, 2021|129.3|10.7|1.7|Absent|0|747901.91
8061|1352|19-07-2023|194.7|6.8|2.5|absent |0|328977.9
8062|1038|06-Jan-2021|146.8|5.3|2.2|Leave|31499.48|451457.26
8063|1710|25/12/19|156.0|25.0|2.3|Leave|0|739662.32
8064|1356|07-Dec-2022|158.5|17.3|3.3|Remote|0|702919.94
8065|1526|08-05-2016|170.5|5.8||present|0|224974.96
8066|1336|02/02/20|137.4|19.4|1.9|Present|33125.7|572460.82
8067|1592|04/04/2019|171.8|8.8|3.0|Leave|0|452557.6
8068|1836|28-11-2021|167.0|3.9|4.7|absent |0|486607.81
8069|1421|21-12-2024|128.9|24.9|4.3|Present|0|629280.26
8070|1671|07-07-2021|184.2|9.6|3.9|Remote|0|583501.67
8071|1129|07/24/2024|149.4|12.8|4.2|Remote|0|816485.77
8072|1325|2018-06-12|191.2|18.3||Present|0|726662.88
8073|1534|09/10/2018|167.1|21.1|2.1|Present|0|290320.33
8074|1035|07/08/2020|191.3|1.8||present|0|181008.88
8075|1149|18-Jun-2021|155.5|19.8|3.1|Leave|0|331755.69
8076|1576|19/02/24|175.8|12.4|4.1|Remote|0|339229.62
8077|1553|August 16, 2024|191.9|13.8|4.0|Absent||382140.63
8078|1566|20-05-2024|169.6|22.2|4.4|Present|0|455624.03
8079|1099|2018-04-14|134.5|11.6|1.7|absent |0|445222.41
8080|1195|2021-10-04|190.6|6.0|3.3|Present|0|770437.24
8081|1090|28-Jan-2018|152.6|14.2||Present|0|366255.13
8082|1215|25-01-2016|137.5|5.5|2.1|Absent|0|551945.82
8083|1631|04/05/2018|164.9|22.7|1.7|Leave|16378.7|355954.43
8084|1325|11/06/2024|142.5|8.5|2.3|Remote|0|346173.68
8085|1087|December 26, 2023|142.4|10.4|2.5|Present|0|233451.15
8086|1049|2021-11-11|198.3|17.9|4.6|Present|0|693650.27
8087|1405|10-Dec-2018|177.9|9.5|2.7|Present|16811.52|289758.15
8088|1739|04/26/2022|190.9|0.0|1.0|PRESENT||511343.27
8089|1424|2022-02-06|177.2|4.4|3.2|PRESENT|12613.53|943396.9
8090|1448|February 21, 2024|183.4|17.1|3.5|absent |0|201121.73
8091|1354|2017-09-05|171.5|21.0|3.5|Remote||491490.81
8092|1202|09/22/2022|185.2|22.6|3.3|present|2968.87|761481.03
8093|1435|15-Feb-2024|155.0|0.5|3.6|PRESENT|0|920490.45
8094|1165|11/12/2022|137.4|7.9||PRESENT|27188.57|323918.36
8095|1134|2023-04-09|163.3|15.8|4.7|Present|0|867878.21
8096|1292|June 28, 2022|172.8|24.0|4.8|Present|38081.05|593013.4
8097|1014|2020-02-09|194.8|19.3|3.3|Present|0|562121.03
8098|1741|2020-10-08|179.5|8.5|3.0|PRESENT|0|565381.04
8099|1608|22-03-2022|177.9|20.5|3.1|Leave|33823.75|396277.95
8100|1343|10-Dec-2023|127.1|21.5|1.3|present|45940.4|327519.34
8101|1278|21/06/21|181.2|15.4|3.6|PRESENT|0|852658.05
8102|1523|15-04-2021|169.1|12.9|1.9|Present|0|770439.82
8103|1322|17-03-2020|165.1|17.4|4.4|PRESENT|0|759623.5
8104|1301|2018-08-12|166.9|17.2|2.6|absent |0|553849.38
8105|1014|10-Oct-2016|198.8|14.8|2.1|PRESENT|0|922167.59
8106|1279|08/24/2024|130.8|16.1|3.4|Present|49580.54|492124.37
8107|1286|2024-07-07|163.7|5.4|2.3|absent |21649.04|754564.87
8108|1592|September 18, 2018|183.9|14.9|3.0|absent |45078.3|519628.52
8109|1798|09-Jun-2023|183.4|1.3|1.8|Remote|0|319700.31
8110|1698|2018-06-25|164.4|4.6|3.7|PRESENT|28943.54|878911.43
8111|1631|07/14/2023|136.9|23.4|1.9|Present|0|644954.81
8112|1020|13/03/20|132.5|22.7|2.0|Remote|0|825525.92
8113|1840|21-02-2023|-5.0|12.8|3.2|absent |10504.94|304491.46
8114|1089|October 15, 2016|147.0|0.3|2.0|absent |16604.03|730432.69
8115|1373|03/08/23|155.7|19.8|2.6|Leave|0|910905.56
8116|1278|02-Feb-2022|143.0|7.9|4.8|Present|0|243332.99
8117|1538|17-Nov-2024|-5.0|10.6|2.8|Present|21657.81|495852.67
8118|1702|03/01/2024|177.1|8.5|1.2|Remote|0|177500.17
8119|1203|23-08-2018|-5.0|9.7|2.6|Present|33485.22|657711.84
8120|1627|25-07-2022|174.4|23.1|2.1|present|0|826884.41
8121|1333|June 03, 2016|126.5|9.9|2.2|Present|0|594807.66
8122|1676|October 21, 2024||8.3|4.5|Leave|0|474714.68
8123|1807|05/21/2018|166.2|20.6|2.5|Remote|17107.85|376448.09
8124|1584|November 23, 2022|-5.0|9.5|2.8|Present|0|586906.59
8125|1759|2022-03-11|167.2|3.4|2.5|Present|42088.12|929207.75
8126|1225|2020-10-11|183.7|23.9|3.3|PRESENT|0|243404.39
8127|1753|2023-04-16|-5.0|21.3|1.3|absent |5974.29|333085.35
8128|1733|07-10-2022|168.3|16.1|1.2|PRESENT|0|553375.3
8129|1593|2023-06-11|166.6|22.6|5.0|Remote|0|252677.76
8130|1232|11/06/2024|153.5|20.1|1.7|Present|0|167138.73
8131|1269|July 18, 2021|123.2|3.8|3.4|Absent|0|705349.38
8132|1698|10/04/24|166.1|15.5|1.1|Present|0|267251.42
8133|1516|2020-09-27|133.1|4.5|4.5|absent |0|688618.08
8134|1564|2021-08-07|182.4|19.9||Present|36383.55|830438.98
8135|1435|2024-08-08|184.1|3.0|2.3|Present|0|643544.13
8136|1370|15-Aug-2022|159.4|2.1|2.7|Absent|0|659374.37
8137|1453|10/02/23|164.7|5.9|2.2|Present|0|665654.22
8138|1762|17/09/21|190.8|19.4|3.0|PRESENT|0|475193.12
8139|1122|22-05-2023|153.7||1.5|present|10039.16|237760.74
8140|1616|2023-03-22|152.3|17.5|4.7|PRESENT|0|388365.32
8141|1081|07-08-2019|156.7|15.4||Present|0|231885.41
8142|1609|July 12, 2018||6.1|4.6|Leave|29646.15|492492.54
8143|1451|07-Sep-2023|181.8|19.4|3.8|Present|0|361404.28
8144|1106|09/09/21|134.5|23.6|4.5|Absent|0|309157.75
8145|1033|July 06, 2019|162.3|16.5|1.4|Absent|0|313191.94
8146|1765|09-Jan-2024||2.8|1.7|Present|0|237032.67
8147|1155|12-Oct-2024|191.4|11.9|1.2|present|0|757800.04
8148|1170|May 20, 2023|157.9|8.5|1.6|PRESENT|0|393728.03
8149|1199|15/11/23|169.7|15.8|1.8|Present||283836.22
8150|1117|2023-10-03|158.3|8.0|1.1|Present|0|686363.77
8151|1636|19-Sep-2020|181.7|7.5|4.6|present|0|352945.98
8152|1204|21/12/23|198.3|9.9|2.1|Present|0|709041.25
8153|1777|03-Jun-2021||20.8|1.1|absent |0|276909.51
8154|1488|25-02-2019|195.1|4.6|4.9|Present|43740.67|210835.06
8155|1757|08/03/19|174.5|7.0|1.2|Absent|49151.25|451360.29
8156|1327|2022-11-19|147.7|3.3|1.9|present|29855.69|767686.79
8157|1150|01/08/2019|126.2|19.4|1.2|Present|0|636363.03
8158|1808|28-05-2023|128.4|13.2|3.1|Present|0|916368.3
8159|1828|December 04, 2023|181.8||2.6|Present|0|
8160|1731|18-05-2023|188.2|16.4|4.5|Present|0|348422.75
8161|1251|19/12/18|128.0|10.4|3.5|present|33644.16|825919.42
8162|1279|02-10-2020|196.6|11.0|3.0|Present|0|912184.55
8163|1403|01/16/2024|181.0|16.0|4.2|Present|0|385001.21
8164|1231|01-Aug-2024|161.4|16.0|3.9|Present|15095.74|757327.49
8165|1159|11/01/2023|124.1|5.8|1.1|absent |0|511051.08
8166|1180|26-04-2020||1.0|2.7|Present|0|820359.24
8167|1132|2020-11-16|196.5|9.5|2.0|Leave|0|614057.55
8168|1083|January 21, 2022|145.0|21.9|2.2|Present|0|552613.61
8169|1818|2021-10-03|131.1|24.5|2.5|Present|11623.82|229358.15
8170|1785|April 25, 2024|181.6|20.4|3.7|Absent|0|768193.99
8171|1080|23/03/22|195.7|9.5|4.0|Present|14346.49|447322.45
8172|1298|20/10/19|148.7|9.7|4.4|Present|0|757052.53
8173|1405|08/12/20|137.9|5.5|4.5|Absent|0|440108.83
8174|1637|18-01-2024|186.7|17.6|4.1|Remote|42612.47|371284.08
8175|1014|December 05, 2015|162.1|8.4|1.9|Remote|11968.98|283450.71
8176|1562|09/07/20|157.3|12.6||present|8188.26|493350.74
8177|1126|2024-05-04|154.4|24.0|2.7|present|0|351527.78
8178|1665|03/08/2020|172.0|6.0|3.4|absent ||496084.94
8179|1076|20/02/18|191.1|16.6|2.2|present|0|560647.01
8180|1707|12/02/2024|136.5|3.8|4.6|Leave|0|380986.3
8181|1325|12/27/2019|180.2|18.8|4.5|Leave|0|888739.72
8182|1276|04-Aug-2016|193.3|22.6|1.2|Absent|26602.01|398064.59
8183|1441|01-01-2021|163.7|10.8|3.2|Remote|0|389425.76
8184|1362|13-May-2018|190.5|3.8|4.0|Present|0|834111.33
8185|1847|11/10/2020|124.7||4.8|Absent|0|421557.04
8186|1160|10/22/2016|147.3|5.0|3.7|Present|2194.88|205354.07
8187|1690|10/09/2024|131.6|19.6|4.2|present|16459.67|928441.07
8188|1373|June 28, 2021|124.1|17.6|4.3|Leave|0|484677.09
8189|1398|19-12-2023|181.8|22.8||Present|0|942934.97
8190|1504|09-03-2022|170.2|21.1|4.0|Present|23522.89|206048.74
8191|1269|02/06/2020|140.1|20.3|1.4|Present|18359.62|171067.06
8192|1712|2020-09-20|157.7||2.1|PRESENT|45852.1|928658.54
8193|1013|12/22/2015|155.2|24.0|3.7|Leave|0|465068.8
8194|1655|22-04-2020|151.3|22.0|3.5|PRESENT|0|584488.99
8195|1845|17/07/22|157.7|14.1|2.7|Remote|0|452512.49
8196|1112|May 07, 2020|175.4|14.2|3.7|Leave|15159.16|238671.88
8197|1556|07/02/20|174.1|5.0|3.0|Present|0|528369.15
8198|1579|2016-06-20|138.6|14.5|4.8|present|0|669378.2
8199|1037|20-05-2021|150.2|6.3|4.4|Leave|0|776356.98
8200|1733|05-09-2024|139.3||2.8|Present|0|310470.9
8201|1846|12/08/2018|182.9|18.7|2.8|Absent|0|740606.2
8202|1521|05-May-2020|188.4|22.9|4.8|present|0|944816.56
8203|1538|2019-03-12|145.7|20.3|3.4|Present|0|865786.03
8204|1692|03-Dec-2016|138.8|15.7|2.2|Present|0|257351.38
8205|1636|October 09, 2022|190.7|12.8|1.8|Present|13933.57|509797.89
8206|1172|2024-06-06|199.0|8.3|3.3|Present|0|158512.84
8207|1429|2019-06-27|187.3|11.9|2.8|Absent|0|355418.16
8208|1302|17/11/17|172.5|13.6|5.0|absent |0|635696.64
8209|1030|07/02/2022|188.5|23.0||Present|0|784007.55
8210|1829|06-Jan-2023|146.5|12.9|1.2|Present|0|501604.66
8211|1846|06/08/2018|157.2|5.3|4.0|Leave|0|493688.09
8212|1250|2021-09-28|151.9|10.0|3.8|Leave|0|531803.29
8213|1503|21-02-2018|190.4|17.7|3.6|Present|0|408125.57
8214|1142|09/03/2022|144.1|4.4|3.4|Absent|16755.27|714358.86
8215|1355|10/02/23|182.0|3.4|4.0|Remote|40189.16|233801.18
8216|1799|06/08/2021|162.2|2.7|1.1|Present|0|323796.54
8217|1420|January 11, 2018|191.9|24.2|3.4|PRESENT|21315.93|855314.0
8218|1589|26/12/22|154.6|9.6|1.7|PRESENT|38656.71|888488.71
8219|1206|June 21, 2017|198.0|10.0|1.5|Present|0|268455.2
8220|1440|10/06/2020|164.7|17.6|1.1|Present|0|805441.92
8221|1087|04-Dec-2015|146.5|18.0|2.8|PRESENT|0|547765.4
8222|1227|01-11-2023||2.3||absent |0|296784.43
8223|1177|03-05-2023|186.4|14.5||Present|0|483936.29
8224|1549|2024-03-07|162.3|21.3|4.6|Present|0|328999.41
8225|1568|2018-08-12|133.7|15.9|1.2|Remote|0|920886.7
8226|1721|09/08/22|130.0|20.4|3.2|Present|0|726080.04
8227|1073|October 05, 2023|130.0|1.8|2.6|Absent|0|929221.1
8228|1849|23-Mar-2016|168.2|15.3|2.0|Leave|0|553597.96
8229|1727|15-05-2022|157.3|8.5|1.8|Absent|0|
8230|1658|17/12/17|186.9|14.7|1.9|Present|16447.11|652233.33
8231|1251|2019-09-12|179.7|2.9|2.1|Remote|38737.68|925982.53
8232|1593|01-Sep-2023|192.0|5.0||present|4060.96|343312.08
8233|1008|23-02-2022|193.5|7.0|4.7|present|17684.14|648845.15
8234|1138|15/06/24|169.7|9.3||Present|49731.92|889715.41
8235|1617|09/08/2023|179.2|17.3|4.3|PRESENT|0|786778.24
8236|1213|28/01/20|127.4|13.2|4.9|Present|0|832602.74
8237|1409|04-08-2023|126.1|18.5|1.0|Present|0|411083.9
8238|1664|12/24/2021|-5.0|20.1|2.0|Present|0|318858.05
8239|1302|02/09/19|146.2|23.9|4.8|absent |33412.16|259575.32
8240|1620|09/01/2022|158.1|8.1|3.6|Present|0|443099.36
8241|1004|15-Mar-2019|-5.0|14.5|1.1|Absent|0|266662.94
8242|1182|11-Oct-2024|182.8|14.4|1.9|Absent|0|246621.38
8243|1691|June 21, 2015|170.7|3.7|3.7|Remote|0|548200.14
8244|1157|14/10/24|178.2|9.8|1.0|Leave|0|189228.53
8245|1601|11-11-2022|157.9|16.3|4.4|Present|1438.45|406041.02
8246|1052|07/01/21|185.7||2.0|absent |0|246414.9
8247|1823|15-Mar-2016|175.5|21.8|1.4|Present|0|295244.8
8248|1166|01-Apr-2023|156.0|22.4|2.9|PRESENT|45942.74|751143.91
8249|1227|11-09-2018|135.8|16.5|4.7|Absent|0|464192.17
8250|1440|14-07-2016||1.5|4.1|PRESENT|0|555000.22
8251|1801|13-Sep-2022|167.3|3.2|2.6|Absent|12642.77|444469.62
8252|1336|11-Feb-2018|170.9|21.7|4.0|Remote||909623.51
8253|1472|01-Jan-2023|172.7|14.2|3.9|Leave|0|159111.85
8254|1608|17-02-2020|179.9|8.4|3.5|Remote|0|481395.44
8255|1200|11-Aug-2023|188.3|24.7|2.5|absent ||353162.76
8256|1249|17-04-2023|197.1|11.2|1.5|Present|0|463257.09
8257|1057|2024-12-12|155.5|11.1|4.9|Present|9497.53|599659.42
8258|1030|13-Oct-2020|184.7|24.3|4.1|Present|39246.43|322985.4
8259|1486|18-Dec-2022|191.6|19.1||absent |0|853804.01
8260|1273|05-12-2022|138.9|12.7|2.7|Remote|0|207041.09
8261|1339|04/07/22|144.0|21.3|2.5|Present|0|795100.45
8262|1659|18/06/22|124.6|5.3|4.2|Leave|10195.3|328310.47
8263|1476|05/10/18|-5.0|6.8|3.8|Absent|0|185123.3
8264|1284|12/01/23|184.1|10.3|2.1|present|0|753134.59
8265|1134|22/01/21|154.4|18.3|3.3|Present||579106.16
8266|1560|04/04/21|148.5|13.3|2.8|Present|0|218984.88
8267|1494|11/28/2022|152.2|3.0|1.1|present|0|742946.8
8268|1699|02/17/2021|125.4|22.0|3.2|Remote|0|674709.48
8269|1123|18/08/18|122.4|3.1|4.0|absent |146.99|257138.88
8270|1677|08/22/2022|138.9|17.6|1.4|Present|0|826475.32
8271|1393|October 08, 2020|179.3|17.8|4.4|Present|0|210277.24
8272|1215|17/07/19|131.6|24.2||Present|39072.51|
8273|1195|June 28, 2023|172.8|14.2|3.6|Leave|0|599063.59
8274|1353|2019-09-21||14.7|4.9|Remote|0|364104.02
8275|1498|06-Jun-2018|171.5|5.9|2.5|present|0|869030.33
8276|1635|24-Oct-2018|183.3|20.1|3.8|absent |0|685421.59
8277|1070|22/10/23|158.5|19.1|3.1|Present|0|334952.97
8278|1383|18-11-2020|180.6|2.6|3.3|present|0|709928.37
8279|1104|07/19/2021|150.6|12.2|2.2|Present|0|458712.27
8280|1053|09-Nov-2017|149.0|18.5|5.0|PRESENT|0|818771.92
8281|1330|September 08, 2023|192.2|16.0|4.8|present|0|
8282|1249|15-Dec-2018|152.2|17.7|1.4|PRESENT|33715.91|653135.15
8283|1292|03/08/20|139.4|24.2|3.4|Present|38879.6|179993.61
8284|1251|02/05/2023|146.0|21.7||Leave|0|390854.84
8285|1066|07/05/19|143.1|1.9|4.2|Present|0|792209.69
8286|1397|04/21/2023|152.9|23.7|3.3|Present|0|331993.03
8287|1536|05/06/17|142.0|0.1|2.9|Absent|0|736414.36
8288|1442|25-Jul-2018|120.7|19.2|3.0|Present|0|827393.17
8289|1656|10/26/2019|153.6|11.9|4.3|present|0|511395.28
8290|1667|27/11/22|153.2|0.7|4.5|present|0|360501.84
8291|1618|05/09/2023|175.2|4.0|2.0|absent |0|373669.83
8292|1771|July 23, 2024|175.1|1.1|2.6|Absent|38406.7|224164.42
8293|1140|02/05/2018|147.3|14.7|3.2|Present|0|932929.71
8294|1226|07-06-2022|144.0|21.3|3.2|absent |26426.7|931994.98
8295|1476|22-Dec-2020|135.4|17.0|2.2|PRESENT|0|577854.33
8296|1743|July 16, 2024|178.5|14.9|1.2|PRESENT|0|221802.18
8297|1757|2020-06-17|129.8|19.0|1.0|Present|19358.76|517455.28
8298|1530|21/02/20|128.3|19.2|1.9|Present|0|831568.59
8299|1471|11/10/21|-5.0|21.3|3.3|PRESENT|0|690342.89
8300|1705|2024-09-11|140.7|24.3|3.9|Present|0|388007.38
8301|1474|25-Jun-2020|121.1|6.1|4.3|PRESENT|49516.87|568519.51
8302|1451|13-08-2022|195.2|10.2|4.3|Leave|0|427497.41
8303|1091|09/21/2017|185.3|14.4|1.4|Remote|32005.3|763679.55
8304|1074|2020-04-08|136.0|5.5|2.6|absent |0|538765.09
8305|1758|07-Feb-2022|-5.0|15.2|3.5|Absent|48905.48|189765.68
8306|1405|14-Jul-2018|160.9|1.5|2.4|Present|0|642149.13
8307|1537|14-Oct-2023|140.8|18.1|1.8|Present|0|494535.76
8308|1395|2019-04-05||16.8|2.1|Absent|0|437343.46
8309|1106|11/14/2018|144.3|11.5|4.0|Leave|47927.35|325742.31
8310|1087|26-Oct-2024|196.1|6.7|2.2|Leave|0|735966.7
8311|1108|05-Mar-2018|197.8|16.8|1.3|Present|43804.55|262735.6
8312|1829|09/09/2021|151.4|15.1|3.4|Present|0|607863.28
8313|1716|06/24/2024|180.8|2.3|2.2|Present|0|
8314|1396|2023-06-23|195.7||2.8|absent |25829.89|439333.25
8315|1143|07/09/2021|161.3|9.5|3.6|Present|0|946835.83
8316|1398|05/03/23|160.6||3.1|absent |0|370585.15
8317|1109|26/08/22|135.1|24.5|4.0|Present|0|740119.1
8318|1542|26-Feb-2018|165.2|20.0|1.7|Absent|4721.66|597717.13
8319|1134|10-02-2020|194.6|24.5|1.0|absent |0|533517.91
8320|1233|22-08-2024|166.2|18.5|2.0|Present|48205.71|534852.33
8321|1737|11/10/19|174.5|22.0|4.4|Leave|0|211800.01
8322|1127|20-May-2020|177.1|6.5|4.0|Present|0|554505.88
8323|1180|2021-12-08|-5.0|19.0|5.0|Present|30876.68|
8324|1687|16/04/24||3.5|2.9|absent |0|403323.15
8325|1584|21-07-2024|184.0|16.8|1.4|absent |37453.71|683887.84
8326|1811|15-Aug-2023|163.6|23.4|2.7|PRESENT|0|587918.49
8327|1202|02/06/2017|158.0|11.8|2.4|Present|0|490922.62
8328|1302|March 14, 2020|121.7|3.5|4.1|PRESENT|0|696690.59
8329|1230|09-Apr-2019|174.2|18.7|2.3|Remote|0|760707.07
8330|1586|22/10/24|122.1|1.1|3.9|PRESENT|48857.46|897417.13
8331|1543|2021-02-27|174.3|13.7|3.9|Present|31397.62|535020.99
8332|1028|03-10-2023|193.6|13.0|1.6|Present|0|
8333|1847|05-02-2023|196.4|24.9|1.7|Absent|0|353370.3
8334|1658|25-09-2023|149.5|13.7||Present|0|303460.13
8335|1760|19-06-2022|141.9|11.6|1.5|Remote|0|434941.96
8336|1631|08/13/2019|162.8|17.8|2.4|Remote|0|435762.53
8337|1610|04/01/2023|139.9|4.0|5.0|Present|0|773472.95
8338|1820|January 10, 2024|160.3|0.5|3.3|Remote|18588.71|210991.88
8339|1843|March 23, 2024|180.9|4.4|2.8|PRESENT|0|910710.04
8340|1063|May 13, 2023|135.1|6.6|4.2|Absent|0|397936.53
8341|1195|07-07-2017|122.6|20.5|1.4|Remote|4301.3|157146.71
8342|1264|04/05/2023|164.4|23.9|4.7|present|0|683221.86
8343|1298|May 27, 2022|150.0|16.8|2.5|absent |0|480407.51
8344|1018|10/04/2024|183.1|6.7|4.2|present|14804.04|223507.35
8345|1445|2024-04-05|169.1|11.2|4.1|Present|0|678927.19
8346|1144|02-08-2023|146.0|17.6|3.8|PRESENT|0|299232.51
8347|1123|06/23/2018|122.2|10.4|3.6|PRESENT|0|747477.89
8348|1188|28/10/19|162.7|24.6|1.2|Leave|8473.19|247602.45
8349|1203|13-09-2018|199.2|19.9|3.7|PRESENT|0|184803.8
8350|1142|15-Nov-2020|156.2|2.7|2.6|Present|0|613854.11
8351|1171|02/13/2020|144.0|21.4||Present|0|200023.24
8352|1545|07/11/22|178.4|6.1|2.0|Present|0|611123.0
8353|1046|18/05/16|137.8|3.8|2.7|present|49346.16|339216.04
8354|1475|16/12/21|129.3|1.4|4.4|PRESENT|12536.19|524819.39
8355|1617|08-Sep-2020|126.4|4.9|2.7|present|18750.76|208038.24
8356|1410|03/19/2022||21.1|2.6|present|0|641516.3
8357|1818|2024-06-01|136.3|11.7|4.1|Remote|0|639641.41
8358|1674|July 06, 2023|181.5|22.8|4.2|Present|0|520861.86
8359|1773|2024-05-02|172.0|10.6|1.5|present|4562.24|409427.35
8360|1662|07-Apr-2023|125.8|9.1|2.0|Present|15747.23|257630.54
8361|1550|05/05/21|153.9|6.1|4.2|Present|0|351996.71
8362|1757|November 26, 2022|180.8|2.2||present|39954.3|524112.84
8363|1487|26-Jan-2024|120.6|3.6|2.0|Present|0|
8364|1025|20/10/21|172.7|0.0|4.4|Remote|0|924882.21
8365|1005|2024-10-14|181.5|6.9|2.3|Absent|0|187064.34
8366|1074|07/04/19|165.3|8.4|4.5|Absent|47825.25|530116.46
8367|1208|2022-06-13|129.4|11.6|4.3|Present|17703.91|746213.28
8368|1692|09-Feb-2016|164.1|1.4|3.2|Present|39285.92|936533.42
8369|1760|2022-11-11||6.7|3.3|Absent|0|205586.46
8370|1362|2024-09-22|-5.0||3.5|Present||436336.69
8371|1448|25-06-2021|195.5|0.4|3.2|Present|0|650152.61
8372|1144|26-01-2018||5.8|2.7|PRESENT|0|437216.95
8373|1084|09/21/2019|160.0||2.0|PRESENT|25946.62|641207.46
8374|1460|19/02/23|175.4|3.1|2.1|Present|28010.32|446021.25
8375|1477|April 24, 2020|133.3|11.3|3.6|absent |0|667494.14
8376|1664|05/11/2021|188.8|17.3|2.6|Present|0|510967.24
8377|1324|March 23, 2021|178.8|10.3|2.2|Absent|0|
8378|1724|01/12/2024|181.2|22.5|4.3|Present|18882.18|321423.0
8379|1631|12/23/2018|-5.0|22.3|4.2|absent |0|689682.32
8380|1165|November 25, 2018|162.1|21.1|4.9|Absent|0|528335.22
8381|1762|16-10-2022|176.9|8.1|4.1|Present|0|831493.44
8382|1497|19-11-2023|140.2|15.8|3.6|absent |0|594052.83
8383|1221|2023-01-05|130.9|5.2|4.1|Leave|0|306396.04
8384|1636|February 11, 2023|121.1|9.8|3.2|PRESENT|0|699732.24
8385|1030|09-05-2019|172.5|8.5|3.0|Present|0|826067.71
8386|1227|2022-06-03|170.6|4.0|2.3|Leave|0|632153.19
8387|1800|05-02-2021|134.1|||absent |0|581734.16
8388|1555|04/11/2022|128.1|22.5|1.9|Present|0|866633.7
8389|1434|01/03/2017|169.3|23.6|3.6|Leave|0|581556.3
8390|1151|22/06/17|169.6|11.7|3.5|PRESENT|0|892381.83
8391|1507|2022-09-22|140.5|21.9|2.4|Absent|0|940069.04
8392|1396|09/13/2018|195.7|3.5|1.6|Present|13044.99|845858.57
8393|1847|25/06/23|176.1|2.2|1.3|Present|0|508292.75
8394|1433|July 26, 2020|194.6|8.7|3.3|Leave|0|393003.02
8395|1798|09-Oct-2024|145.0|10.8|2.8|Absent|0|697095.05
8396|1548|May 13, 2024|169.0|6.3|2.7|Remote|0|655554.53
8397|1409|16-Jan-2020|131.2|18.8|1.6|Leave|0|281773.03
8398|1252|2024-06-17|141.7|6.1|2.5|Leave|0|199567.17
8399|1803|December 22, 2016|144.3|5.4||Present|0|669252.58
8400|1120|01-Sep-2024|160.6|14.5|1.2|Present|0|668725.87
8401|1398|2023-07-16|121.0|22.2|2.8|PRESENT|0|306082.2
8402|1102|June 20, 2023|193.8|9.5|3.5|Remote|0|847032.01
8403|1518|03-Dec-2020||2.3|3.6|Present|0|460770.42
8404|1794|June 11, 2021|186.0|18.9|4.9|Present|0|497219.15
8405|1005|2022-10-19|122.8|17.9|1.4|absent |0|435290.79
8406|1027|23/06/24|195.1|14.6|2.3|Present|0|888916.21
8407|1476|2017-07-13|136.0|14.6|3.4|Absent|19734.72|793806.43
8408|1313|2019-05-21|198.5|14.7|2.1|Remote|1961.13|871282.7
8409|1078|02/15/2021|145.1|14.0|3.1|Present|0|882246.58
8410|1525|21/01/18|131.9||2.8|present|0|297502.62
8411|1214|2021-07-16|139.4|22.8|2.6|Present|5867.77|356575.07
8412|1246|01/04/2021|166.3|5.7|5.0|Present|0|812261.14
8413|1287|2019-01-15|176.7|17.7|3.4|Present|0|301646.7
8414|1364|20-08-2024|136.7|17.2|4.6|Present|0|712860.1
8415|1661|28/11/23|157.1|1.2|3.1|Absent|47807.09|353461.88
8416|1622|2019-10-02|151.6|24.6|4.7|absent |0|500559.99
8417|1318|February 03, 2022|144.9|11.6||PRESENT|0|817082.24
8418|1832|March 09, 2023|159.8|14.9|4.7|Absent|0|476553.76
8419|1520|05/15/2023|120.7|17.5|2.4|absent |0|
8420|1516|15-07-2024|194.2|5.2|2.4|present||449823.05
8421|1328|May 12, 2024|138.6|15.9|3.3|absent |0|491986.93
8422|1651|05/03/2021|138.9|15.3|4.8|Present|6671.22|272866.96
8423|1184|12-Oct-2022|160.3|23.5|3.8|PRESENT|0|394402.22
8424|1274|January 09, 2021|173.9|16.2|4.2|Present|0|492809.41
8425|1092|November 02, 2023|131.0|19.3||Present|0|637900.21
8426|1562|07-Dec-2019|179.6|20.3|3.3|Present|27043.57|743094.53
8427|1634|2024-07-04|172.3|16.5|3.5|Present|0|182405.22
8428|1228|July 26, 2024|125.6|1.8|4.4|absent |0|733832.74
8429|1259|10-Dec-2020|120.0|20.4|3.0|present|0|538875.92
8430|1096|2017-07-17|199.6|22.0|4.5|PRESENT|0|589631.72
8431|1232|08-03-2021|126.8|20.7|2.1|Present|0|283986.61
8432|1256|15/09/24|168.6|24.1|1.2|absent |0|895313.44
8433|1535|November 18, 2022|153.1|6.0|4.0|Absent|0|407611.64
8434|1832|2022-06-27|197.6|4.6|3.6|Leave|0|885836.49
8435|1081|2018-06-07|170.9|12.8|1.8|absent |0|401414.74
8436|1011|12/06/23|160.0||3.0|Present|0|474732.83
8437|1034|September 28, 2021|185.9||1.3|Leave|0|700331.33
8438|1608|August 12, 2024|143.0|9.0|4.8|Present|0|645797.74
8439|1175|12/08/20||8.9|4.7|Present|0|747211.32
8440|1282|2022-01-23|127.9|2.7|2.7|Present|0|883032.77
8441|1056|2021-06-17|135.1|20.8|4.8|Leave|0|429370.13
8442|1153|September 28, 2017||18.2|3.4|present|0|244404.94
8443|1387|12/06/22||23.3|2.4|present|0|803699.02
8444|1427|04-08-2024|189.7|21.9|4.1|absent |870.96|548980.26
8445|1525|January 22, 2023|169.5|23.6|3.6|Present|36199.37|220315.02
8446|1617|December 14, 2019|193.1|3.5|4.8|Present|37102.05|789386.47
8447|1234|December 02, 2015|126.3|10.5|1.5|Remote|0|795895.79
8448|1182|08/07/21|148.9|17.6|4.0|Present|0|785223.78
8449|1837|20-06-2024|140.5|||Absent|8282.47|494901.88
8450|1608|2020-04-04|180.5|11.1|3.8|Present|0|571455.41
8451|1289|2022-08-09|183.9|6.6|1.2|Present|0|766335.85
8452|1547|2023-12-22|125.0|24.8|3.9|Remote|0|410398.08
8453|1336|18-Jun-2018|134.6|7.2|3.3|absent |0|
8454|1443|06-Apr-2023|196.4|8.0|2.6|Present|0|863569.12
8455|1423|12-Dec-2021|164.3|15.1|3.8|absent |14136.91|289405.03
8456|1561|20-Dec-2018|123.6|19.0||Present|0|855044.56
8457|1785|07/01/24|185.5|19.6|3.1|Present|0|223743.47
8458|1769|June 18, 2022|167.5|20.5|2.3|Absent|0|780598.68
8459|1623|March 20, 2022|183.5|7.5||Remote|0|604969.6
8460|1396|05-Oct-2016|188.8|13.7|4.0|Present|0|765712.76
8461|1155|01/15/2024|178.8|20.1|3.5|PRESENT|0|
8462|1806|04/14/2020|122.3|5.0|1.2|present|39855.6|676077.1
8463|1670|April 10, 2024|195.9|2.2||present|0|863940.81
8464|1514|October 19, 2022|144.2|21.7|2.4|Remote|43321.69|754030.14
8465|1621|April 10, 2020|143.6|2.6|2.5|Present|0|229951.19
8466|1321|20-04-2022|195.9|2.8|4.5|PRESENT|0|333434.2
8467|1006|11/22/2015|129.6|22.9|2.9|Leave|0|547987.49
8468|1536|12/08/17|134.3|7.1|2.7|Present|0|847202.33
8469|1084|25-Dec-2019|138.9|20.8|1.8|Remote|2803.48|731818.16
8470|1421|2016-12-06|167.0|23.5|1.6|absent |0|542126.07
8471|1045|11-Oct-2024|170.0|0.8|4.3|Present|0|374199.03
8472|1354|2015-12-20|124.3|17.8|1.3|absent |0|544052.66
8473|1003|04/01/2022|155.4|11.1|4.8|Present|0|477152.44
8474|1487|April 13, 2021|176.8||4.7|Remote|25701.73|209254.41
8475|1421|10/04/2018|183.1|1.7|3.6|absent |0|515024.67
8476|1371|07-01-2023|155.6|10.0|3.2|Present|45623.56|893676.22
8477|1264|2023-08-15|195.2|24.5|2.3|Remote|0|380265.62
8478|1336|2022-09-11|187.9|21.5|3.2|Present|9233.09|665673.11
8479|1612|11/22/2022|148.7|3.6|1.5|Present|0|507796.04
8480|1188|25/07/23|135.3|21.5|1.3|present|0|366494.68
8481|1532|October 06, 2015|195.5|23.4|2.7|Remote|0|295195.76
8482|1258|11-Aug-2023|195.4||1.6|Remote|0|838413.01
8483|1231|27-Feb-2020|140.4|24.6|4.9|Leave|0|302268.41
8484|1698|19-Jun-2022|185.6|6.5|4.8|Present|25085.2|620395.32
8485|1783|14-04-2023|138.5|23.9|1.3|Leave|0|498193.96
8486|1755|02/22/2024|168.6|3.1|4.5|absent |30629.77|258803.35
8487|1260|October 14, 2023|130.8|18.5||Present|18109.43|449467.84
8488|1274|October 23, 2021|190.6|14.5|1.9|present|0|622672.64
8489|1527|18-Nov-2018|193.9|18.9|2.2|absent |0|765860.29
8490|1825|25/12/24|164.8|11.4|3.9|Absent|0|491891.85
8491|1194|12/09/24|180.2|2.6|4.7|Present|0|510758.96
8492|1290|26-03-2022|174.3|15.5|3.3|Present|29235.0|343432.96
8493|1525|09/10/2024|146.4|22.9|4.8|Remote|0|859409.42
8494|1503|09-01-2017|156.9|15.9|4.7|Present|0|
8495|1562|2019-04-14|192.4|23.2|2.3|Present||161361.45
8496|1800|08-Jan-2019|152.7||2.5|present|25515.59|207182.35
8497|1341|21-Nov-2022|-5.0|23.6|4.7|present|0|268183.36
8498|1601|08-08-2024|163.2|11.4|3.8|present|0|813060.98
8499|1392|26-10-2022|168.5|23.5|1.7|Present|0|406025.49
8500|1012|02-01-2022|121.9|16.2|4.2|Present|0|906839.57
8501|1022|20-Jul-2024|150.0|6.2|3.6|Absent|0|741618.33
8502|1055|2021-02-19|146.3|8.1|3.9|absent |45583.75|778385.69
8503|1555|16/02/23|127.8|2.0|2.5|Present|0|645922.05
8504|1511|July 11, 2024|162.6|23.4|1.7|Absent|0|309287.95
8505|1141|September 26, 2020|-5.0|20.2|3.2|Remote|29852.07|338984.65
8506|1234|September 10, 2019|159.5|23.5|1.9|absent |0|169588.29
8507|1081|09-Aug-2020|139.9|16.9|4.7|Present|0|589926.51
8508|1292|2022-03-05|136.4|22.8|4.5|Present|0|683011.84
8509|1091|08-06-2020|139.5|17.0|2.1|Present|0|
8510|1572|2024-11-25|164.8|2.0|3.3|Present|0|654704.6
8511|1710|February 24, 2024||11.7|2.5|Leave||549210.12
8512|1083|14-11-2023|136.6|15.0|4.0|PRESENT|0|752399.94
8513|1350|24/02/20|171.1|24.4|2.2|Present|0|781173.2
8514|1623|August 02, 2021|137.6|19.4|2.8|Present|0|642890.63
8515|1097|August 16, 2023|192.6|9.8|1.5|present|33594.05|617939.88
8516|1475|11-10-2017|184.5|13.3|4.4|present|0|809502.84
8517|1237|2024-05-09|192.5|3.1|1.3|Present|0|325306.95
8518|1699|September 26, 2020|133.1|19.4|2.2|PRESENT|12364.24|254881.27
8519|1428|16-Mar-2020|154.1|4.4|2.7|absent |3316.07|636914.75
8520|1366|October 23, 2023|125.3|8.2|2.5|Present|5739.87|483117.46
8521|1108|01/22/2023|166.9|21.5|4.2|PRESENT|0|309744.59
8522|1467|2020-04-20|176.8|15.1|3.9|present|0|825022.34
8523|1026|07-Jun-2024|131.8|9.0|3.9|Present|0|386520.95
8524|1627|22/06/24|180.6|||Present|49231.76|729517.14
8525|1762|March 05, 2023|185.4|23.4|5.0|Leave|29131.84|171264.11
8526|1794|August 19, 2022|187.3|2.3|1.5|Present|40996.36|668100.18
8527|1354|November 22, 2018|123.3|0.8|4.9|Present|0|605994.86
8528|1610|2023-07-17|132.5|19.0|2.2|Remote|0|580652.54
8529|1595|24-12-2021|172.8|8.4|1.6|Present|0|587686.4
8530|1367|12/12/24|185.8|3.0||Leave|0|538936.24
8531|1080|22-Apr-2021|156.9||1.0|absent |0|189243.77
8532|1846|08/12/19|142.6|0.9|1.4|Remote|0|590055.07
8533|1230|07/05/19|198.7|16.2|4.7|Absent|0|
8534|1769|June 01, 2023|172.0|23.0|4.8|absent |13845.7|404021.06
8535|1064|23/10/23||7.5|1.9|Present|0|685946.9
8536|1592|May 21, 2017|157.7|20.6|3.7|PRESENT|0|437309.1
8537|1326|July 28, 2022|144.4|2.4|3.7|Present|0|648451.33
8538|1841|April 16, 2022|157.2|14.2|1.0|Present|0|611100.14
8539|1018|19-Dec-2024|177.6|15.3|4.6|Present|12722.82|819463.04
8540|1081|2018-05-12|159.6|12.7|3.1|PRESENT|42094.12|394937.63
8541|1389|12-07-2024||4.0|1.2|Present|0|776498.93
8542|1779|June 01, 2016|185.8|5.0|2.7|Absent|0|485754.26
8543|1710|09/07/2018||15.1|4.1|Present|25452.58|499584.86
8544|1727|12-Mar-2024|155.6|5.1|3.4|Present|6122.01|832195.16
8545|1432|2023-03-12|138.3|7.4|2.8|Present|0|566259.85
8546|1277|03/24/2024|150.3|24.7|1.9|Leave|2023.88|514710.36
8547|1249|12/10/2020|171.7|7.4|1.9|present|0|775117.48
8548|1825|July 13, 2023|165.4|14.6|4.8|Present|0|607032.74
8549|1252|04-Jun-2017||17.2||absent |0|269522.57
8550|1044|11-Dec-2023|145.8|2.8|1.8|Absent|0|750477.48
8551|1001|07-11-2021|168.0|1.9|1.7|absent |0|155071.62
8552|1498|02-Jul-2019|162.3|8.0|2.2|Remote|0|157059.77
8553|1605|02-May-2018|127.4|22.2|2.6|absent |0|379301.97
8554|1275|18-Jan-2019|124.5|18.1|2.1|PRESENT|19779.21|497123.67
8555|1377|09/22/2018|186.9|19.7|1.7|Present|0|187207.42
8556|1262|12-Feb-2020|131.1|5.3||Remote|20929.36|191074.72
8557|1355|09/13/2017|197.5|12.7|1.1|present|0|478546.1
8558|1274|19-Jan-2024|152.6|21.0|1.3|Leave|0|367502.74
8559|1416|2017-04-13|187.7|2.6|1.4|absent |0|791390.25
8560|1091|2021-11-12|130.5|9.9|4.0|Present|0|167648.17
8561|1824|08-Mar-2022|149.5|15.1|4.5|Remote|0|363819.62
8562|1482|06/27/2023|163.2|0.5|3.4|Present|0|189587.65
8563|1228|28/11/20|176.1|0.2|3.4|Present|0|861766.54
8564|1011|01/02/24|133.9|11.5|3.8|Absent|0|541680.77
8565|1376|28/09/18|150.8|15.0|1.9|Present|0|811382.73
8566|1276|22-Jan-2021|159.2|1.6|2.6|PRESENT|43540.04|613897.5
8567|1312|January 05, 2020|130.5|18.7|4.6|Present|15195.89|176150.19
8568|1835|02/27/2023|161.2|7.2|4.8|Remote|44092.87|401824.74
8569|1579|14-Nov-2020|-5.0|23.6|1.3|Absent|0|643049.48
8570|1054|2023-06-06|145.9|0.9|3.1|Absent|31462.03|422792.27
8571|1039|2023-05-20|183.4|20.2|1.2|PRESENT|14004.24|805359.82
8572|1504|26/09/23|144.2|17.0|2.3|Leave|16582.06|397464.31
8573|1844|11/28/2019|181.0|15.5|3.4|Absent|25665.84|357101.39
8574|1141|August 06, 2022|167.8|2.8|4.5|Remote|0|826935.81
8575|1468|May 10, 2018|158.8|8.9|1.4|Absent|25473.26|669775.4
8576|1662|22/08/21|-5.0|7.2|2.8|Present|0|159903.91
8577|1059|April 14, 2018|163.0|4.7|4.7|Absent|0|
8578|1102|04-01-2022|130.1|21.2|2.9|Absent||487905.73
8579|1138|06-May-2022|150.6|12.2|3.2|PRESENT|0|282436.17
8580|1698|11/12/17|172.5|7.7|3.1|absent |0|939950.5
8581|1048|07/03/2024|164.9|9.9|4.9|Leave|32823.88|765753.77
8582|1576|22-08-2021|129.3|18.4|1.9|present|21066.06|614309.03
8583|1708|December 09, 2023|198.1|15.0|3.9|present|0|349736.14
8584|1776|2020-07-02|198.7|11.7|2.2|Present|29472.64|698785.76
8585|1559|06/27/2024|134.7|15.9||Absent|0|454191.18
8586|1329|15-Sep-2022|170.5|3.9|1.1|Remote|32606.62|872166.05
8587|1244|11-Aug-2018|170.7|20.0||Leave|41748.68|702635.08
8588|1219|March 09, 2024|187.6|23.6|3.3|absent |16283.33|488278.61
8589|1528|July 18, 2020|198.2|22.6|1.4|Present|0|815643.83
8590|1030|02/06/20||16.2|3.7|Present|0|580832.18
8591|1389|28-10-2018|138.8|0.9|3.2|Present|0|809670.73
8592|1756|03-07-2023|192.7|10.9|2.3|absent |0|182401.27
8593|1089|11/02/18|167.5|21.4|4.9|present|0|684661.69
8594|1091|January 28, 2020|135.8|20.6|2.5|Present||631334.32
8595|1579|12-06-2024|122.7|17.7|3.5|Present|0|657951.16
8596|1202|02-06-2023|189.0|6.4||PRESENT|0|539391.31
8597|1296|2023-12-08|157.3|18.5|3.7|Present|0|661500.34
8598|1198|April 17, 2022||3.5|1.3|Remote||637079.37
8599|1759|01/22/2023|189.2|14.8|2.8|Present|0|866505.48
8600|1106|July 11, 2019|153.3|23.3|1.1|present|0|622596.41
8601|1634|04/15/2022|166.5|6.9|4.5|Leave|0|572281.74
8602|1070|26-08-2023|139.0|18.6|3.8|PRESENT|0|842286.67
8603|1530|May 08, 2020|196.9|15.9|1.9|Absent|0|196565.33
8604|1595|07/09/2023|129.5|13.7|1.3|PRESENT|0|334262.14
8605|1720|04/22/2023|154.1|22.2|4.3|PRESENT|0|406438.27
8606|1405|October 04, 2023|186.4|2.3|3.5|absent |0|568999.55
8607|1691|26/11/19||2.4|3.3|present|3870.34|723432.03
8608|1116|18/09/23|186.9|8.7|3.0|Present|0|512493.1
8609|1846|10-12-2024|154.9|8.6|4.4|Present|0|715132.22
8610|1407|13-06-2019|172.8|20.5|3.2|Present|45663.07|324074.53
8611|1650|17/06/18|135.8|7.0|1.7|Remote|0|269254.57
8612|1537|2023-01-16|131.5|15.8|3.3|present|15360.01|687030.62
8613|1741|06/07/19|130.0|14.5|4.4|Present|0|568744.81
8614|1424|2023-03-04|144.2|11.4|4.2|Present|9697.02|488187.0
8615|1186|May 04, 2024|120.0|19.1|5.0|present|0|919191.07
8616|1058|2023-03-20|198.6|24.2||PRESENT|0|870378.25
8617|1751|20/06/20|196.5|24.1|3.7|Absent|0|698234.83
8618|1276|02/14/2021|176.6|12.4|1.4|Remote|743.23|179082.79
8619|1764|03/09/23|130.8|9.2|1.7|absent |0|802670.55
8620|1637|2022-02-26|187.7|17.8|4.4|PRESENT|0|395366.85
8621|1788|03/11/23|182.9|11.3|4.4|Present|0|252317.03
8622|1112|08/13/2022|167.1|8.3|1.2|absent |30395.46|301612.47
8623|1534|September 28, 2016|127.8|17.8|4.7|Present|12207.9|848422.66
8624|1555|March 09, 2022|169.7|15.6|3.7|PRESENT|0|944605.28
8625|1226|03-Nov-2020|130.3|2.9|3.6|Present|0|506799.14
8626|1830|08-Apr-2022|193.3|10.8|1.1|Present|0|224911.45
8627|1467|07-Nov-2016|186.8|15.2|2.4|Remote|0|873524.57
8628|1390|11-11-2023|173.4|7.7||absent |38104.83|406461.08
8629|1622|06/09/2018|130.3|6.5|2.9|Remote|0|554133.84
8630|1157|01-Nov-2021|192.0|2.3|1.9|Present|0|
8631|1356|06/27/2021|167.1|10.6|4.4|Absent|0|871046.07
8632|1106|2019-01-21|176.3|1.9|2.5|Present|10784.22|721778.66
8633|1298|12-05-2024|159.2|3.7|4.6|present|0|873815.22
8634|1423|19-09-2024|181.7|10.8||absent |0|543624.09
8635|1062|18-Jul-2022|154.2|15.6|3.5|Present|0|886824.98
8636|1523|12/13/2024|164.0|21.9|4.0|Present|0|876173.55
8637|1160|07-12-2015|141.8|8.9|4.2|Absent|3523.52|188160.78
8638|1310|21/01/23|177.6|22.9||absent |0|601542.52
8639|1338|2018-12-28|181.9|20.9|2.4|Absent|0|167250.25
8640|1132|16-Jun-2021|198.6|10.1|4.2|PRESENT|0|775709.05
8641|1068|2023-04-25|120.6|21.2|4.7|Remote|0|822431.98
8642|1734|March 19, 2021|175.7|20.0|1.9|Absent|0|492654.5
8643|1053|15/11/21|186.0|4.8|2.4|Absent|0|500036.03
8644|1246|10/05/2023|180.2|20.8|1.8|absent |0|235754.77
8645|1219|09-Oct-2024|169.2|22.0|4.2|Present|0|445948.08
8646|1384|06-11-2018|120.1|10.7|2.8|present|0|839220.0
8647|1127|October 15, 2022||12.3|1.7|Present|0|390323.99
8648|1326|07-Dec-2024|132.3|22.6|2.2|present|0|640463.48
8649|1475|04-08-2022|176.7|20.8|2.6|Remote|0|155510.03
8650|1791|02/12/19|132.2|10.1|4.0|Absent|0|571462.03
8651|1301|11/12/17|164.1|10.9|4.3|absent |0|415353.06
8652|1170|09-Mar-2022|146.0||1.3|Remote|0|878118.42
8653|1640|February 14, 2024|140.7|12.6|1.6|present|0|440493.26
8654|1582|13-Aug-2022|121.6|6.3|2.6|Present|0|595125.73
8655|1458|09-Mar-2023|148.0|17.2|2.8|Present|32972.23|185936.01
8656|1318|2021-01-11|-5.0|21.9|4.5|Remote|0|867819.43
8657|1301|05-07-2019|147.3|14.7|1.1|Present|0|625059.38
8658|1283|2024-01-19|136.3|18.4|3.9|PRESENT|0|150743.97
8659|1686|2024-06-23|175.3||3.4|Present|0|194447.67
8660|1434|04-Dec-2016|131.8|10.7|3.4|PRESENT|0|524913.78
8661|1409|03/02/23|159.9|1.7|2.1|Present|0|217323.95
8662|1348|14-May-2022|147.6|17.3|3.9|Present|0|
8663|1494|01-04-2021|175.1|6.9|2.0|PRESENT|1525.87|382783.45
8664|1709|January 12, 2020|147.5|6.8|1.9|PRESENT|0|283867.82
8665|1537|12-03-2021|126.2|23.4|4.0|absent |0|796082.76
8666|1810|17/12/22|144.2|24.3|2.2|Remote|29571.43|850536.07
8667|1733|10/09/22|139.4|0.2|4.1|present|0|361223.72
8668|1847|16-08-2021|125.5|20.4|1.5|present|19043.54|882236.05
8669|1144|17-11-2016|124.4|16.9|1.7|Present|16128.59|465911.54
8670|1807|24-Nov-2017|125.2|6.8|1.3|present|0|249620.01
8671|1227|10-08-2015|197.2|12.8|2.9|Remote|0|623841.75
8672|1794|2020-05-14|143.5|2.6|4.8|Present|0|623827.04
8673|1117|12-Apr-2024|130.1|4.0||Leave|0|884684.82
8674|1531|April 21, 2021|138.5|0.4|3.5|Remote|0|924869.89
8675|1060|2024-02-10|146.9|15.3||Leave|0|646966.85
8676|1465|13/11/24||10.2|3.3|Absent|28237.7|415304.72
8677|1192|23/07/20|189.1|13.7|2.3|Absent|0|228490.32
8678|1491|23-Nov-2023|150.1|21.2|2.7|present|0|721943.7
8679|1646|08/09/2024|188.8|23.0|3.1|Remote||401132.42
8680|1555|24/01/22||13.8|2.9|absent |0|541836.0
8681|1198|05-05-2024|196.4|2.6|1.9|absent |0|809916.08
8682|1686|19/07/18|135.8|6.8|1.1|Present|0|693053.49
8683|1692|19/10/16|191.1|0.4|4.7|Present||897415.81
8684|1278|2023-10-26|151.5|24.4|3.8|Remote|0|534665.2
8685|1774|16/12/17|177.1|12.8|2.9|absent ||269857.02
8686|1181|11-10-2021|138.2|14.9|2.3|Leave|25158.36|260214.51
8687|1090|05/11/23|123.3|10.6|3.4|Present|0|872849.1
8688|1056|21/05/24|145.2|13.6|3.0|Present|0|385329.02
8689|1331|21-Dec-2022|184.5|20.2|1.2|Present|18412.13|394252.2
8690|1270|08/26/2019|179.7|1.2||PRESENT|0|833152.41
8691|1187|2024-11-12|177.0|10.2||Present|0|416953.08
8692|1587|08/08/2023|176.5|11.9|2.8|Leave|0|937056.25
8693|1691|25-03-2016|131.5|5.0|4.7|Leave|0|646606.57
8694|1618|2020-01-09|140.0|21.2|3.4|Present|0|852102.85
8695|1678|05/02/24|134.1|11.0|4.8|Absent|19919.08|810706.24
8696|1198|16-Mar-2024|184.8|4.1|2.9|Present|0|211055.24
8697|1405|February 22, 2023|153.8|14.1|2.7|Present|45658.1|936652.21
8698|1737|05/11/24|122.2|3.2|3.0|Absent||780849.01
8699|1195|2019-11-10|194.9|23.4|3.7|Present|34711.62|161052.62
8700|1500|06-Mar-2024|157.0|2.7|4.7|Remote|21678.21|780613.02
8701|1151|08/02/17|146.1|8.3||present|39332.25|341558.9
8702|1004|03-Jan-2024|138.3|16.6|2.7|present|0|910793.09
8703|1343|04/11/20|167.9|4.8|4.5|Absent|0|463022.17
8704|1844|04-07-2019|170.1|22.1|2.7|PRESENT|16036.99|869861.96
8705|1667|25-Dec-2022|188.6|13.8|2.4|Present|17904.0|756833.7
8706|1122|2020-03-26|180.1||3.9|Present|0|260116.67
8707|1215|12-06-2024|181.3|18.6|1.9|Present|0|707498.55
8708|1308|May 25, 2024|127.9|22.4|2.5|Leave|45280.44|781910.62
8709|1252|09/07/2022|140.2|14.2|2.4|PRESENT|10170.15|544727.87
8710|1006|12/24/2020|144.6|12.8|3.4|Present|0|906906.18
8711|1239|03-Aug-2021|188.7|21.0|2.7|present|0|484143.61
8712|1830|11/22/2018|143.4|2.7|5.0|Present|0|642247.12
8713|1704|12/21/2023|189.6|23.3|1.6|Leave|0|217659.15
8714|1429|04-Oct-2016|141.5|23.4|2.9|present|0|230305.48
8715|1556|05/14/2020|167.2|10.3|3.8|Leave||637409.78
8716|1424|February 28, 2024|125.0|17.2|4.1|Present|0|162419.32
8717|1636|26/08/19|182.7|10.9||Present|0|484966.32
8718|1291|2024-10-01|146.9|18.3|3.9|Present|0|
8719|1730|04-May-2021|198.6|7.6|1.4|PRESENT|0|499219.56
8720|1425|09/12/18|132.7||1.4|present|0|844110.78
8721|1453|19-Apr-2019|172.8|1.2||absent |0|651110.05
8722|1004|2016-10-28|141.6|16.4|2.2|Present|8852.36|406829.73
8723|1292|19/09/19|121.0|11.8|1.2|present|33471.36|274403.51
8724|1417|September 27, 2022|149.8|13.9|2.2|PRESENT|0|635583.75
8725|1069|2022-07-24|141.7|8.7|1.6|Present|0|669686.89
8726|1618|07/10/23|195.0|3.2|1.6|Present|0|722365.97
8727|1373|2024-09-04|142.7|6.3||present|885.55|735287.0
8728|1702|August 24, 2023|192.7|8.2|4.7|Absent|0|738236.79
8729|1347|24-Jan-2024|151.0|16.2|2.6|Leave|0|785334.34
8730|1587|November 17, 2022|160.3|22.8|4.5|Present|32422.34|591063.17
8731|1670|2024-08-01|144.6||1.2|Present|30048.07|240669.43
8732|1355|03/14/2021|158.5|17.6||present|0|863834.93
8733|1061|09/28/2018|121.5|10.4|4.7|Present|30926.43|755615.01
8734|1773|15-Mar-2019|157.2|9.2|4.9|Present|0|490046.63
8735|1053|May 06, 2022|120.8|17.7|3.1|absent |0|823544.14
8736|1687|25/07/19|-5.0|13.9|3.9|Present|22135.54|501563.86
8737|1631|2018-11-23|199.0|5.4|3.2|Absent|46731.37|713863.81
8738|1395|05/08/17|147.1|10.3|2.8|PRESENT|0|333233.95
8739|1830|2018-09-27|197.0|13.5|1.8|PRESENT|0|540899.49
8740|1238|04/09/19|166.1||5.0|present|44441.19|610917.98
8741|1174|12/19/2023|191.4|23.6|2.3|PRESENT|0|776216.41
8742|1840|05/28/2022|135.7|9.3|1.8|Absent|0|800790.81
8743|1474|16-08-2021|184.8|15.2|1.0|Present||925562.59
8744|1636|21-May-2024|196.5|20.0|4.0|Present|0|332162.42
8745|1547|23-Jan-2023|139.4|4.0|4.2|PRESENT|0|212360.11
8746|1779|02/08/2023|187.4|15.8|1.0|Present|0|643119.38
8747|1536|13-08-2016|159.6|14.6||present|0|738654.57
8748|1256|2023-04-03|189.3|10.1|3.9|Present|0|456691.0
8749|1477|24-12-2024|153.0|20.5|4.2|Present|0|433884.36
8750|1303|24-10-2021|-5.0|14.5||PRESENT||323853.72
8751|1192|26-Mar-2021|160.1|8.8|2.0|Present|0|476387.64
8752|1634|02-Oct-2021|163.7|20.2|4.5|Present|5854.87|429371.03
8753|1687|13-08-2019|190.0|21.7|1.2|Present|0|475382.93
8754|1174|18-06-2019|150.7||3.1|Present|0|159366.55
8755|1363|2020-07-01|160.7|14.8|4.5|Absent|0|443132.09
8756|1387|13-04-2019|164.2|5.7|4.3|PRESENT|42785.29|489085.5
8757|1155|12/17/2024|148.0|17.6|4.0|Leave|0|330238.14
8758|1385|18-12-2016|176.2|2.3|1.2|Absent|0|650177.48
8759|1425|05/11/2019|190.9|13.9||present|0|190148.88
8760|1647|April 20, 2021|167.4|23.4|4.3|Remote|0|444350.8
8761|1234|21/10/16|176.9|10.5|1.4|Present|0|930068.9
8762|1382|11-Jan-2022|122.4|17.5|2.9|absent ||372299.63
8763|1714|13-Jan-2024|162.4|21.6|3.5|PRESENT|0|809199.4
8764|1818|August 14, 2024|185.3|19.4|3.8|present||715726.01
8765|1245|June 09, 2021|140.6|8.8|1.4|Present|3771.06|194597.23
8766|1033|December 14, 2023|122.7|16.4|4.0|Present|0|262435.71
8767|1182|03/05/2024|141.2|23.1|1.5|PRESENT|0|551591.28
8768|1660|08-11-2022|144.4|24.8|2.5|Remote|0|162556.3
8769|1711|2017-06-05|171.4|6.8|4.3|absent |0|921983.39
8770|1599|2022-10-18|159.9|9.5|2.3|absent |0|867890.07
8771|1556|15-08-2022|151.6|1.4|2.8|PRESENT|47713.7|892642.18
8772|1351|02/07/2021|178.9|19.2|1.2|Present|0|646602.59
8773|1846|2022-03-03|163.7|7.5|2.8|absent |31765.98|257229.51
8774|1198|02/01/23|175.4|22.2|1.1|Remote|4776.88|300719.6
8775|1540|05/04/24|198.0|5.9|2.9|Leave|0|942882.43
8776|1106|October 09, 2022|185.9||4.1|Leave|0|336921.0
8777|1746|May 05, 2023|126.3|15.3|2.0|Present|0|345973.07
8778|1585|2021-12-16|168.3|6.3||Present|0|
8779|1440|20/11/24|165.2|9.5|2.6|absent |0|939021.91
8780|1389|January 04, 2020|181.7|2.0|4.8|Remote|0|485226.29
8781|1540|27/03/22|150.4|13.0|1.7|PRESENT|41659.31|439481.74
8782|1140|23/09/17|170.6||4.6|Present|0|172155.26
8783|1298|2024-04-19|163.2|12.4|4.2|Remote|24960.65|607413.34
8784|1585|12-Oct-2023|167.5|11.6|4.4|PRESENT|0|837480.56
8785|1786|04/28/2019|197.6|3.7|2.2|Leave|0|691848.09
8786|1087|07-04-2022|121.2|24.2|4.9|Leave|0|661687.91
8787|1252|2018-08-02|148.7|2.7|1.0|Present|340.05|492722.4
8788|1729|25-Jul-2017|155.9|20.6|3.6|Present|0|227569.49
8789|1744|November 05, 2023|-5.0|24.7|3.2|Present|0|200540.38
8790|1730|24-11-2024|153.9||4.1|PRESENT|0|588267.49
8791|1656|2024-06-11|178.1|13.6|3.4|Present|5030.82|838845.16
8792|1182|11/05/2023|192.7|19.1|4.0|present|0|418799.04
8793|1056|03/03/2022|157.8|10.9|3.2|Present|0|
8794|1727|2022-02-19|130.8|11.9|2.8|Present|22803.42|688508.47
8795|1379|01/09/2023|125.3|20.8|1.5|PRESENT|0|489788.09
8796|1608|20-Dec-2019|123.7|3.5|1.9|Present|0|704667.89
8797|1105|06/06/2024|159.3|3.5|2.1|present|37147.92|289159.22
8798|1408|12/02/2016|145.8|8.3|4.7|Remote|0|849831.39
8799|1751|October 15, 2021|152.0||1.8|absent |0|777574.66
8800|1087|21/05/21|194.5|16.6|1.6|Absent|0|179888.79
8801|1660|2020-12-06|128.7|22.9||Present|0|280834.55
8802|1396|11/03/2016|134.8|2.1|2.2|Remote|0|782842.88
8803|1284|11-Aug-2022|122.8|2.8|1.5|present|0|194288.77
8804|1279|02-Dec-2021|195.1|2.2|3.8|Present|10861.29|336684.15
8805|1616|06/03/21|131.1|7.2|1.8|absent |0|431106.17
8806|1240|May 03, 2019|134.7|19.2|4.6|PRESENT|0|228557.93
8807|1629|05/15/2023|176.4|22.9|4.5|Remote|0|613987.97
8808|1405|April 25, 2019|143.0|16.0|4.7|present|0|390558.71
8809|1633|04/18/2021|121.8|21.0|4.7|Absent|0|533585.32
8810|1474|October 27, 2024|126.1|7.7|2.3|Absent|45819.98|204378.81
8811|1664|2023-07-09|131.8|11.3||present|12911.09|692709.99
8812|1374|01/10/24|164.7|20.2|4.2|Present|0|604674.74
8813|1308|22-Jun-2024|169.2|21.2|1.6|Present|0|776025.86
8814|1136|28-Nov-2018|184.0|17.0|4.5|PRESENT|0|692091.28
8815|1622|May 06, 2019|173.2|18.3|3.5|PRESENT|24295.94|691588.62
8816|1324|September 16, 2024|131.9|1.6|5.0|Remote|10944.72|311925.8
8817|1739|04/03/21|125.2|9.1|2.3|PRESENT|0|660196.26
8818|1062|01/24/2019|194.7|11.2|3.8|Present|0|188859.14
8819|1057|14-Jan-2024|164.0|13.9|1.8|Present|0|635170.28
8820|1198|10/23/2021|185.7|21.2|2.6|Absent|35573.44|477460.31
8821|1254|24-Apr-2020|126.2|10.0||Leave|0|662542.8
8822|1136|23-12-2021|-5.0|2.1|2.2|Present|0|426168.24
8823|1375|09/07/2017|159.1|0.1|1.7|Leave|39537.19|520394.42
8824|1791|2020-04-06|160.0|23.4|1.6|Present|0|359526.9
8825|1708|2021-03-09|178.8|1.3||Present|0|
8826|1653|2021-07-16|161.7|8.0|1.6|Remote|0|865815.27
8827|1842|11/10/2021|152.6|7.3|1.1|absent |0|
8828|1828|06/14/2022|168.6||4.8|present|0|390701.54
8829|1166|11/05/2018|196.7|13.1|1.4|Leave|0|509368.82
8830|1727|18/05/24|195.6|3.5|3.2|Absent|0|830588.98
8831|1774|15-05-2020|144.9|6.7|3.0|absent |0|
8832|1841|24/04/20|191.2|10.3|3.8|Present|0|505503.05
8833|1729|28-04-2020|150.3|18.6|3.5|Present|39736.61|323177.92
8834|1277|2017-11-18|164.5|20.2|4.1|present|35853.29|515201.4
8835|1008|18-Sep-2018|127.6|4.0|3.4|present|22287.08|836713.48
8836|1298|March 24, 2020|172.9|19.0|2.7|Present|35385.58|282996.83
8837|1646|08-Jul-2023|135.9|7.6|1.5|present|0|618591.46
8838|1759|October 18, 2016|182.8|1.1|3.8|Present|0|262377.61
8839|1723|July 21, 2023|132.3|23.6||Present|0|688786.46
8840|1098|2024-10-26|158.8|22.7||Present|4840.34|790815.71
8841|1434|2021-07-14|179.6|9.0|1.9|Present|0|442833.86
8842|1069|18-Aug-2021|150.1|14.2|2.6|absent |0|253491.13
8843|1617|25-11-2020|154.6||4.3|Present|0|730771.74
8844|1348|08-09-2022|135.6|11.8|2.8|Present|41142.25|479599.23
8845|1545|2023-11-04|191.5|10.4|2.7|present|10315.37|427941.01
8846|1350|2019-01-03|138.3|12.2|3.0|Present|0|355403.56
8847|1345|July 07, 2023|184.3|3.4|4.7|Remote|0|
8848|1776|07/07/2019|130.7|1.5|2.1|Absent||703924.75
8849|1681|September 21, 2019|188.2|22.4|1.7|PRESENT|0|448522.17
8850|1099|August 27, 2023|159.3|21.1|2.6|Leave|13162.81|763674.01
8851|1567|03/09/23|126.2|11.8|4.5|Present|0|544619.07
8852|1741|15-01-2020|147.1|17.8|3.0|PRESENT|0|838366.26
8853|1521|16-06-2019|185.3|11.7|4.9|Leave|0|533178.68
8854|1107|12/24/2017|140.4|10.6|2.5|Remote|0|266887.28
8855|1567|2020-08-23|149.8|15.5|3.4|Absent|42273.41|616118.89
8856|1022|2021-08-21|142.4|0.0|3.8|present||561105.52
8857|1125|22/12/24|136.1|2.0|4.0|Present|11306.93|731502.79
8858|1006|11-Mar-2018|198.9|6.1||present|0|365344.79
8859|1167|04-Sep-2019|194.1|1.8|1.9|Present|0|239084.94
8860|1325|2021-05-04|167.2|5.5|1.0|Present|34856.58|286569.5
8861|1837|04/01/2022|169.6|17.0|4.4|Present|6424.46|
8862|1188|2018-05-21|121.0|14.4||Present|0|668874.84
8863|1482|05-Dec-2020|178.0||4.7|absent |44903.79|188276.52
8864|1702|2022-03-26|139.6|1.5|4.9|Present|0|648954.41
8865|1150|2018-09-10|169.1|18.5|3.4|absent ||538174.75
8866|1398|2022-04-25|194.6|24.7|2.6|absent |21324.85|384061.97
8867|1619|17-08-2020|181.1|12.0|1.2|PRESENT|0|619767.97
8868|1032|03-Aug-2024|154.5|20.8|1.3|Absent|0|287322.77
8869|1779|23-11-2024|193.3|13.1|2.7|present|0|196566.28
8870|1321|2023-04-26||23.2|3.6|Present|0|765292.48
8871|1127|12-11-2021|198.2|17.3|4.7|Present|4336.41|830106.24
8872|1645|12/20/2019||2.9|1.9|Absent|0|608605.54
8873|1269|10/15/2019|158.5|20.7|4.4|Remote|0|371885.11
8874|1401|24-Nov-2022|170.8|7.3|4.4|PRESENT|0|304722.7
8875|1658|12/17/2021|133.2|5.7|1.4|PRESENT|0|342737.63
8876|1699|2017-12-24|195.3|1.1|2.6|absent |0|730100.94
8877|1369|10/05/2024|176.8|0.3|2.8|Present|40215.7|191064.41
8878|1397|02/08/2024|195.8|10.5|2.8|Absent|0|
8879|1539|01-May-2024|120.7|10.7|4.7|Leave|0|485215.03
8880|1566|12/04/18|183.8|4.2|2.0|Present|0|395296.36
8881|1140|2022-06-05|145.8|14.6|4.5|PRESENT|0|603939.05
8882|1312|05-Jun-2021|170.6|22.6|4.6|absent |0|476420.4
8883|1238|15-02-2020|155.0|0.9|4.5|Remote|32305.71|659219.19
8884|1636|February 07, 2019|172.9|14.8|1.7|present|10687.62|488885.98
8885|1803|February 15, 2017|169.9||1.4|Present|0|533673.57
8886|1371|11/17/2020|125.5|22.3|3.5|Present|0|153196.16
8887|1618|2020-11-10||21.6|1.5|Leave|0|376267.07
8888|1518|March 26, 2020|124.8|21.4|4.8|Remote|0|185008.7
8889|1219|January 28, 2023|179.7|23.6|3.8|Remote|16654.84|698709.54
8890|1308|2023-04-27|138.8||1.9|Present|37903.6|579144.73
8891|1416|August 16, 2022|151.1|19.6|1.4|present|0|
8892|1229|February 23, 2022|157.4|4.6|2.1|Present|16186.01|787069.19
8893|1532|2018-03-26|148.9|15.1|2.1|PRESENT|0|211427.52
8894|1545|24-08-2020|177.4|24.5|3.4|Present|0|321149.75
8895|1132|13/08/22|128.9|1.4|3.4|Present|7251.16|733903.75
8896|1407|February 22, 2019|169.4|4.4|2.3|present|0|857599.8
8897|1090|2018-03-17|121.5|16.4|1.2|Present|0|264869.3
8898|1637|2020-09-24|142.8|19.9|4.0|absent |29497.27|284205.03
8899|1516|2019-07-05|128.8|6.4|2.9|Leave|0|254615.16
8900|1727|01/03/2021|131.8|18.1|2.5|Remote|0|180528.1
8901|1565|12/11/2023|189.0|20.4|2.4|absent |0|923245.42
8902|1059|2020-05-18|157.7|19.0|1.7|Leave|0|428968.85
8903|1737|May 12, 2024||7.9|1.4|Present|0|900549.55
8904|1266|February 26, 2020|186.6|7.1|2.2|absent |10006.61|648830.85
8905|1580|2018-03-18|||3.4|present|0|606951.5
8906|1198|18/12/20|132.1|8.0|1.8|PRESENT|0|933128.33
8907|1069|19/06/23|122.2|0.6|3.8|Present|0|777265.48
8908|1107|13-Sep-2021|-5.0|6.9|4.7|Present|14608.06|696653.22
8909|1645|10/10/23|180.7|1.8|3.7|Present|0|844849.0
8910|1687|27/10/20|166.9|8.7|3.2|Present|0|247482.0
8911|1373|23-Jun-2024|174.8|8.9|3.9|Present|0|660365.81
8912|1241|18-Nov-2018|189.7|24.2|4.7|Present|0|174933.43
8913|1758|10/20/2020|163.8|4.4|2.0|Present|39529.27|274046.52
8914|1391|2024-11-02|188.0|10.5|3.2|Absent|4349.65|638361.46
8915|1577|21-04-2022|-5.0|10.2|1.5|Present|30652.7|870785.83
8916|1671|April 22, 2024|156.0|17.2|2.9|present|0|673492.49
8917|1174|24-Feb-2022|137.1|8.8|1.5|Remote|21868.6|850517.71
8918|1141|09/16/2023|130.0|16.6||Absent|0|573961.16
8919|1347|02-05-2023|120.8|2.6|2.2|Present|0|745597.07
8920|1204|06/02/20||13.0|2.5|Remote|19035.64|457030.3
8921|1530|08/14/2016|176.5|12.2|4.3|Present|0|916309.49
8922|1590|01/05/24|182.9|21.0|2.0|Leave|0|501278.62
8923|1781|04/23/2021|190.3|23.7|4.7|PRESENT|15017.58|494815.46
8924|1438|11/25/2017|180.8|18.1|3.9|absent |0|440919.95
8925|1742|March 11, 2023|124.1|9.8||Present|0|684478.74
8926|1229|04-Jun-2021|155.7|9.7|2.5|Present|0|191209.66
8927|1133|22/04/23|177.2|6.5|2.4|present|0|704187.72
8928|1286|26/09/23|164.7|3.2|4.0|absent |0|569088.89
8929|1490|25-Mar-2021|127.3|8.2||Remote|0|380455.45
8930|1060|23-03-2024|167.8|22.5|2.9|Absent|0|
8931|1776|10/22/2023|147.3|6.5|2.7|Present|0|849002.75
8932|1726|26-12-2022|165.8|4.0|1.8|Leave|0|713806.32
8933|1826|February 10, 2021|152.9|20.5|4.0|Remote|21048.88|727943.65
8934|1180|07-11-2024|144.7|21.6|4.0|Present|0|438609.02
8935|1661|December 01, 2024|157.3|20.4|4.6|present|0|502837.98
8936|1693|10/12/2016|169.5|13.9|4.2|Remote|0|365317.92
8937|1416|07/10/17|187.4|25.0|2.0|Present|0|856019.91
8938|1569|17-Oct-2017|-5.0|4.5|3.3|Present|2990.92|370930.01
8939|1608|04-07-2024|181.4|11.9|2.4|absent |0|871795.16
8940|1289|09/04/21|169.3|19.2|3.5|absent |0|697218.62
8941|1234|04/04/2015|194.9||1.5|Absent|16016.16|220113.27
8942|1443|07/06/24|190.3|19.7|2.2|Absent|0|463245.44
8943|1312|February 06, 2015|131.3|1.3|2.8|absent |0|390910.95
8944|1004|2021-09-11|184.1|0.0|3.4|present|0|354497.0
8945|1810|24/01/24|140.1|16.6|2.0|Remote|5215.17|761336.88
8946|1829|June 03, 2021|198.2|18.9|3.4|Absent|0|737958.43
8947|1681|08/13/2020|154.8||4.3|Present|39598.45|154729.58
8948|1352|2024-09-26|147.8|18.0||PRESENT|0|197994.98
8949|1623|02/22/2022|140.7|8.4|2.8|Remote|0|577576.81
8950|1685|February 22, 2023|188.9|12.5|3.7|Present|0|250608.41
8951|1201|12-06-2019|120.6|1.6|3.4|Remote|48897.02|303482.55
8952|1099|2022-09-07|189.7|10.8|2.8|present|0|806632.6
8953|1023|May 19, 2021|153.5|3.0|3.1|Present|0|742343.86
8954|1466|August 26, 2023|179.2|2.9|2.7|Leave|0|499973.95
8955|1237|12/06/21|121.2|21.7|2.9|Present|0|153998.25
8956|1355|08/16/2023|125.7|21.7|3.2|Leave|0|939436.62
8957|1547|24-08-2023|170.1|18.2|1.4|PRESENT|21079.81|305297.78
8958|1332|07/28/2021|126.9||1.8|absent |0|168838.8
8959|1680|11-05-2022|146.0|16.6|2.6|Present|0|882443.43
8960|1215|07/25/2016|126.4|19.6|3.2|Present|27113.41|571269.15
8961|1150|February 01, 2024|126.9||1.0|Leave|0|328502.76
8962|1715|11/07/2022|154.9|8.8|2.8|Present|0|180592.78
8963|1294|2016-09-16|199.1|21.6|2.6|Present|28407.02|430552.63
8964|1785|17-02-2017|130.1|3.5|1.6|Absent|0|526589.68
8965|1767|2019-12-21|170.9|11.5|1.3|Present|0|640984.55
8966|1693|2019-10-14|179.8|9.2|2.1|absent |30377.41|500654.07
8967|1791|26/08/19|137.5|6.4|2.3|present|0|804055.16
8968|1757|26-11-2024|124.7|9.2|3.9|present|0|625955.44
8969|1658|20/11/18|185.7|0.2|3.4|Remote|25932.2|429030.93
8970|1392|July 28, 2016|184.6|8.2|3.6|Present|0|773306.58
8971|1175|2021-07-18|134.8|20.3|1.5|PRESENT|0|392455.16
8972|1010|November 08, 2018|120.4|21.4|4.8|Remote|0|847758.67
8973|1502|01/07/21|185.0|20.2|2.9|absent |0|827927.89
8974|1818|23-Jan-2023|194.4|14.0||PRESENT|3989.99|
8975|1082|19-10-2019|181.4|19.3|1.7|absent |0|508468.75
8976|1317|January 24, 2023|158.9|15.4|4.9|absent |0|839083.66
8977|1317|04-10-2019|163.0|0.2|1.7|Present|0|491415.23
8978|1143|18-01-2020|184.3|16.8|1.6|Present|232.27|757597.25
8979|1344|10/22/2021||15.9|3.8|Present|0|281758.8
8980|1512|12/12/2018|142.3|6.2|4.7|Present|6839.0|842938.45
8981|1577|01-05-2024|198.1|2.0|2.8|Present||860962.07
8982|1309|18-Apr-2023|147.9|14.1|4.7|Leave|0|538031.45
8983|1247|February 18, 2024|172.8|1.0|4.6|Leave|0|454557.67
8984|1107|2015-09-20|-5.0|19.0|2.0|Leave|0|588539.16
8985|1444|21-03-2023|151.9|12.7|4.0|Present|0|229349.84
8986|1143|August 13, 2017|172.1|12.8|3.2|Present|0|722287.45
8987|1420|01-Sep-2017|190.1|18.0|2.3|absent |0|706871.03
8988|1249|03/16/2022|163.4|16.4|2.8|PRESENT|0|382164.72
8989|1222|04-11-2016|199.9|9.3|2.8|Leave|0|516703.17
8990|1849|08/26/2022|125.3|10.5|1.5|Leave|0|452984.38
8991|1125|08-01-2021|147.4|5.8|4.6|absent |40181.49|358850.39
8992|1801|2024-09-05|153.9|6.3|1.9|Present||784195.28
8993|1043|December 07, 2018|120.3|18.7|2.1|Present|0|645689.8
8994|1729|16-07-2023|127.5|4.8|1.4|present|0|202194.13
8995|1229|12/16/2021|158.9|18.4|1.7|absent |0|554675.8
8996|1746|March 11, 2023|142.0|22.1|3.3|Absent|26044.91|627562.87
8997|1245|25-10-2017|154.4|15.1|3.2|Absent|0|644111.78
8998|1053|2024-09-17|179.9|6.6|1.7|absent |3279.75|721368.02
8999|1200|08/09/22|191.9|1.4|2.5|PRESENT|45150.43|921173.8
9000|1548|21-Dec-2024|131.5||5.0|Present|0|295114.82
9001|1254|11/05/22|170.3|9.9|1.6|Present|8409.45|764920.59
9002|1279|2024-06-13|172.3|13.2|3.7|Leave|0|401505.07
9003|1753|11/18/2023|122.7|3.9|2.6|PRESENT|0|565406.81
9004|1011|01/12/2024|169.5|10.9|2.7|Present|0|388402.68
9005|1818|23/05/17|160.8|19.3|3.9|Present|12098.99|271866.67
9006|1318|17-11-2015|149.5|16.6||Present|17612.46|520426.05
9007|1837|14-12-2023|176.6|12.2|1.3|Present||434168.97
9008|1387|05-Mar-2018|181.6|15.2||Present|0|521326.17
9009|1579|26-04-2021|123.0|21.9|1.1|Present|44918.54|405690.58
9010|1342|28-Aug-2022|178.2|11.8||Remote|44113.6|730814.25
9011|1507|April 16, 2016|154.4|17.8|2.4|absent |0|519820.63
9012|1318|November 14, 2016||24.0|4.6|present|12041.2|769608.22
9013|1289|26/05/20|120.8|8.4|2.8|Absent|45378.62|538368.8
9014|1787|01/07/2020|137.2|14.6|4.9|Remote||317792.65
9015|1794|09-Jun-2024|127.9|9.3|3.2|Present|28874.22|893080.29
9016|1220|05/09/2021|143.4|17.5|3.0|absent |0|357160.79
9017|1322|16-Jan-2023|157.3|8.6|2.3|Present|15236.57|647441.27
9018|1679|18/02/24|143.7|20.8|3.5|Present|0|619215.52
9019|1416|04-Nov-2020|141.4|1.1|2.4|Leave|0|251650.25
9020|1781|01/05/2023|125.9|23.0|4.9|Remote|0|523849.92
9021|1212|19/02/24|147.4|1.1|2.8|Leave|0|614645.86
9022|1832|09/17/2018|195.7|10.9|4.8|Leave|0|198765.85
9023|1112|10/01/23|199.7|18.2|4.4|present|13440.08|799953.79
9024|1660|03/09/18|-5.0|17.3|2.6|Present|0|789782.51
9025|1604|21-Nov-2024|121.3|20.8|3.1|Present|0|781271.1
9026|1654|07/19/2021|140.4|16.4|1.3|Present|0|761564.94
9027|1639|19-02-2019|156.9|15.3|4.3|Present|0|221953.14
9028|1607|16-07-2022|137.8|18.7|1.2|Remote|1395.27|264122.37
9029|1423|19-Oct-2023|137.0|18.1|2.6|PRESENT|28325.42|910692.52
9030|1681|11/08/2020|159.6||1.2|present||595762.72
9031|1758|04-Oct-2024|139.1|23.0|1.6|Absent|0|541572.56
9032|1216|2024-05-10|157.6|8.1|1.0|Present|0|929554.76
9033|1202|16-06-2022|135.1|14.9|2.1|Remote|0|551727.1
9034|1420|23-Jul-2023|129.7|13.2|3.4|Present|20299.01|786808.89
9035|1149|December 27, 2024|159.5|10.2|1.9|Present|0|616484.52
9036|1002|10-02-2023|180.8|11.7|1.9|Absent|0|693054.89
9037|1849|08/17/2018|121.8|11.4|3.0|Present|0|269319.18
9038|1087|2018-12-21|158.0|12.7|3.8|Present|39779.43|701471.72
9039|1413|05-Nov-2023|124.4|20.5|2.6|Absent|0|172162.2
9040|1195|26-11-2018|180.5|11.7|3.2|Present|13144.42|680404.02
9041|1577|08-Jan-2021|197.9|7.0|1.2|PRESENT|0|206494.04
9042|1132|28-Aug-2020|127.4|11.4|3.9|Present|0|515059.02
9043|1491|08/27/2020|177.0|12.5|1.7|PRESENT|34027.64|281838.11
9044|1617|18-Jun-2024||5.1|3.6|Present|0|197627.53
9045|1125|16/12/19|121.3|19.4|4.6|Remote|0|276486.33
9046|1490|08/02/2023|198.4|19.3|1.4|Present|0|455413.33
9047|1512|December 18, 2023|139.4|5.0|1.0|Present|0|368941.89
9048|1567|21/03/18|185.6|4.3|3.6|Present|0|615537.16
9049|1052|16-11-2023|-5.0|||absent |0|506190.72
9050|1005|03/09/2021|127.3|6.6|3.9|Present|0|893176.38
9051|1513|08/06/2024|126.9|20.5|5.0|Present|30846.49|808362.92
9052|1367|2024-04-21|127.0|5.8|1.8|present|0|539305.19
9053|1663|17-08-2022|131.3|7.9|4.2|PRESENT|18836.62|365959.59
9054|1517|25/08/22|138.4|6.0|3.4|Present|0|
9055|1139|August 09, 2022|173.9|8.6|2.3|PRESENT|0|748018.9
9056|1401|08/25/2022|167.5|0.3||Present|0|393597.56
9057|1559|September 01, 2019|146.7|14.1|5.0|PRESENT|0|805354.06
9058|1826|2019-07-28|150.8|21.7|1.3|Present|34018.35|455266.63
9059|1018|26-07-2023|180.3|16.6|3.5|absent |36338.79|565924.14
9060|1098|2019-07-25|188.9|17.7|1.9|Present|32361.79|878047.66
9061|1059|22/04/23|189.8|19.7|4.0|absent |0|754632.37
9062|1650|06-05-2018|199.4|13.9|1.3|Present|37143.06|512797.68
9063|1239|2019-07-14|137.1|0.9|4.8|Leave|24623.05|170900.52
9064|1698|21-08-2023|132.7|12.5|1.4|PRESENT|0|599002.24
9065|1154|13/09/22|170.3|4.4|3.4|Absent||913339.46
9066|1744|02/10/24|182.7|13.5|4.8|Present|9895.55|249370.01
9067|1478|June 24, 2023|122.9|10.8|3.1|PRESENT|0|764241.95
9068|1277|05-08-2022|170.2|2.7|4.1|PRESENT|0|336432.43
9069|1298|03-07-2023|170.2|13.0|1.1|Present|33155.7|354111.61
9070|1830|January 22, 2020|165.5|0.3|4.9|Present|0|417006.35
9071|1099|22-07-2020|174.1|18.0|4.9|Present|0|553952.37
9072|1550|03/01/2023|195.8|14.7|1.7|Present|0|304761.88
9073|1662|02-09-2017|-5.0|2.6|4.2|PRESENT|0|893751.31
9074|1551|September 11, 2017|169.6|11.2|1.6|Absent|0|703035.08
9075|1585|18/06/22|152.2|8.3|2.2|Remote|0|560600.73
9076|1670|21/09/22|188.7|24.7||absent |0|785741.97
9077|1758|08-Nov-2022|162.8|10.2|2.6|Absent|0|800743.17
9078|1302|11/04/20|132.4|2.9|1.4|absent |0|397551.38
9079|1298|November 08, 2024|168.6|3.4|1.5|Remote|32972.25|713219.14
9080|1426|06/06/2017|191.7|8.2|2.6|Remote|31939.59|766038.47
9081|1338|December 16, 2022|131.5||2.2|present|18703.26|160480.13
9082|1271|12/06/2021|152.9|18.4|4.0|Remote|0|420617.98
9083|1534|09/11/2019|137.4|3.6|2.9|Present|0|768957.16
9084|1492|22/07/20|150.5|22.0|2.2|Present|12570.09|671424.32
9085|1566|21/06/19|165.2|11.1|2.7|present|0|302384.76
9086|1386|07/06/19|168.6|24.6|2.6|Present|0|379670.91
9087|1547|2019-08-07|139.2|24.6|1.1|Absent|0|277349.74
9088|1714|01/19/2023|147.5|5.2|2.8|Absent|0|770378.6
9089|1228|04/10/2024|197.2|21.0|1.6|Present|41109.07|821668.62
9090|1476|25/05/16|158.0|1.0|3.2|PRESENT|0|230567.69
9091|1319|December 21, 2022|196.1|5.4|3.4|Present|26394.49|813479.41
9092|1849|23/07/22|189.8|16.1|2.0|Present|0|603244.74
9093|1310|2021-05-09|120.2|10.0||Absent|0|215044.97
9094|1343|05-11-2021|195.2|7.6|2.2|present|0|440160.44
9095|1421|28/01/18|137.3|0.0|1.5|Present|0|529752.84
9096|1785|17/08/19|161.1|16.7|2.9|absent |0|941027.54
9097|1061|08/09/23|175.8|24.5||Remote||743030.87
9098|1637|08/07/2022|195.3|10.2|4.6|PRESENT|0|817925.37
9099|1540|2018-12-01|182.5|12.4|4.3|PRESENT|0|844324.52
9100|1249|20/01/20|190.8|22.2|1.1|Absent|0|623497.67
9101|1161|2020-07-05||11.1|1.9|Present|0|615448.74
9102|1766|09/19/2019|140.7|9.3|4.7|Present|0|626660.13
9103|1745|01/20/2022|-5.0|23.1|3.1|Present|18072.74|
9104|1829|02-08-2024|147.2|17.8||Present|0|812736.36
9105|1835|10/04/2023|173.6|18.2|2.6|Absent|0|623551.47
9106|1121|09/08/23|167.4|19.7|2.4|Remote|11063.09|719635.96
9107|1409|21-Jul-2020|184.7|18.7|2.1|present|0|365521.87
9108|1474|2021-07-16|128.8|20.6|1.7|present|0|652131.4
9109|1523|05-May-2019|124.9|11.7|4.6|Remote|0|449253.6
9110|1150|11-Sep-2024|166.4|1.9|2.5|Leave|0|884811.04
9111|1500|February 04, 2024|152.5|2.4|1.6|Present|0|324487.3
9112|1090|14-01-2021|136.5||3.5|Present|0|685550.03
9113|1421|2018-12-21|123.2|12.3|1.3|Absent|0|451261.93
9114|1198|09-07-2021||20.5|1.1|Remote|0|166135.19
9115|1139|09/12/2022|183.7|14.4|1.6|Present|32129.64|333505.69
9116|1233|22-09-2024|125.7|16.2||Remote|0|288795.83
9117|1476|16-02-2017|159.3|11.5|4.2|PRESENT|14639.03|457699.67
9118|1091|08/03/2024|129.6|8.3|3.2|Remote|32394.98|155953.4
9119|1627|December 02, 2024|134.0|4.0||Leave|0|208619.98
9120|1495|02/08/2022|142.2|12.9|1.2|PRESENT|0|610684.57
9121|1521|November 13, 2021|130.8|21.0|4.8|Remote|0|684626.46
9122|1383|05-Oct-2024|145.7|23.3|3.9|PRESENT|0|312016.78
9123|1245|12/08/21|177.8|10.8|1.9|PRESENT|0|211666.18
9124|1435|2024-10-21||6.9|1.8|Absent|0|473866.87
9125|1005|03/14/2020|134.2|14.2|2.0|Remote|40586.35|530052.1
9126|1524|23-11-2024|152.1|9.1|2.6|Remote|0|300359.46
9127|1121|November 08, 2024|139.9|18.3|4.9|present|31830.25|780307.71
9128|1777|April 06, 2017|125.5|9.2|2.9|present|0|828920.31
9129|1192|09/27/2020|150.4|9.2|3.8|Present|0|483823.36
9130|1095|2023-02-08|131.5|20.8||PRESENT|0|424545.82
9131|1841|March 12, 2023|181.4|6.4|4.4|Absent|0|435778.53
9132|1755|18-Sep-2023|138.8|11.2||present|32052.71|698142.08
9133|1468|20/02/17|124.6|15.3|4.2|PRESENT|4415.46|746261.02
9134|1726|April 12, 2022|153.0|12.3|1.0|Present|0|765429.19
9135|1044|09/16/2024|147.9|18.7|2.0|PRESENT|0|172946.16
9136|1787|2024-06-01|187.2|4.7|4.9|Present|0|332678.42
9137|1578|11/04/2018||24.1|2.5|Present|0|889009.82
9138|1252|24/09/18|165.0|16.8|4.0|Present|26403.78|410436.92
9139|1313|06/24/2022|194.7|6.2|4.4|Present|30292.92|768026.95
9140|1144|22/11/18|170.4|3.1|5.0|Absent|16836.85|726890.28
9141|1076|04/07/19|160.2|23.7|2.3|Present|0|
9142|1319|02/13/2023|164.8|4.1|3.9|Present|13787.1|638148.84
9143|1500|27-Nov-2023|150.1|9.4|1.7|Present|0|201982.41
9144|1624|09-Oct-2020|129.3|20.2|3.0|Present|0|163247.73
9145|1376|2022-09-14|141.5||4.5|Absent|0|625195.59
9146|1766|March 20, 2023|138.2|11.1|3.4|Present|0|336421.88
9147|1363|2017-04-25|154.7|5.3|4.5|PRESENT|31144.47|391430.29
9148|1190|19-10-2021|157.9|10.4|1.1|Leave||483062.66
9149|1806|June 24, 2020|138.5|4.9|1.9|Present|3930.86|933599.09
9150|1531|11/24/2024|126.4|22.4|1.6|Present|0|902277.39
9151|1201|2024-11-14|189.9|2.7||Leave|0|182117.41
9152|1683|27-05-2021|153.0|6.2|1.9|Present|33720.66|688032.73
9153|1304|02/22/2018|134.8|22.5|3.3|Remote|0|288421.84
9154|1139|03/06/2024|162.7|11.4|2.8|Present|43647.36|681663.33
9155|1586|09/06/24||14.0|3.2|Present|21095.64|840351.01
9156|1141|27-05-2017|182.5|12.6|1.3|Present|14618.39|218991.22
9157|1150|12/08/19|151.1|23.2|1.9|Present|0|827049.77
9158|1734|January 03, 2023|163.6|13.5|3.8|Present|2716.72|719647.52
9159|1124|September 14, 2021|148.7|24.6|2.5|Leave|0|277017.51
9160|1036|10-Jun-2023|142.3|17.3|1.2|Present|0|462294.83
9161|1287|04/28/2020|159.1|13.7|2.7|absent |0|789148.61
9162|1409|22/11/24|148.3|10.7|2.7|Present|0|607294.68
9163|1517|16/07/23|177.7|19.2|3.5|Present|0|270645.95
9164|1207|01/27/2024|126.8|4.8|4.7|Remote|0|216602.78
9165|1003|June 12, 2023|133.0|8.1|4.5|Present|1089.29|634739.4
9166|1037|28-Dec-2022|163.9|10.2|5.0|Leave|0|356239.43
9167|1773|2017-12-19|145.1|3.9|3.8|Present|0|182432.46
9168|1698|November 18, 2021|138.5||4.1|Present|0|227994.94
9169|1608|2019-05-21|163.1||5.0|PRESENT|0|400163.92
9170|1395|17-Sep-2018|139.9|1.5|1.5|PRESENT|0|479970.06
9171|1227|13-09-2023|191.8|8.2|1.3|absent |0|374789.0
9172|1521|09/11/20|164.8|21.8|2.2|Present|0|473174.13
9173|1841|February 02, 2022|194.4||3.0|Present|0|733567.22
9174|1716|24/03/24|169.2|19.0|2.1|Absent|0|402269.51
9175|1818|September 14, 2016|160.7|13.8|1.6|Absent|0|889476.83
9176|1768|06/10/24|197.2|0.7|2.5|PRESENT|0|
9177|1364|13/06/23|183.2|16.0|2.9|Present|0|481461.9
9178|1794|2022-11-19|126.9|4.9|1.1|Present|0|442456.55
9179|1177|10/26/2024|199.2|13.4|3.5|Present|0|
9180|1339|2022-03-20|140.7|6.5|2.6|present|34560.27|941858.33
9181|1659|07-10-2022|128.5|11.7|3.3|absent |14184.34|679078.94
9182|1377|2017-09-07|135.8|5.7|4.8|Absent||776703.44
9183|1785|19-09-2021|162.1|9.7|3.4|Absent|0|330239.7
9184|1404|04/04/23|179.4|5.1|1.6|PRESENT|0|343729.01
9185|1628|06/07/2024|199.4|2.2|4.0|Present|0|870973.56
9186|1254|12/12/2024|128.9|17.8|3.5|Present|252.96|820487.25
9187|1322|09-11-2024|175.3|4.7|1.6|present|0|417721.58
9188|1006|2022-01-11|123.0|5.5|1.1|Leave|0|541905.72
9189|1141|2017-12-15|167.8|0.7|1.9|PRESENT|4336.03|617830.07
9190|1780|24/05/19|191.6|11.5|2.1|absent |0|171293.77
9191|1752|August 03, 2016|171.2|15.6|4.4|Remote|30337.79|696704.7
9192|1661|21-03-2024|161.0||3.4|present|0|671022.29
9193|1522|05-Oct-2019|134.9|5.4|2.4|Present|0|902144.76
9194|1274|04/26/2024|181.6|0.3|1.6|Absent|0|942482.6
9195|1675|03/01/2024|147.6|9.6||Present||928644.61
9196|1122|03-07-2023|191.7|7.1|3.2|present|0|595988.15
9197|1555|08/07/2019|187.9|21.1|3.1|present|0|802218.81
9198|1276|21-04-2024|130.1|10.1|3.6|Remote|0|730971.6
9199|1059|06-08-2018|142.2|0.8|1.1|Present|0|928722.55
9200|1213|06/18/2021||18.8|1.9|Leave|0|483968.29
9201|1063|16-Dec-2023|122.1|6.5|3.6|PRESENT|0|774079.0
9202|1203|24-11-2023|120.2|7.2|3.5|Present|15389.24|633677.39
9203|1113|24-07-2019|144.0|14.1|3.1|Remote|0|570204.85
9204|1632|December 12, 2019|146.5|6.8|1.3|PRESENT|0|735432.61
9205|1233|2023-03-14|123.7|17.2|2.3|Present|0|562212.79
9206|1482|03/02/2024|167.0|20.5|4.0|Absent|0|
9207|1453|05/20/2018|132.4|7.6||Leave||167216.59
9208|1417|10/04/2022|178.0|3.0|4.4|PRESENT|0|699247.24
9209|1365|03-Jan-2017|-5.0|24.5|4.5|Present|27655.25|836666.59
9210|1225|22-Feb-2024|124.6|18.8|3.8|present|4318.88|518078.6
9211|1288|March 21, 2024|183.1|14.9|2.9|present|0|632803.53
9212|1240|2020-08-06|188.2|19.4|4.2|Present|0|879434.28
9213|1020|14-Dec-2023|153.5|8.8|3.0|absent |0|257715.86
9214|1674|December 02, 2019|188.8||4.1|PRESENT|0|380935.94
9215|1355|May 26, 2023|122.7|9.6|2.3|Present|0|503190.0
9216|1365|06-Aug-2018|137.6|24.7|4.8|Leave|19786.22|776238.25
9217|1659|June 20, 2021|180.9|20.1|1.4|Present||652150.67
9218|1286|09-Jan-2024|130.7|8.5|3.0|absent |18371.55|544093.84
9219|1431|26/11/21|198.7|9.8|2.3|Remote|33353.2|328881.53
9220|1432|July 04, 2023|158.7|19.1|4.9|PRESENT|0|863750.95
9221|1498|19-07-2021|147.4|24.4|3.4|Remote|0|508896.57
9222|1052|02-08-2020|129.2|14.5|1.4|Leave||272999.62
9223|1031|24-Dec-2019|130.2|||Absent|0|469704.19
9224|1097|03/12/21|120.5|14.2|3.0|Present|45199.01|514023.26
9225|1237|2024-07-27|196.2|9.9|3.8|present|0|346944.71
9226|1330|11-02-2019|145.0|2.9|3.0|Present|0|200128.01
9227|1794|14-06-2018|131.3|14.5|3.8|PRESENT|0|638432.7
9228|1421|16-Sep-2018|146.5|3.0|4.7|Present|0|657144.67
9229|1555|08/04/21|179.1|3.6|3.9|present|0|704397.46
9230|1012|December 06, 2024|176.0|23.7|2.9|Present|44789.95|859975.77
9231|1448|10-Mar-2024|156.1|14.5|1.8|Present|10627.9|232206.14
9232|1528|2024-05-17|188.4|4.8|3.8|present|0|446610.22
9233|1694|11-12-2018|188.8|16.1|1.9|Present|1607.51|
9234|1356|February 26, 2023|151.1|12.9||Present|38769.42|
9235|1315|02/11/20|176.6|1.1|2.3|present|0|159666.53
9236|1277|17/02/21|131.5|24.5|4.3|Present|0|251558.26
9237|1027|01/08/2020|170.4|10.3|3.5|Present|0|662523.9
9238|1290|25/06/24|178.5|0.1|1.1|absent |27745.59|858769.66
9239|1818|06/04/18|138.3||3.4|Present|0|178434.52
9240|1270|04/13/2020|167.2|22.8|3.5|Present|0|348726.63
9241|1135|18-Aug-2020|149.8|8.6|3.1|present|18348.64|181830.67
9242|1476|2024-05-05|167.7|15.4|1.4|Present|20782.87|566235.29
9243|1407|March 07, 2023|122.2|12.9|2.5|Present|0|881671.81
9244|1292|04-02-2023|174.3|15.0|1.9|Present|0|351473.82
9245|1448|09/07/2021|122.1||4.1|Remote|0|906000.27
9246|1063|06/23/2024|184.2|12.4|3.9|PRESENT|0|436802.76
9247|1124|December 18, 2022|185.0|18.6|2.4|absent |0|279008.58
9248|1298|09-Jul-2016|154.7|5.5|1.8|Leave|21722.93|440336.46
9249|1127|2024-08-16|128.0|21.2|2.1|Present|0|696765.21
9250|1371|08/23/2024|185.7|17.2|3.4|Present|0|829315.41
9251|1683|December 06, 2020|161.9|12.7|4.0|Leave|0|311940.62
9252|1220|11/27/2022|-5.0|6.3|2.4|Present|0|708315.74
9253|1418|19-Aug-2020|169.2|14.5|2.7|Present|27917.66|864855.41
9254|1354|03-Aug-2019|135.8|6.3|1.5|Present|0|743224.56
9255|1698|20-03-2019|158.3|1.3|1.8|Present|10595.97|361346.66
9256|1535|11/22/2019|168.2|16.8|3.9|Absent|0|407332.47
9257|1630|2024-11-05|143.4|16.1|2.8|PRESENT|12092.56|782086.36
9258|1312|25-04-2024|143.5|14.5||Remote|19683.71|513303.76
9259|1206|06/26/2023|195.1||4.3|Present|0|652182.51
9260|1334|03-09-2023|190.5|0.3|4.5|PRESENT|0|320821.21
9261|1038|June 04, 2019|178.4|10.5|1.3|Remote|5817.69|460966.26
9262|1606|28-Jan-2019|187.0|12.3|1.1|present|0|705678.31
9263|1555|2020-04-22|134.4|5.4||Present|0|483061.09
9264|1076|02/20/2020|196.5|1.5|4.0|Present|0|663841.48
9265|1544|February 03, 2022|178.0|12.0|1.9|Present|0|909319.05
9266|1535|05-Apr-2024||2.4|1.4|PRESENT|0|794081.82
9267|1246|18/02/20|165.9|12.4|3.3|present|0|893655.25
9268|1521|08/11/2019|181.3|15.7|1.8|Present|0|522029.65
9269|1579|05-Aug-2018|170.3|13.1|2.1|Remote|0|153256.14
9270|1023|10/14/2022|162.2|1.7|3.9|absent |0|154383.19
9271|1781|19-07-2022|192.6|8.5|3.1|Leave|0|871047.94
9272|1689|May 10, 2020|153.9|9.0|2.2|Absent|28942.38|914141.44
9273|1099|07/14/2022|196.4||3.6|Present|0|390381.09
9274|1330|27-11-2024|197.9|3.4|2.7|present|23003.02|240699.39
9275|1202|2016-03-13|185.1|8.1||Remote|47260.95|823997.94
9276|1635|13-Jun-2023|174.1|4.9||PRESENT|0|290512.63
9277|1647|20-Sep-2019|153.8|8.7|2.6|present|0|475622.91
9278|1716|10-Aug-2022|144.5|9.8|2.0|Present|35748.02|709638.22
9279|1761|26/01/24|131.8|21.8|4.0|Present|0|214637.6
9280|1204|2022-11-14|149.0|5.6|2.4|Present|0|467826.85
9281|1385|01/09/17|184.9|10.3|3.0|absent |0|682477.81
9282|1755|12/01/24|147.8|12.0|3.2|Present|0|744713.4
9283|1599|November 05, 2024|181.3|13.6|4.9|absent |0|806618.56
9284|1129|01-Apr-2024|171.6|14.8|2.3|PRESENT|0|766236.98
9285|1673|05/23/2024|121.7|8.8|3.7|Present|0|533227.88
9286|1229|10-10-2022|193.0|21.3|3.2|PRESENT|0|534928.84
9287|1693|2016-12-28|165.7|22.6|1.2|Absent|0|744292.02
9288|1402|2016-02-16|137.0|16.1|1.7|PRESENT|0|339528.96
9289|1282|14-04-2021|150.8|5.9|1.2|Present|0|624845.76
9290|1269|28/03/22||10.1||Present|0|209168.91
9291|1297|2023-08-01|185.2|2.4|1.1|Absent|32512.89|368038.51
9292|1291|05-09-2024|150.1|19.4|2.4|Present|40125.23|612752.4
9293|1348|February 22, 2023|175.2|7.6|3.5|Leave|4864.59|699726.12
9294|1245|06-08-2023|199.0|12.5|4.5|Present|0|767907.07
9295|1315|July 04, 2021|125.5||2.0|Present|0|398221.03
9296|1577|24-03-2024|130.8|22.8|5.0|Present|0|718908.65
9297|1100|23/11/20|187.6|12.6|1.4|Present|4220.42|487586.02
9298|1392|17/06/23|195.9|3.7|4.7|present|30659.83|319429.24
9299|1625|07/14/2020|194.4|3.7|1.4|Present|0|383065.89
9300|1480|20/01/24|146.6|21.6||present|0|545108.88
9301|1498|09/28/2023|140.1|12.9|2.5|PRESENT|4250.65|273009.85
9302|1382|18/07/22|174.2|1.9|3.4|Absent|32167.67|334054.0
9303|1429|14/10/18|185.0||3.5|Present|0|531858.65
9304|1563|12/06/2024|187.5|10.5|2.2|Absent|0|789048.85
9305|1076|03-Sep-2018|175.3|16.9|2.5|Remote|0|733412.65
9306|1463|12-01-2024|124.6|20.9|4.6|Present|0|658343.59
9307|1330|October 26, 2019|191.5|16.4||Present|35525.26|
9308|1117|09-02-2024|130.9|5.1|4.8|Present|40207.4|655519.61
9309|1212|2023-01-24|186.0|12.9|3.5|Absent|0|193616.21
9310|1661|01/05/23|176.7|11.5|1.4|present|29750.09|794801.9
9311|1202|14-07-2019|-5.0|11.7||Present|11937.56|788718.2
9312|1760|2022-02-01|133.3|5.3||present|0|168235.26
9313|1154|03-10-2022|131.6|2.6||PRESENT|5949.76|311416.14
9314|1387|03-06-2016|135.1|20.5|1.5|Present|0|372570.49
9315|1648|15-09-2024|168.1|17.7|4.9|Present|9519.65|901510.16
9316|1782|11/19/2017|182.6|14.5|3.3|Absent|0|860282.13
9317|1684|February 27, 2024|133.9||2.4|Absent|37349.36|807959.31
9318|1391|10/21/2021|171.2|1.8|3.4|PRESENT|0|541462.83
9319|1276|17-02-2017|134.5|23.9|1.5|Remote|0|867485.56
9320|1393|22/08/18|120.5||1.4|Leave|14700.05|555117.19
9321|1124|25/10/23|184.5|24.4|3.0|absent |0|517666.68
9322|1541|June 18, 2024|125.4|4.5|4.0|Leave|39780.27|609524.75
9323|1649|23/11/20|149.0|13.4|1.6|Leave|0|847243.95
9324|1237|23-09-2020|121.4|22.3|4.0|Absent|0|437915.08
9325|1274|11/01/2017|153.7|2.8|2.5|Leave|0|853816.64
9326|1229|03-08-2024|184.2|11.3|2.3|Present|35681.67|494984.04
9327|1122|October 07, 2022|135.9|1.3|2.7|Present|32973.37|834388.59
9328|1439|06-May-2019|186.3|22.5|3.9|Present|0|619996.32
9329|1530|17/12/21|164.6|13.9|4.9|Present|0|913720.07
9330|1420|2021-07-28|175.3|13.5|1.5|Present|0|929282.89
9331|1246|15-07-2024|155.5|19.9|1.6|present|42737.01|758911.28
9332|1372|12-May-2023|134.9|3.8||Present|22653.22|229275.68
9333|1112|23/03/21|182.2|10.3|4.7|Present|9175.25|753079.18
9334|1288|02-Apr-2017|147.9|24.5|4.5|present|0|271302.99
9335|1001|October 20, 2023|139.1|17.3|4.9|Present|0|836018.2
9336|1074|12/11/19|163.2|21.5|1.5|Remote|0|744830.06
9337|1193|11/17/2024|130.9|10.8|1.2|Present|0|
9338|1004|27-11-2017|131.6|13.1|3.7|Leave|0|643436.07
9339|1362|04/06/2020|198.2|3.9|2.3|Leave|0|537073.58
9340|1495|27-03-2020|194.3|24.5|3.0|present|0|373375.62
9341|1079|August 05, 2023|184.3|4.7|1.9|Remote|0|934434.41
9342|1496|November 20, 2024|141.8|17.0|3.1|Leave|0|322103.68
9343|1416|May 28, 2020|-5.0|22.7|3.0|Absent|19876.52|940505.43
9344|1787|2021-06-09|147.3|7.0|4.1|Present|0|944901.91
9345|1254|09/08/2023|150.8||3.3|Remote|0|796720.15
9346|1660|03-08-2024|146.6|16.0|3.7|Present|0|514487.87
9347|1825|01-03-2024|186.5|||Remote|0|270849.69
9348|1829|04/07/20|197.7|13.8|3.2|Absent|0|467771.37
9349|1200|27-Dec-2023|192.2|3.6|1.7|Remote|0|295503.5
9350|1239|21-09-2024|142.8|13.4|2.7|absent |0|417999.99
9351|1719|09/10/23|130.6|7.1|2.0|PRESENT|0|165133.29
9352|1092|11/18/2021|172.8|13.8|5.0|Present|0|405056.29
9353|1668|05/07/2020|184.9|10.2|4.2|Present|22446.97|796809.56
9354|1068|October 08, 2022|180.0|1.0|4.8|Present|0|704170.11
9355|1028|January 25, 2021|195.0|5.1|2.3|absent |0|429896.63
9356|1823|04/05/2017|172.9|3.9|1.1|present|34418.14|557826.29
9357|1500|21/02/18|122.4||2.8|Present||659688.89
9358|1507|05/19/2017|177.1|7.3|1.7|present|0|744522.9
9359|1829|07/06/19|188.0|14.6|3.1|PRESENT|0|819638.7
9360|1316|2024-07-13|141.4|9.4|4.5|Present|0|935213.92
9361|1325|01-06-2021|197.3|12.4|3.5|absent |0|863640.5
9362|1604|18-02-2019|198.1|17.3|3.5|PRESENT|0|176222.17
9363|1741|17/03/22|166.1|14.6|2.1|Present|0|262514.75
9364|1318|06-Aug-2018|163.3|2.9|3.0|absent |0|513345.25
9365|1440|2018-01-18|150.2|7.5||Present|11696.12|377373.86
9366|1383|11/10/20|173.5|2.8|2.6|absent |0|505308.1
9367|1297|24/06/23|192.2|4.9|2.7|Present|22916.97|232221.96
9368|1373|25-07-2023|150.0|10.3|3.5|Remote||229995.97
9369|1569|05-03-2018|155.6|12.3|1.9|Absent|2709.31|566300.65
9370|1053|01/16/2023|158.2|5.0|4.5|Absent|0|700181.74
9371|1636|02/13/2022|165.3|22.5|4.5|Present|29569.83|946504.09
9372|1683|02/12/2024|131.8|2.4|3.4|PRESENT|0|878020.58
9373|1100|13-01-2023|142.6|1.2|2.0|absent ||740126.18
9374|1584|09-May-2021|183.3|7.6|2.8|present|0|630369.65
9375|1816|21/12/22|155.8|16.3|2.0|present|34882.49|892583.29
9376|1392|25-Nov-2019|183.1|0.5|1.2|Present|25234.95|452125.02
9377|1244|October 18, 2023|181.9|18.7|4.4|Leave|0|221427.88
9378|1536|11/22/2016|171.2|19.4|1.1|Present|0|862395.7
9379|1818|July 15, 2018|126.1|11.4|3.8|PRESENT|0|188070.95
9380|1746|18/12/17|196.8|18.7|2.7|PRESENT|0|815228.31
9381|1693|22-02-2022|152.1||3.6|present|0|646163.16
9382|1116|07/04/23|137.8|23.3|2.4|Present||706403.65
9383|1080|17/12/24|174.9|19.9|4.4|Remote|0|595380.18
9384|1685|25/05/23|153.3|3.1|2.6|absent |0|860511.5
9385|1081|October 27, 2023|123.0|1.4|4.2|absent |0|249421.12
9386|1681|06/06/21|121.1|19.3|1.4|absent |0|257762.95
9387|1457|02/24/2024|124.2|5.1|2.6|Present|0|
9388|1516|17/03/21|190.0|8.3|4.5|Absent|0|211834.99
9389|1168|01/12/23|180.6|2.8|2.7|Present|19502.66|253722.4
9390|1100|01/01/17|197.3|7.2|4.7|present|0|438973.64
9391|1168|07-02-2023|197.4|15.4|4.3|present|0|150724.78
9392|1654|10-Aug-2019|127.7|20.3|2.5|Present|43859.41|854142.55
9393|1140|21/09/19|170.0|20.9|3.3|absent |21401.72|585239.94
9394|1600|June 19, 2022|147.9|18.6||absent ||344291.43
9395|1320|2021-05-18|120.7|5.1|1.8|Remote|0|692474.37
9396|1779|02-06-2022|130.1|4.4|4.2|Absent|0|858839.2
9397|1535|20-May-2022|173.4|9.8|4.0|Present|0|260982.62
9398|1686|22/12/21|193.9|16.6|2.6|PRESENT|0|656720.13
9399|1773|20-Jan-2019|178.2|17.7||Present|26126.22|
9400|1320|15/04/24|176.4|17.1|2.3|Absent||266164.21
9401|1640|2023-08-09|156.2|5.4|1.8|Present|530.47|528664.23
9402|1304|2022-12-16|168.5|6.7|4.4|Present||267772.49
9403|1224|04-Jan-2017|136.0|18.3|3.9|Present|0|
9404|1703|02/01/2024|131.9|21.4|1.6|Leave|0|543805.57
9405|1678|16-Dec-2024|189.2|7.5|3.5|Remote|5351.94|622111.9
9406|1521|18-05-2021|149.5|8.7|2.1|present|0|193914.26
9407|1420|December 20, 2024|147.8|2.8|3.6|Present|17448.52|282179.74
9408|1697|03-07-2024|168.6|17.9|2.1|PRESENT|0|873168.77
9409|1420|12/18/2018|150.3|4.9|1.1|present|0|685867.64
9410|1324|August 06, 2024|134.9|7.9|2.2|Present|0|507103.86
9411|1233|04/09/20|148.5|19.8|3.6|Present|45928.55|824110.98
9412|1710|18-02-2019|122.1||4.9|Present|0|544707.36
9413|1400|12-10-2023|161.4|18.4|3.7|Present|14462.17|916777.94
9414|1414|04-03-2024|194.7|14.3|3.8|Remote|456.33|330550.61
9415|1080|2022-09-24|160.1|13.7|3.6|Absent|39054.78|633336.57
9416|1527|07/08/2023|137.7|16.5|2.8|Present|10222.4|203965.76
9417|1106|07-May-2021|172.7|22.3|1.6|Present|0|772202.53
9418|1398|02-10-2024|196.8|11.0|1.9|Present|0|180349.12
9419|1291|2021-02-10|145.7|6.8|2.2|Present|0|496657.28
9420|1810|2021-11-15|121.4|11.5|1.5|Leave|45635.7|679386.18
9421|1283|25-09-2021|147.8|23.3|2.3|Present|0|800127.89
9422|1303|02/15/2019|181.9|15.7|2.7|present|0|
9423|1672|2018-08-02|160.4|12.0|3.0|Present|0|452910.11
9424|1693|02/24/2024|143.2|5.0|4.0|Leave|49422.36|233558.6
9425|1122|2024-10-11|192.1|15.7|3.2|present|1064.46|883367.65
9426|1222|03/11/18|182.9|11.6|3.8|Remote|33512.9|224283.38
9427|1720|2023-08-12|172.6|16.3|1.8|absent |0|928538.3
9428|1736|08/01/19|141.9|18.2|4.6|PRESENT|28170.1|530450.54
9429|1049|10/04/20|134.8|16.8|4.7|Absent|0|513389.99
9430|1020|05/10/2022|176.1|8.9|2.3|Present|0|157441.51
9431|1115|07-11-2019|-5.0|13.8|3.1|Remote|13193.13|474119.41
9432|1519|28-Dec-2017|141.2|23.6|2.5|present|0|762182.83
9433|1756|16-Jul-2021|166.0|20.8|2.5|Remote|0|566047.45
9434|1037|14-Aug-2021|162.7|20.0|2.3|Absent|0|372400.76
9435|1567|08-Sep-2024|137.5|14.5|3.5|Absent|14258.5|664255.33
9436|1650|23-Jul-2017|196.4|15.5||Present|0|401500.62
9437|1763|22-04-2023|164.0|22.3|3.9|Present|0|843594.97
9438|1203|05/03/2023|144.9|2.6|1.3|PRESENT|5485.35|902899.0
9439|1618|23-04-2020|125.8|23.6|2.1|absent |0|345317.47
9440|1149|July 06, 2019|159.4|19.5|4.2|Present|0|547301.27
9441|1312|19-06-2020|137.0|20.4|3.1|Present|0|309495.76
9442|1320|16/09/20|168.3|7.1|3.1|Leave|0|720047.4
9443|1577|26/07/21|159.1|24.3|4.4|Present|0|294931.49
9444|1558|May 20, 2023|174.2|9.6|4.3|Present|0|473310.88
9445|1800|2015-09-25|198.4|13.0||Present|15907.27|940755.82
9446|1013|07/11/16|124.2|13.6|3.8|Present|0|261549.14
9447|1343|April 16, 2022|173.2|13.6|1.3|Leave|24085.7|306505.42
9448|1039|03/05/2024|132.5|1.0|1.2|Present|0|432651.53
9449|1632|May 01, 2023|-5.0|4.2|3.7|Leave|0|415574.0
9450|1724|01/03/21|174.5|20.8|2.9|Present|0|438754.49
9451|1048|19-08-2017|160.2|21.0|1.9|Present|0|472776.31
9452|1581|01/02/23|164.3|10.3|4.2|Present||553992.86
9453|1058|22-Apr-2020|185.7|24.0|4.6|Present|0|209226.1
9454|1615|2024-07-22|159.5|7.2|4.6|Present|27049.24|334468.16
9455|1774|2023-02-24|199.1|8.7|1.5|Remote|0|685267.88
9456|1048|2019-05-01|120.7|18.7|4.6|Present|0|876838.46
9457|1316|12-Aug-2023|141.1|15.6|4.9|Present|37511.49|466457.99
9458|1002|07/06/2023|-5.0|21.0|3.3|Present|0|485053.45
9459|1146|14-02-2021|194.4|22.7|4.0|Remote|5631.43|624276.27
9460|1508|11/22/2018|198.7||1.5|Remote|0|597343.96
9461|1528|August 24, 2019|182.2|14.8|4.0|Present|20820.71|353167.43
9462|1001|04/12/2024|159.3|4.6|2.4|present|47193.49|321771.47
9463|1370|February 21, 2020|185.4|10.7|3.5|PRESENT|0|151660.88
9464|1173|08-Feb-2021|155.6|16.8|1.4|Absent|42177.34|796862.22
9465|1008|2024-04-02|150.9|1.1|4.1|PRESENT|0|193189.83
9466|1221|05/06/19|125.2|17.9|2.6|Present|0|626339.67
9467|1756|2023-11-04|182.6|17.8|3.9|Present|0|412196.7
9468|1270|12-Nov-2023|137.4|19.8|4.9|present|16661.54|640560.85
9469|1079|2023-03-18|187.0|13.6|3.2|PRESENT|0|632566.11
9470|1669|05-Oct-2024|151.6||3.2|present|0|466054.25
9471|1660|13-Jul-2024|140.1|14.9|1.8|Present|0|693830.32
9472|1826|2021-01-27|169.7|0.2|2.0|Leave|0|333616.9
9473|1041|August 03, 2024|131.1|19.9|4.8|Remote|14754.8|421088.9
9474|1012|16-08-2024|124.7|7.5|2.7|Absent|0|336179.01
9475|1396|2020-07-11|167.8||3.6|PRESENT|14017.13|524784.78
9476|1687|06/08/23|181.4|9.9|3.3|Remote|38903.38|171110.8
9477|1559|22-01-2023||20.4|3.6|absent |0|670119.04
9478|1774|06/12/2017|171.2|4.9|2.0|absent |0|915327.19
9479|1004|09-Apr-2017|162.2|11.1|3.0|Present|0|556926.65
9480|1509|06-12-2022|146.3|22.1|2.1|Present|17092.27|909337.6
9481|1158|14/12/22|125.6|22.0|3.1|Present|24831.63|642035.73
9482|1562|19-03-2023|176.9|1.0|3.9|Leave|0|467436.59
9483|1827|2022-05-06|130.5|21.3|2.2|Leave|14030.52|591863.11
9484|1577|September 02, 2024|128.2||1.8|Present||673438.56
9485|1779|11/20/2023|136.7|14.2|1.3|Present|20366.66|737126.83
9486|1418|December 20, 2023|179.0|2.7|4.7|Present|45648.97|188236.14
9487|1457|14/08/18|167.8|8.0|1.5|Present|0|233646.38
9488|1639|08-Jul-2023|132.5|19.0|3.6|Absent|45484.34|357685.19
9489|1562|05-Feb-2024||15.2|4.2|Present|0|697769.45
9490|1008|June 26, 2020|154.2|24.7|4.2|Leave|0|902350.68
9491|1802|April 10, 2020|169.0|0.1|4.6|absent |0|202422.13
9492|1490|2017-08-05|167.5|23.0|4.8|Absent|0|583478.42
9493|1510|06/08/23|149.0|4.7|1.7|PRESENT|17044.61|713434.62
9494|1168|11-Oct-2022|180.5|10.2|4.4|Absent|0|415607.35
9495|1475|24-09-2024|175.1||2.8|Present|23050.19|337024.31
9496|1447|2024-06-11|147.4|23.0|2.3|Present|0|907332.06
9497|1239|20-Mar-2020|174.1|5.6|2.8|Remote|27851.55|300148.77
9498|1597|11-Mar-2024|194.7|3.5|4.8|Present|0|785470.3
9499|1230|04/19/2024|141.0|24.0|1.4|Present|0|212544.15
9500|1205|27/05/23|161.9|1.0|2.6|Remote|0|204004.16
9501|1008|14-12-2024|144.2|10.5|2.9|Leave|0|
9502|1732|16-02-2022|142.3|16.2|1.6|present|12520.88|218862.74
9503|1274|17-Sep-2020|171.5|2.0|1.2|Present|0|358569.53
9504|1025|24-May-2017|196.3||3.8|Remote|29789.66|570890.31
9505|1436|04-09-2024|148.2|18.3|4.4|Leave|0|463427.97
9506|1333|January 08, 2017|152.4|20.5||present|0|177987.83
9507|1499|2017-10-16|155.0|14.5|2.1|Present|0|190762.39
9508|1315|12/19/2022||14.3|1.2|Present|0|357156.79
9509|1774|02/27/2020|169.8|8.5|4.9|Absent|30100.89|249009.31
9510|1686|February 24, 2021|143.2|11.8|4.6|present|0|249760.59
9511|1673|14/08/20|150.1|18.4||Leave|0|347312.36
9512|1818|15-06-2019|132.6|8.0|1.8|Present|0|630533.82
9513|1670|10-Nov-2023|148.5|23.9|4.1|Absent|47972.21|684891.41
9514|1625|12/07/17|150.4|21.9|1.1|Remote|9880.9|774416.04
9515|1371|04-Jul-2022|166.6|11.4|3.8|absent |35622.79|810873.06
9516|1541|2024-03-03||24.2|1.5|Absent|0|700729.09
9517|1453|19-Jan-2023|122.3|3.8|3.6|Absent|0|251746.48
9518|1512|October 24, 2023||10.0|3.1|Present|0|918183.64
9519|1029|09/10/2018|152.4|3.8|3.4|Remote|0|748422.19
9520|1303|10-02-2024|161.5|23.3|4.4|Remote|0|577822.96
9521|1313|09/14/2017|134.6|15.9|4.8|absent |47517.17|777060.76
9522|1335|October 01, 2023|195.3|18.6|5.0|Remote|0|292576.82
9523|1332|November 18, 2021|147.5|19.6|3.5|present|0|919726.6
9524|1362|05-Sep-2019|136.8|8.5|1.7|present|0|870486.87
9525|1579|23/05/16|183.4||1.1|Present|0|622657.55
9526|1475|17-May-2018|129.6|11.4|2.9|Present|31244.95|841201.86
9527|1226|22-02-2021|167.1|8.5|3.4|Absent|0|562266.38
9528|1033|2024-04-16|160.6|14.5|2.8|PRESENT|0|469126.98
9529|1093|24/07/16|195.4|11.1|1.5|present|0|
9530|1840|11-06-2021|164.4|1.2|1.2|Leave|0|372183.02
9531|1206|August 20, 2018|195.0|5.9|3.3|Present|35012.58|917537.26
9532|1452|03/09/22|174.7|17.6|1.6|Present|17699.18|555563.79
9533|1334|2024-05-18|168.6|22.7|2.1|Present|31593.9|250731.8
9534|1457|08/05/20|154.8|17.4||Present||611372.46
9535|1694|15-Feb-2020|132.8|20.2|1.2|present|49414.75|495406.67
9536|1389|10/22/2024|137.8|5.9|4.0|Leave|25322.65|
9537|1391|May 21, 2021|176.0|22.5|2.1|present|0|416132.78
9538|1715|28-03-2024|147.2|2.7|4.7|PRESENT|0|604221.81
9539|1461|2024-07-20|175.3|10.0|2.2|PRESENT||750922.02
9540|1294|14-12-2015|169.4|5.8|2.0|Present|22751.55|743174.2
9541|1313|02-04-2018|173.6|8.5|2.3|Leave|0|298078.03
9542|1742|11/12/22|127.8|22.7|3.7|Present|0|713643.7
9543|1431|2022-04-08|198.6|13.7|4.3|Remote|0|230586.45
9544|1229|November 24, 2024|157.9|13.1|4.2|present|0|617174.54
9545|1359|20/07/23|150.5|10.8|1.6|Present|1474.31|309760.34
9546|1338|July 09, 2024|164.7|17.0|1.8|Present|5295.14|484337.65
9547|1530|24-Aug-2021|140.5|17.9|3.9|Present|0|829202.6
9548|1533|07/04/21|120.3|21.9|3.6|Present|49758.82|509310.81
9549|1070|13-Sep-2024|128.8|2.3|2.9|Present|0|694609.54
9550|1672|28-11-2018|125.6|15.1|4.7|PRESENT|13017.5|195539.39
9551|1584|06/08/21|137.3|5.7|2.2|Remote|0|486232.61
9552|1100|2022-06-25|120.2|10.6|4.2|Leave|0|212288.04
9553|1244|08-Mar-2018|197.8|5.5|3.8|Present|0|566373.25
9554|1582|11-Jan-2024|132.9|2.7|1.3|present|0|913272.65
9555|1495|2022-11-05|198.2|14.5|4.7|absent |0|261338.59
9556|1604|January 26, 2019||8.8|4.2|absent |0|532896.18
9557|1498|July 05, 2024|163.6|10.4|2.8|Absent|0|799186.9
9558|1322|01/06/2019|194.0|4.4|3.6|present|0|386513.55
9559|1800|04/05/2017|145.7|23.1|2.3|Present|0|924251.81
9560|1412|09/22/2024|147.7|19.8|3.0|Absent|0|487065.49
9561|1471|03/06/23|177.7|1.7|1.2|Remote|0|243453.93
9562|1082|09/06/2020|163.3|21.2|2.1|Present|0|605687.72
9563|1659|2019-11-14|151.8||4.2|PRESENT|0|583271.47
9564|1375|24-11-2020|158.0|10.9|1.6|Absent|0|822992.92
9565|1306|11/28/2023|158.2|1.4|1.6|Present|0|411733.88
9566|1493|26-10-2023|173.4|0.7|3.9|absent |0|359531.65
9567|1656|03-02-2019|187.8|18.3|2.6|Leave|0|270774.49
9568|1170|2024-11-28|166.8|8.2|1.6|absent |0|530426.54
9569|1080|11-08-2020|183.0|8.1|1.7|Present|0|409682.52
9570|1237|04/02/2022|136.0|22.3||present|0|
9571|1316|August 25, 2020|194.1|4.9|3.0|Absent|11491.03|708167.24
9572|1512|24-Apr-2016|145.6|12.2|2.2|Present|0|230471.56
9573|1567|05/07/23|124.8|11.7|2.4|Present|0|558483.31
9574|1029|28/12/24|193.5|0.2|2.0|Present||467487.74
9575|1703|December 28, 2022|183.3||1.6|Present|14768.4|827341.52
9576|1614|July 21, 2022|134.7|11.8|3.7|Present|0|539879.37
9577|1093|12/08/2016|146.5|14.9|1.7|Absent|0|381240.46
9578|1246|06-Feb-2018|169.3|7.6|3.1|present|1317.9|924521.0
9579|1595|22/11/19|155.2|15.2|3.5|Absent|11181.78|375692.79
9580|1636|13-11-2021|197.4|2.1|2.6|absent |0|370544.04
9581|1172|January 02, 2020|158.6|10.0|4.0|Leave|31763.31|386025.76
9582|1846|13-04-2023|163.6|5.8|1.4|present|0|196080.26
9583|1119|2024-04-17|151.2|5.8|1.8|Present|29731.9|391205.63
9584|1556|08/10/2019|165.3|24.1|2.9|Present|8371.17|368423.12
9585|1087|2020-01-04|175.6|24.9|4.2|Present|29289.6|454989.19
9586|1387|2015-06-16|122.9|8.4|4.6|Present|0|254126.84
9587|1503|2017-11-05|145.5|22.0|4.3|Leave|17284.47|311826.94
9588|1666|25/12/24|165.3|12.7||Present|0|581838.69
9589|1773|02/01/23|133.0|22.8|1.0|Present|0|322509.54
9590|1808|2024-12-25|170.0|||Leave|0|498550.52
9591|1053|15-Aug-2016|122.1|17.8|2.6|Present||450717.15
9592|1414|27/01/22|162.7|5.9||Present|27028.42|368607.9
9593|1054|27-02-2024|150.6|17.3|1.7|Remote|0|572903.81
9594|1118|12/05/22|148.3|1.2|3.5|Present|0|796045.42
9595|1154|September 28, 2024|160.0|24.7|2.5|absent |0|914729.34
9596|1625|04/21/2021|152.4|10.5|3.7|Present|0|803342.11
9597|1660|2021-11-19|152.8|1.3|3.5|Present|0|441431.59
9598|1607|26-02-2022|124.9|16.0|4.3|Present|0|191015.81
9599|1693|05/11/22|181.9|11.4|4.3|present|0|698506.87
9600|1231|14-10-2020|122.7|18.5|4.3|Remote|0|359840.56
9601|1581|04/12/2017|128.2|6.8|2.7|present|31206.77|783251.32
9602|1267|2024-07-01||13.0|3.4|absent |20281.57|467497.92
9603|1264|2024-03-20|195.8|8.4|5.0|Present|0|209593.03
9604|1516|2023-10-07|141.9||4.9|PRESENT|21507.39|691680.26
9605|1365|01/04/16|143.2|15.1|2.6|Remote|0|441412.41
9606|1140|12-Feb-2021|169.2|12.4|2.9|Leave|0|352624.9
9607|1215|27-Jul-2023|178.0|4.0|2.4|Present|0|400672.32
9608|1759|10-Nov-2017||21.8|2.6|Present|6806.86|553409.96
9609|1192|10/10/19|170.8|11.5|4.3|Present|0|694771.48
9610|1318|01-Aug-2020|166.9|18.4|2.8|Present||819021.68
9611|1559|27-Mar-2016|179.3|12.4|3.4|Present|0|887510.18
9612|1047|24-08-2024|162.5|0.6|1.5|absent |0|801806.11
9613|1679|09/09/19|193.2|7.2|4.2|Present|27489.06|617635.48
9614|1464|05/28/2021|169.3|9.6|2.1|absent |0|668518.47
9615|1327|March 17, 2024|196.6|20.8|1.2|Absent|0|375786.9
9616|1639|13-Nov-2024|139.9|6.5||Absent|0|188624.78
9617|1265|2021-01-08|161.4|20.2|2.6|Present|0|294001.23
9618|1850|14/04/23|159.1|8.3|4.8|Present|9989.69|771566.72
9619|1556|January 01, 2018|-5.0|1.2|3.9|Present|0|818648.98
9620|1641|05/10/17|197.4|22.0||Absent|16333.62|744795.88
9621|1172|June 17, 2020|148.1||2.5|Remote|0|790682.58
9622|1580|2017-11-21|173.4|24.6|2.9|Present|46081.93|478741.04
9623|1020|06/08/23|124.7||3.8|PRESENT|0|274558.27
9624|1213|20-Oct-2020|180.4|12.5|1.5|Present|0|721823.8
9625|1630|August 11, 2023|165.6|13.9|2.7|PRESENT|0|556607.56
9626|1090|11/15/2022|190.8|11.5|1.4|Present|49061.57|469862.02
9627|1194|2020-01-01|187.1|22.4|2.4|Present|0|383264.33
9628|1031|10/11/2019|150.3|20.3|4.6|Absent|9018.97|297669.5
9629|1467|19-Dec-2019|152.1|21.9|2.7|absent |0|844563.5
9630|1578|September 19, 2018|149.8|16.3|4.0|present||277390.52
9631|1280|20-Jun-2020|151.5|22.2|1.3|Present|0|914808.25
9632|1497|20/05/23|131.8||2.8|Remote|0|514253.37
9633|1407|January 22, 2018|185.1|6.0|2.0|Present|23720.89|676653.05
9634|1596|2024-07-25|133.5|4.7|4.7|Remote|0|791249.85
9635|1759|08/19/2018|175.6|23.1|3.0|Present|0|466075.5
9636|1215|20-10-2017|161.0|23.1|4.5|Absent|0|688202.39
9637|1220|October 07, 2022|145.3|12.7|4.7|Present|46331.81|297685.46
9638|1460|11/15/2024|141.7|16.5|1.4|Absent|0|410814.44
9639|1623|14-Mar-2020|138.0|17.6|3.3|PRESENT|0|208311.21
9640|1506|08-Jul-2024|171.6|12.4|2.3|Present|37609.56|618930.49
9641|1389|01-04-2019|-5.0|21.4|2.1|Present|29539.13|816125.02
9642|1255|August 24, 2020|142.7|18.0|4.4|Present|8394.14|334700.44
9643|1400|09-Aug-2022|178.7|15.5|4.7|Present|11252.56|431899.33
9644|1284|2024-10-07|188.4|21.1|1.9|Present|0|907144.08
9645|1719|13/06/23|139.8||2.3|PRESENT|0|583660.91
9646|1068|12-Oct-2023||22.9|4.1|Absent|0|350574.42
9647|1216|05-08-2023|184.1|6.7|2.5|Present|0|613095.48
9648|1206|20-Oct-2021|125.3|13.9|2.1|Present|0|866526.48
9649|1513|11-07-2018|132.7|12.6|3.0|Present|0|831541.36
9650|1397|04/28/2024|190.5|14.3|4.3|Present|44327.31|826586.25
9651|1293|07/28/2023|159.1|1.8|4.6|Absent|31947.82|788297.31
9652|1053|2023-11-26|144.9|18.8|3.4|Present|0|899248.97
9653|1846|2020-11-17|180.4|1.3|4.4|Absent|0|828842.29
9654|1705|10/06/24||24.5|2.0|Remote|38665.71|227485.58
9655|1762|20-Oct-2020|150.7|3.5|1.4|absent |0|354243.43
9656|1186|04/07/2023|181.8||2.4|absent |0|802260.24
9657|1660|2017-07-15|199.6|17.4|3.6|absent |0|639238.55
9658|1180|08-10-2019|152.9|18.6|4.9|Remote|0|490285.95
9659|1776|01/07/2022|126.1|22.0|1.0|present|33575.27|417421.15
9660|1292|2024-04-26|122.7|7.3|3.4|Present|22771.17|432443.09
9661|1466|22-Jan-2021|180.1|3.9|2.9|absent |0|604745.25
9662|1030|February 21, 2021|155.0|14.9|1.0|Absent|0|511097.89
9663|1832|December 07, 2023|186.5|6.1|2.3|Absent|0|249392.9
9664|1443|April 18, 2022|133.5|1.9|4.4|Remote|43865.13|479450.64
9665|1535|10/17/2018|170.6|3.1|1.5|Absent|0|681659.39
9666|1136|16/12/22|170.3|25.0|3.6|Leave|0|632674.79
9667|1355|April 04, 2018||9.2|3.5|Present|30789.13|640970.82
9668|1278|04/02/2022|171.7|0.2|2.9|Remote|0|608272.35
9669|1636|23/01/23|144.4|9.3|3.2|Present|22107.56|648921.56
9670|1622|08/11/2018||7.3|4.7|present|0|245192.49
9671|1567|04/07/17|185.0|14.0|3.5|Present|12329.33|893149.07
9672|1434|04/03/18|142.7|20.8|2.1|Absent|0|414267.16
9673|1691|07-05-2020|150.5|3.9|4.9|Leave|0|233159.47
9674|1743|January 14, 2023|184.5|9.5||Present|0|444372.13
9675|1683|July 09, 2019|-5.0|13.8|1.5|present|0|488187.03
9676|1778|06/01/2024|155.4|5.6|2.1|Remote|0|398743.92
9677|1029|25-Dec-2017|162.4|14.2|1.0|Present|0|402819.91
9678|1235|25/07/24|199.1|10.7|4.3|absent |0|609896.1
9679|1698|03/05/21|168.4|13.7|1.8|Remote|17204.41|447173.37
9680|1577|February 03, 2020|125.7|8.1|4.8|Present|0|637851.61
9681|1727|June 01, 2022|121.9|8.6|2.7|Present|0|819367.89
9682|1239|01/26/2024|141.3|24.4|2.3|PRESENT|0|162618.84
9683|1218|22/07/23||20.6|1.5|Leave|0|849701.64
9684|1691|27-06-2017|165.0|2.8|4.1|PRESENT|0|563881.11
9685|1470|2023-08-07|141.4|18.0|1.3|Present|0|364614.74
9686|1474|February 08, 2024|150.0|23.0|3.9|Present|0|
9687|1690|23-Nov-2024|158.6|7.6|4.8|Present|0|844120.97
9688|1491|12/14/2021|139.0|15.2|2.3|absent |0|550737.82
9689|1236|16-02-2024|120.9|7.1|2.7|Present|0|683230.63
9690|1277|November 15, 2020|142.4|5.4|2.7|absent ||762738.64
9691|1625|2022-08-22|165.8|5.2|3.8|Present|0|512538.86
9692|1244|28/03/17|-5.0|4.4|2.6|Present|0|919166.13
9693|1120|10-12-2021|197.4|15.7|2.4|Present|29201.01|177583.54
9694|1527|March 09, 2019|140.5|8.3|1.7|present|8700.78|172642.55
9695|1383|08/02/17|133.7|12.9|3.5|absent |0|877324.9
9696|1378|07-05-2024|195.1|1.8|4.7|present|4917.69|757271.38
9697|1822|04-Dec-2017|159.0|20.3||Present|0|708136.1
9698|1048|April 27, 2023|158.5|10.0|3.5|Remote|0|443117.63
9699|1772|2017-12-10|145.0|21.6|2.9|Present|33073.38|786244.0
9700|1746|05/09/2019|136.4|13.2|4.9|Absent|0|857724.92
9701|1298|13/12/24|192.3|13.1|4.0|Absent|0|804901.6
9702|1621|02-07-2020|150.8|8.8|1.8|PRESENT|0|173403.11
9703|1112|April 28, 2024||7.0|1.1|Present|0|531360.92
9704|1173|16-10-2022|127.1|8.7|1.8|absent |0|833855.11
9705|1151|28-01-2023|155.5|9.3|2.8|Remote|46363.12|160120.51
9706|1099|2019-04-21|123.4|7.2|2.4|Leave|0|357055.64
9707|1246|06/22/2024|133.4|7.3|3.5|PRESENT|0|364912.35
9708|1151|11/22/2015|129.8|23.0|4.7|Present|0|779456.1
9709|1539|02-12-2023|121.1|1.5|1.8|Present|0|778355.81
9710|1370|July 17, 2019|125.6|0.6|2.7|absent |14453.13|476374.49
9711|1074|06/05/2018|182.0|24.1|3.3|Present|0|196388.55
9712|1032|27-07-2022|138.4|17.3|2.2|Leave|10927.9|
9713|1256|2020-10-25|177.5|16.3|2.2|Present|0|519882.94
9714|1012|June 04, 2020|188.2|16.0|1.0|Absent|0|583428.11
9715|1759|01/09/24|130.8|12.6|3.9|Present|0|492561.17
9716|1162|06/19/2018|188.7|18.7|3.4|present|49400.92|741350.04
9717|1242|22-Aug-2024|145.8|24.3|2.8|absent |0|358692.24
9718|1082|05/22/2018|141.7||3.3|Present|0|347642.6
9719|1240|21-May-2024|154.1|21.3|3.9|Present|0|746104.6
9720|1410|07/27/2024|182.3|23.8|1.5|Leave||786489.96
9721|1375|22/08/19|137.3|19.3|4.5|Present|0|225391.37
9722|1231|22-Apr-2024|182.5|19.9|3.9|Absent|0|619702.16
9723|1709|05/11/24||10.1|2.8|Present|46161.54|937978.02
9724|1168|04/19/2023|178.4|5.0|2.2|Remote|46313.68|685271.13
9725|1755|14-09-2022|188.8|12.4|1.8|Absent|0|427281.32
9726|1292|01/25/2023|178.3|20.0|1.1|Remote|0|530796.82
9727|1327|23-02-2021|181.7|8.3|3.6|Present|35765.44|427034.74
9728|1025|04-Dec-2022|175.8|22.2|4.4|absent |0|344473.83
9729|1563|2021-03-05|193.8|18.8|4.9|Leave|27035.23|833755.7
9730|1567|16-Sep-2018|194.8|4.1|3.7|Present|28801.62|782978.05
9731|1800|15-03-2019|170.0|17.5|2.1|Present|0|729821.48
9732|1171|March 20, 2020|196.9|1.3|1.8|Present|0|662832.9
9733|1090|12/01/2017|150.9|6.8|2.9|Present|0|663689.89
9734|1657|08-Feb-2024|136.9|24.2|1.0|present|0|681562.96
9735|1149|2021-07-21|127.4|24.8|3.0|Absent|6714.49|727445.35
9736|1731|26/08/23|123.8|12.7|3.5|present|0|438345.71
9737|1276|20/07/18||19.0|1.5|Present|47770.34|
9738|1404|02-Jul-2019|135.1|6.7|4.6|Present|0|505934.05
9739|1674|13-03-2021|147.0|13.4|1.6|Present|0|160612.34
9740|1709|2021-01-26|137.8|19.7|4.6|Remote|6797.38|542947.66
9741|1828|August 23, 2023|168.2|13.3|3.0|Present|47411.76|745154.74
9742|1830|02-05-2020|177.3|17.0|1.6|Leave|0|820052.82
9743|1331|24/01/19|155.9|3.8|4.8|Present|0|886985.89
9744|1312|09/23/2021|176.4|17.9|2.3|present|0|656794.71
9745|1764|06/02/2024|124.2|21.6|3.1|Absent|0|865517.3
9746|1391|23-06-2020|164.2|9.5|1.4|absent |48818.4|635503.92
9747|1195|01-02-2023||14.9|4.3|Present|2590.48|240348.85
9748|1492|23-Jan-2023|146.2|0.2||Present|0|566429.42
9749|1188|2022-11-05|139.3|2.9|3.3|Leave|0|623211.99
9750|1144|02-Sep-2022||0.9|4.5|Leave|0|153153.23
9751|1647|10/03/2019|156.1|9.5|3.4|absent |0|762441.08
9752|1162|04/06/15|195.8|21.0|1.5|Leave|0|634595.51
9753|1232|2022-05-14|135.2|14.1|4.8|Leave|0|539286.09
9754|1721|17-Jul-2020|137.2||1.2|Remote|14428.07|895900.2
9755|1454|November 01, 2024|163.0|8.8|1.5|Present|46389.98|815159.49
9756|1831|2023-12-24|196.4|12.5|4.8|PRESENT||531755.53
9757|1704|26-12-2024|199.6|6.0|1.8|Absent|0|441186.81
9758|1440|15/08/19|123.2|24.6||Leave|0|585522.69
9759|1648|01/06/17|159.5|24.7|2.3|Leave|0|228908.87
9760|1607|18-Sep-2023|161.4|23.6|1.3|PRESENT|0|199299.82
9761|1130|November 26, 2023|184.9|25.0|3.4|present|0|702727.65
9762|1443|21-May-2021|128.8|13.0|2.1|present|0|562723.53
9763|1291|06/01/2024|126.9|21.1|4.2|Absent|0|571905.79
9764|1596|09/28/2021|199.0|16.9|4.1|present|0|150205.29
9765|1577|October 24, 2022|121.4|3.9|3.1|absent |1068.5|331615.34
9766|1313|24-May-2021|144.2|3.7|1.6|present|0|176407.34
9767|1345|18-Nov-2019|141.7|7.4|2.3|present|18878.48|531244.48
9768|1846|2023-07-17|128.4|2.7|1.5|absent |768.39|814043.54
9769|1482|28/01/18|141.6|22.2|1.9|Remote|0|595205.15
9770|1155|11/05/2021|182.3|5.0|3.9|Present|0|936942.08
9771|1240|2021-07-25|180.1|19.9|3.6|Present|0|156974.32
9772|1785|10/14/2021|199.7|17.0|4.9|Present|0|466927.46
9773|1061|26/08/24|153.5|6.0|1.6|Present|0|701215.96
9774|1062|11/06/2020|194.5|9.6|1.8|absent |0|942434.31
9775|1410|12/11/2019|156.3|20.8|2.2|Present|0|531648.54
9776|1533|2019-08-22|136.9|4.7||Absent|0|840483.64
9777|1495|2024-05-19|176.5|18.4|2.0|Remote|0|675822.66
9778|1569|03-Aug-2015|153.8|16.0|1.7|absent |0|848730.25
9779|1008|2021-07-28|148.3|20.6|2.0|Present||257296.31
9780|1289|01-11-2022|161.8||4.2|Present|0|829640.31
9781|1453|July 20, 2021|150.5|13.1|3.8|Leave|0|654638.75
9782|1641|08/01/2018|148.4|15.0|4.0|Leave|38924.1|202989.61
9783|1539|2024-08-15|-5.0|8.0|4.5|Present|0|571494.85
9784|1245|May 09, 2024|165.4|0.1|4.7|Remote|0|165624.06
9785|1482|2019-08-28|128.7|23.6|1.3|Absent|31067.6|707889.75
9786|1418|06/04/19|197.5|2.6|2.2|Present|0|778093.28
9787|1849|07/01/24|166.6|21.8|1.4|Leave|33474.62|429148.83
9788|1425|07/10/2020|176.4|10.4|1.2|Present|0|379457.4
9789|1387|09-11-2017|129.9|20.0||Present|0|324332.05
9790|1168|06/27/2023|172.3|13.5|3.8|Present|0|933950.14
9791|1113|01/17/2018|178.2|16.1|2.4|PRESENT|0|617989.26
9792|1516|15/06/22|129.1|24.5|2.9|Present|0|926039.86
9793|1499|05-Jun-2016|188.7|24.6|2.3|Present|31945.69|906810.51
9794|1666|2023-05-10|157.0|8.5|1.9|Present|0|219231.85
9795|1781|May 14, 2024|144.0|23.4|4.4|Present|0|455694.52
9796|1172|04-11-2022|127.7|24.8|4.2|Leave|32941.2|902216.13
9797|1626|10/12/2022|120.0|7.2|3.0|Present|0|179597.17
9798|1777|14-Mar-2021|173.8|6.0|3.1|Remote|0|273037.48
9799|1595|21/04/17|128.8||3.0|Present|16164.97|526175.14
9800|1302|23-Mar-2022|136.2||1.9|Present|47734.68|780540.5
9801|1155|25/10/21|187.3|9.7|4.4|Remote|0|335608.42
9802|1448|September 22, 2023|180.0|21.4|1.4|Absent|0|295488.73
9803|1780|2023-06-08|193.1|7.3|3.9|Present|27917.84|475627.78
9804|1553|10-12-2023|193.7|7.2|1.5|Present|0|892635.31
9805|1434|December 12, 2019|194.7|24.4|4.0|Present|0|908049.9
9806|1143|19-08-2023|189.5|10.9|2.6|PRESENT|0|386493.66
9807|1504|2023-12-17|170.4|23.6|1.4|present|0|727245.78
9808|1791|23-Jan-2016|140.0|5.8||Present|24327.44|861852.4
9809|1064|October 03, 2024||19.3|3.2|Present|0|679231.89
9810|1686|April 15, 2021|157.1|17.5|1.6|Remote|0|695266.6
9811|1774|22/04/24|131.0|11.9|3.1|Present|0|
9812|1729|22/01/17|170.7|6.8|1.4|Present|0|252209.94
9813|1304|2024-04-16|132.6|11.7|4.9|Absent|17447.86|824101.25
9814|1417|February 06, 2022|171.1|9.7|4.6|Leave|34290.69|608007.14
9815|1635|2024-07-22|171.2|23.4|2.8|absent |0|304771.28
9816|1145|16-03-2024|137.0|3.2|4.4|Present|0|340430.51
9817|1639|2021-04-04|170.5|4.3|4.5|present|0|635762.47
9818|1540|20-Apr-2021|164.0|20.0|3.8|Present|0|194773.97
9819|1807|07/27/2019|137.8|9.8||absent |0|289468.64
9820|1234|February 01, 2019|162.1|7.5|1.5|Present|4352.59|718085.77
9821|1148|09/08/16|175.8|12.4|2.7|Present|0|573001.18
9822|1625|2020-03-13|146.3|7.7|3.2|present|0|777432.03
9823|1060|February 14, 2022|185.5|10.4|1.7|Present|2757.58|151625.73
9824|1581|2019-12-14|140.4||1.7|Leave|0|512773.75
9825|1224|December 13, 2016|152.2|3.8|3.0|absent |0|315741.39
9826|1434|10/12/2018|150.8|14.1|3.9|Present|0|
9827|1391|02/18/2021|149.4|15.6|3.6|Remote|46103.13|697830.01
9828|1161|15/09/21|183.9|4.2|2.5|Remote|0|568618.78
9829|1257|10/06/21|180.4|13.8|2.0|Leave|40998.86|692832.63
9830|1135|23-Mar-2020|195.0|12.5|2.8|Leave|0|368931.94
9831|1691|July 07, 2015|167.7|12.2|2.0|Remote|0|362086.56
9832|1036|May 27, 2022|143.1|13.9|2.4|Present|40336.25|294297.58
9833|1487|26-Feb-2019|172.8|1.1|1.0|Present|0|295329.52
9834|1801|22-11-2023|138.8|20.0|1.4|PRESENT|0|588153.51
9835|1138|22-Feb-2023|126.9|0.6|2.0|Present|22723.27|746622.45
9836|1579|14/07/23|195.3|11.7|2.2|Absent|0|776455.53
9837|1556|08/14/2021|130.1|14.4|4.4|Remote|0|919171.11
9838|1404|March 27, 2024|175.1|1.8|2.8|present|45831.42|642614.72
9839|1353|2017-02-15|188.0|17.7|4.1|Present|2007.38|936227.62
9840|1344|23-Jun-2024|139.1|5.1|3.3|absent |42359.95|570445.29
9841|1613|02-Nov-2024|150.6|9.2|1.5|Leave|0|913649.07
9842|1787|March 27, 2021|132.8|21.8|3.8|absent |0|616284.59
9843|1535|17-Apr-2021|162.6|9.4|3.8|Present|9111.13|871423.61
9844|1136|06-04-2024|129.7|4.7|2.3|PRESENT|0|933390.86
9845|1539|14-02-2024|162.4|2.1|2.8|absent |0|803034.86
9846|1576|April 02, 2020|189.5|17.1|2.9|Present|0|183153.93
9847|1559|17-10-2018|189.3|15.7|4.8|Absent|0|908011.12
9848|1535|05/26/2021|174.5|19.6|3.7|Absent|0|
9849|1100|28/07/24|132.5|21.9|4.0|Leave|11832.08|787349.27
9850|1518|27/07/19|156.5|4.9|2.1|Present|0|413613.54
9851|1744|13/06/20|150.5|8.6|1.4|Present|0|630247.57
9852|1701|18-Apr-2020|164.2|14.7|3.2|Present|0|345160.99
9853|1340|17-08-2024|183.3|11.4|1.3|Remote|30274.64|629603.91
9854|1234|2018-07-28|199.4|13.8|3.8|Present|0|397131.29
9855|1841|05-Jan-2019|180.8|17.2|3.0|Absent|0|751881.67
9856|1810|03-Mar-2022|181.9|21.9|3.2|Remote|0|364117.76
9857|1105|08/04/2024|198.0|15.5|2.1|Leave|0|308837.21
9858|1001|10-Mar-2017|120.3|14.2|3.8|PRESENT|0|193194.31
9859|1626|11-Feb-2020|199.4|6.7|4.8|present|0|538185.61
9860|1680|03-Apr-2023|174.9|13.9|1.0|Leave||296677.3
9861|1743|October 24, 2019|160.5|3.6|4.4|Absent|9197.3|
9862|1610|28/01/24|159.6|13.5|2.8|absent |0|862134.36
9863|1531|11/27/2023|144.7|4.6|1.5|Present|14562.0|234541.79
9864|1312|01-11-2016||22.8|1.7|Present|0|
9865|1274|13-Nov-2020|124.2|8.3|2.4|Present|47774.51|865565.02
9866|1354|07/27/2023|191.3|10.9|3.7|Present|0|357815.29
9867|1231|08-05-2020|148.8|17.3|2.9|Present|0|372142.39
9868|1639|08/25/2023|136.1|10.8|2.7|Present|47573.88|639906.98
9869|1005|March 09, 2023|138.6|4.4|4.9|Remote|23117.57|322670.03
9870|1405|27-04-2021||4.0|2.3|Present|0|503355.48
9871|1744|08/25/2018|153.6|18.6|4.6|Present|24846.4|163701.93
9872|1170|January 27, 2024|136.5|11.6|4.3|Present|0|938466.61
9873|1577|08/27/2024|128.3|10.4|4.8|Present|0|945016.59
9874|1727|28-Jul-2022|184.4|9.9|2.8|absent |0|920114.17
9875|1038|02/16/2021|160.8|9.1|1.8|present|0|231105.73
9876|1490|23-Nov-2024|147.4|16.3|1.9|PRESENT|0|159594.71
9877|1526|19-04-2019|126.1|9.0|4.2|Absent|0|760061.0
9878|1619|2024-06-19|178.5|7.9|4.3|Present|27656.21|305553.02
9879|1175|10/08/2021|195.7|5.3|3.9|absent |0|862576.23
9880|1486|05/27/2023|192.0|20.6|1.0|Remote|0|904311.8
9881|1839|19-10-2021|175.2|16.1||Present|0|805650.23
9882|1493|10/18/2024|133.3|21.8|2.4|Absent||887384.51
9883|1566|2021-02-27|185.0|7.4|4.9|Present|0|598788.2
9884|1241|17/12/20|143.1||4.4|absent |0|786809.9
9885|1688|August 03, 2021|122.2|9.4|4.2|Present|47397.5|862315.92
9886|1070|04-Dec-2023|180.2|13.2|2.8|Present|39643.46|186405.45
9887|1786|2024-03-27|-5.0|2.5|4.9|PRESENT|45373.51|844534.02
9888|1366|09/13/2022|176.3|20.6|1.4|absent ||679578.37
9889|1235|December 20, 2018|127.8|18.3|1.0|Absent|7888.62|882411.91
9890|1820|2023-07-05|184.5|5.8|3.8|Present|4082.88|873811.57
9891|1662|26-Aug-2018|195.2|13.8|4.2|Remote|0|536132.11
9892|1066|October 15, 2019|149.2|10.1|2.0|Present|4165.54|782987.53
9893|1106|December 03, 2021|148.5|8.9|1.6|Absent|0|241468.58
9894|1618|02/07/2023|159.3|20.1|2.2|Present|0|202088.82
9895|1808|2023-11-13|121.6|15.2|4.8|PRESENT|4140.18|395772.51
9896|1523|26/12/20|180.8|16.9||PRESENT|33510.42|601988.75
9897|1759|19-May-2020|131.0|8.8|1.7|Absent|0|640633.92
9898|1329|2020-04-08|145.8|6.7|2.0|Remote|0|829686.51
9899|1586|2024-03-22|144.7||4.7|Present|0|642795.41
9900|1067|2018-12-15|198.6|24.4|1.8|Present|5173.76|858923.85
9901|1681|03/07/21|132.9|1.4|4.5|Leave||381190.11
9902|1622|July 09, 2021|148.7|19.6|3.3|Absent|0|309387.3
9903|1216|2023-07-09|195.0|4.8|4.6|Absent|0|744719.1
9904|1083|22-04-2018|180.3|1.1|2.6|Present|4341.42|888995.46
9905|1538|2023-04-08|177.4|0.3|4.8|Remote|0|447988.37
9906|1142|07/25/2024|126.4|16.1||Leave|22332.48|230719.65
9907|1210|06-Feb-2023|177.9|8.4|1.1|Present|0|561374.39
9908|1520|19/09/24|190.0|||Present|0|531769.16
9909|1708|2024-06-24|147.7|10.3|4.5|PRESENT|0|898798.72
9910|1122|2022-02-06|155.5|1.6|1.1|Present|0|374138.16
9911|1161|15-Apr-2021|149.1|21.8|2.3|Present|0|405554.18
9912|1841|08/04/2023||10.8|4.2|Remote|0|173471.3
9913|1173|21-Aug-2023|146.1|14.3|2.0|Absent|0|158267.21
9914|1496|November 24, 2023|140.4|16.1|3.9|Leave|0|549236.16
9915|1676|21/05/23|168.5||3.3|Present|0|902082.85
9916|1224|June 20, 2017|159.3|0.6||Remote||809540.18
9917|1452|27-07-2022|141.6|23.2|4.3|Present|0|281144.19
9918|1736|2020-01-10|180.2|12.8|4.9|Remote|26161.68|220706.59
9919|1287|07/02/2024|140.8|23.4|2.1|present|0|414279.07
9920|1330|February 02, 2024|160.7|7.5|2.8|present|0|401043.66
9921|1434|23-09-2024|170.8|20.8|2.9|Present|0|404327.31
9922|1625|April 18, 2024|173.4|21.9||PRESENT|0|609972.27
9923|1646|15/01/24|196.8|23.9|2.5|Remote|0|770080.66
9924|1526|2022-10-04|137.4||1.6|absent |7654.64|217015.2
9925|1311|July 02, 2022|124.6|17.5||Present|0|877412.65
9926|1465|December 02, 2023|162.0|19.6|1.9|Present||688045.98
9927|1563|06-10-2017|136.4|17.0|2.1|Present|42204.33|367053.4
9928|1610|10-Sep-2024|172.8|20.3|1.4|Present|23359.93|661814.76
9929|1239|07/16/2021|151.4|9.8|2.8|Present|35419.28|802768.69
9930|1419|December 02, 2019|153.6|16.7|1.7|absent |0|257698.05
9931|1182|January 09, 2022|196.3|9.6|3.4|present|0|328528.28
9932|1500|10-12-2022|193.7|21.0|4.7|absent |0|216581.48
9933|1282|28-Jan-2019|165.2|6.0|2.1|Absent|0|510190.28
9934|1581|01/07/22|131.1|1.1|3.4|Remote|0|465597.01
9935|1320|24/09/22|184.5|1.2|1.2|Present|0|709410.16
9936|1222|2016-07-25|153.5|6.6|3.0|Present|0|557860.51
9937|1699|08/08/21|131.9|10.6|5.0|Present|39113.41|
9938|1832|04-Jun-2017|184.9|10.3|2.9|Present|3230.89|
9939|1440|January 21, 2024|137.8|13.8|4.6|Remote|12730.15|421422.05
9940|1816|27/03/23|164.0|4.5|2.0|Present|0|296490.39
9941|1339|12/02/22|149.5|3.3|1.7|present|0|392960.44
9942|1227|03/08/22|125.6||3.2|Remote|0|836297.89
9943|1775|March 08, 2018|196.5|4.6|3.0|Leave|0|605658.41
9944|1508|05-06-2019|189.4|2.6||Present|0|207358.23
9945|1339|02-Sep-2016|177.7|11.8|3.4|Present|12407.88|176681.69
9946|1802|11-07-2018|176.1|23.8|1.0|PRESENT|0|765994.69
9947|1551|02/16/2019|160.3|1.3|3.3|Present|0|604417.62
9948|1127|05-Aug-2022|133.0|11.3|3.5|PRESENT|24861.97|941534.6
9949|1001|07-02-2020|177.6|11.3|3.6|Absent|46338.85|527747.27
9950|1626|06/26/2020|147.3||2.8|Present|0|855555.14
9951|1087|12-Dec-2020|168.6|19.4|1.6|PRESENT|6754.04|590401.78
9952|1591|12/07/18|170.9|18.8|3.0|PRESENT|0|930370.03
9953|1654|May 16, 2016|124.0||2.6|absent |14368.48|396457.02
9954|1802|12-02-2024|193.0|3.3|3.9|Present|0|333330.58
9955|1702|12/10/2022|180.6|25.0|4.4|Present|244.27|233632.93
9956|1233|06/15/2018||1.4|3.9|Leave|0|369448.17
9957|1033|August 21, 2020|184.0|1.9|3.3|Present|0|639631.46
9958|1523|2021-05-16|152.9|20.1|3.2|present|0|804079.94
9959|1512|August 17, 2017|134.8|14.6|3.4|Remote|0|686953.47
9960|1565|11-07-2023|175.9|19.2|4.2|Leave|0|560736.38
9961|1441|07-07-2020|165.5|5.7|1.5|PRESENT|0|716664.53
9962|1043|March 02, 2020|149.8|20.6|1.9|present|41276.26|692242.61
9963|1418|19/10/21|196.1|20.7|1.2|Present|0|390466.62
9964|1712|05/04/21|173.3|11.4|3.9|Absent|7783.09|416302.29
9965|1586|02/07/2024|129.6|19.3|2.1|PRESENT|0|461576.42
9966|1478|07-08-2023|161.1|16.8|3.7|Remote|2525.03|718822.63
9967|1671|01/07/2019|180.0|21.5|3.9|absent |6284.7|658452.65
9968|1327|06/05/21|165.7|20.4|1.1|Leave|0|804367.9
9969|1190|21-11-2022|188.9|0.5|4.0|present|0|500352.18
9970|1325|15/08/21|143.9||3.1|PRESENT||717331.01
9971|1607|2023-12-22|152.6|24.1|3.4|PRESENT|0|
9972|1826|23-09-2021|191.6|8.0|4.3|Remote|0|463622.6
9973|1007|January 27, 2015|122.0|21.5|2.7|Present|0|215959.58
9974|1730|19/09/21|141.8|0.5|2.9|Remote|0|727917.99
9975|1118|2023-11-14|145.8|2.9|4.4|Present|0|282451.47
9976|1004|26-Oct-2023|197.3|3.4|4.7|Remote|0|791734.85
9977|1206|09/25/2024|199.1|15.0|2.9|Present|0|676628.41
9978|1785|March 01, 2022|171.8|5.0|2.4|Present|0|328332.81
9979|1331|22-05-2018|187.0|24.5|2.4|present|0|566780.8
9980|1807|20-07-2020|120.4|23.2|1.3|Leave|0|745008.24
9981|1393|07/04/2022|145.8|11.3|1.8|present|0|423169.57
9982|1230|2019-08-23|151.3|17.8|2.6|Present|17149.1|454758.97
9983|1006|07/10/2016|160.2|10.3||Leave|0|755466.07
9984|1500|2023-06-02|182.8|5.0|3.8|Present|0|858466.97
9985|1457|13/12/24|175.8|14.0|1.7|PRESENT|0|
9986|1748|02-Feb-2023||0.3|3.6|Remote|0|239715.88
9987|1318|April 11, 2020|199.0|1.2|3.7|absent |0|662134.63
9988|1213|16-08-2023|195.2|11.8|4.0|Absent|0|693521.81
9989|1019|04-Apr-2024|135.5|23.5||absent |0|945137.03
9990|1490|October 23, 2015|137.4|17.2|1.5|Present|0|404274.13
9991|1500|12/14/2015|184.3|21.0|3.8|Present|0|521451.29
9992|1201|2022-03-16|156.1||2.7|absent |0|888410.09
9993|1475|January 23, 2024|134.7|0.7|3.7|Present|24660.41|394647.21
9994|1799|25-May-2022|147.7|13.1|4.2|absent |0|635030.82
9995|1339|01-Nov-2022|197.5|16.2|1.9|Remote|0|823801.74
9996|1288|27-Oct-2022|139.2|10.7|2.6|Present|0|407384.79
9997|1172|02/10/2018|123.1|12.5|4.7|Present||654553.55
9998|1153|01/13/2018|178.5|1.4|1.2|PRESENT|12365.84|730814.55
9999|1849|09-12-2022|136.7|24.8||Leave|44302.16|215995.03
10000|1103|2024-06-14|183.9|7.7|4.3|PRESENT|0|889646.04
10001|1325|November 04, 2016|185.3|21.1|2.1|absent |0|791178.94
10002|1117|December 03, 2024|154.5|1.4|4.7|Remote|0|642283.68
10003|1076|01/20/2018|194.2|13.8|1.7|Present|0|739376.66
10004|1408|2017-04-16|148.0|16.0||Present|0|694476.61
10005|1779|2022-05-06|197.4|13.1|1.3|Leave|0|270116.33
10006|1553|2021-11-06|189.5|9.1|4.8|Remote|0|313484.69
10007|1507|11/03/2016|170.4|2.5|3.2|Present|0|237965.67
10008|1562|01/16/2024|183.6|2.5|5.0|absent |0|565296.18
10009|1648|04/09/22|154.6|18.3|2.1|Remote|0|572719.4
10010|1165|November 14, 2017|187.1|7.2|4.7|Present||319556.43
10011|1562|13-Dec-2022|139.7|13.0||PRESENT|12772.81|656874.18
10012|1736|20-Aug-2018|136.3|12.2|4.1|Remote|0|431901.75
10013|1161|05-Jul-2023|167.0|21.8|1.1|Present|0|775622.02
10014|1232|2024-08-07|177.3|23.0|1.8|Absent|0|778052.19
10015|1059|2016-03-14|188.6|6.4|4.3|Absent|28054.95|211519.69
10016|1604|07-Apr-2020|145.1|11.1|2.8|Present|0|654664.5
10017|1390|09/24/2021|124.5|14.2|3.2|Leave|0|727427.89
10018|1516|11/11/24|168.0|16.7|2.1|absent |0|725411.77
10019|1604|01/19/2018|132.6|1.3|3.9|Leave|0|428388.97
10020|1521|2021-12-27|122.7|16.6|1.6|Present|0|268311.35
10021|1525|09/06/2017|120.7|17.8|1.6|PRESENT|35310.93|283735.93
10022|1677|10/03/23|149.7|12.6|3.6|absent |30926.31|358475.86
10023|1421|12/13/2023|182.6|12.2|1.8|Leave|0|612265.31
10024|1160|2016-02-26|154.9|16.6|2.9|Present|0|
10025|1458|2020-04-13|137.0|24.9|4.9|Absent|41107.69|478222.43
10026|1212|08/08/24|181.6|24.0|2.8|absent |0|709305.81
10027|1404|27-03-2021|160.3|8.0||Present|0|270067.23
10028|1216|10-08-2024|149.3|11.7|3.5|absent |5606.44|923957.29
10029|1193|December 24, 2024|174.3|17.5|4.2|Present|7392.62|827723.3
10030|1232|12/01/2024|130.2|11.1|4.2|Present|0|907166.58
10031|1658|27-02-2022|130.2|23.0|3.1|Present|23498.19|281456.3
10032|1393|11/10/2020|147.1|18.1|2.6|Present|0|
10033|1822|06/17/2020|154.6|13.3|1.5|Present|0|681441.78
10034|1495|February 20, 2018|170.9|10.0|4.2|Absent|35048.07|320903.71
10035|1691|2017-12-05|181.2|13.0|3.0|absent |0|925834.35
10036|1362|November 23, 2024|183.7|24.6|1.1|Absent|45814.96|750358.15
10037|1631|13/05/20|177.3||2.8|present|43520.55|891319.43
10038|1527|13-10-2023|185.8|5.6|2.6|Present|0|648195.76
10039|1450|10/22/2024|184.6|22.4||Leave|0|369527.46
10040|1244|02/25/2022|197.8||4.0|absent |24885.96|245803.66
10041|1300|2019-08-16|186.4|21.0|2.6|Remote|0|607743.62
10042|1810|December 17, 2023|176.0|0.5|2.7|Present|0|
10043|1547|September 16, 2022|122.5|15.5|1.8|Present|0|181272.84
10044|1421|2015-03-25|125.2|0.9||PRESENT|0|750841.02
10045|1490|June 01, 2015|195.8|7.7||Present|0|211184.21
10046|1786|12/05/2020||24.9|4.8|present|0|231577.47
10047|1773|April 11, 2024||16.0|3.3|Remote|0|866611.05
10048|1302|January 01, 2020||24.1|3.2|Present|15682.83|187690.58
10049|1482|07/16/2021|150.7|12.2|2.2|Present|0|900036.85
10050|1254|April 22, 2023|176.1|10.8|3.6|Absent|0|
10051|1077|07-Jan-2019|143.1|1.2|2.6|Remote|0|216434.03
10052|1105|01-01-2022|139.9|20.8|4.2|Leave|0|787574.93
10053|1383|24-11-2024||12.3|4.6|absent |0|194928.65
10054|1053|19-01-2017|120.4|0.6|3.6|present|0|541047.95
10055|1753|25-06-2022|185.0|0.2|4.9|present|3915.57|169388.84
10056|1349|2023-08-16|-5.0|11.0|4.6|PRESENT|0|941073.86
10057|1095|2022-02-04|131.7||4.5|Leave|12894.63|770783.68
10058|1535|10-May-2020|176.7|15.7|2.0|PRESENT|15680.86|
10059|1581|08/10/2023|167.4|16.7|4.7|Present|26184.95|
10060|1526|December 10, 2021|184.2|10.6|3.0|Present|0|223841.74
10061|1242|2022-08-10|176.8|4.9||Leave|0|672822.7
10062|1563|September 04, 2017|191.0|8.1|4.9|Remote|0|325188.36
10063|1589|August 06, 2023|187.6|11.2|3.6|Remote|0|167272.52
10064|1445|2022-12-01|167.2|7.1|3.0|present|23443.29|201808.75
10065|1728|05/27/2019|190.7|10.6|1.3|Absent|0|
10066|1795|05/21/2024|122.3|19.8|2.5|Leave|0|789370.99
10067|1491|12/03/24|129.6|14.4|1.1|Remote|0|548080.68
10068|1496|17-12-2023|128.5|8.2|3.9|PRESENT|0|744939.82
10069|1604|December 17, 2016|153.8|19.1|3.8|present|0|394425.71
10070|1151|12-02-2023|183.3|24.2|2.1|Remote|0|631027.63
10071|1465|22-Oct-2022|179.7|3.4||Present|0|229394.31
10072|1230|2021-11-12|194.3|11.0|4.2|Present|40568.61|896871.76
10073|1074|April 13, 2024|138.5|22.5|1.7|Remote|0|598362.42
10074|1490|November 23, 2018|185.7|1.3|1.1|Absent|47014.78|445142.19
10075|1325|19-10-2023|156.9|9.2|2.2|Remote|0|806693.65
10076|1219|07/21/2022|161.8|21.2|4.7|Absent|0|563623.47
10077|1089|17/08/20|163.7|8.9||Present|7820.4|786663.81
10078|1561|25/07/19|127.7|13.2||Absent|0|445191.17
10079|1794|08-12-2020|193.2|24.7|3.5|absent |0|506587.77
10080|1576|04/07/2023|177.3|6.3|4.3|Present||326570.62
10081|1490|08/03/20|166.2|4.6|2.4|Remote|0|823342.67
10082|1336|2020-10-11|141.0|21.5|2.1|Leave|0|
10083|1003|2023-02-05|153.7||4.9|PRESENT|43280.33|884343.46
10084|1324|February 15, 2024|136.5||3.6|absent |0|672581.94
10085|1008|December 03, 2022|124.2|1.5|4.4|absent |1131.61|708633.8
10086|1540|2018-04-16|121.2|16.8|4.7|absent |0|479518.34
10087|1369|23-Jan-2023|-5.0|19.5|1.1|Present|0|436000.17
10088|1744|10/12/19|126.1|15.4|4.2|Remote|0|578281.0
10089|1490|26-03-2023|186.8|16.1|4.5|Remote|0|788852.87
10090|1577|2023-05-05|137.4|5.1|2.7|Absent|0|
10091|1287|22-11-2020|150.0|8.8|1.4|absent |0|240175.46
10092|1420|10-Jun-2024|141.0|10.0|3.0|Absent|0|491499.36
10093|1525|14-10-2023|197.9|21.1|2.4|Present|42570.78|179394.96
10094|1077|04-Oct-2023|157.6|4.5|3.9|Absent|0|169877.36
10095|1754|22-Feb-2023|147.8|12.6|3.5|PRESENT|39828.55|849852.67
10096|1523|August 10, 2019|195.1|20.6|2.4|Absent|0|255826.11
10097|1310|October 26, 2021|146.6|0.7|2.9|Present|0|445589.09
10098|1008|2023-11-16|195.7|2.2|4.5|Present|0|351865.85
10099|1322|2024-03-07|140.2|25.0|4.1|absent |0|577549.54
10100|1048|2020-04-22|174.4|21.9|3.4|present|0|369799.27
10101|1371|22-12-2021||21.9|3.6|Absent|0|317117.9
10102|1397|22-01-2023||5.1|1.8|Remote|0|703811.79
10103|1434|21-Oct-2017|148.4|24.9|2.9|Leave|15993.67|166750.41
10104|1658|06/02/18|177.3|1.8|4.5|PRESENT|0|464754.32
10105|1734|2022-12-09|167.3|7.5|4.8|Present|0|915461.55
10106|1539|06/12/20|127.5|22.3||absent |569.73|493238.14
10107|1410|2016-08-15|143.9|14.9|4.0|Present|0|557474.32
10108|1478|09/16/2020|158.4|8.7|4.5|absent |0|304293.58
10109|1067|19-Dec-2019|133.6|15.9|3.7|Remote|0|176232.59
10110|1737|2023-09-17|135.9|3.0|1.7|present|0|831522.56
10111|1477|June 28, 2019|136.0|23.2|3.4|PRESENT|0|248288.54
10112|1274|2022-08-04|145.3|13.7|4.3|PRESENT|37186.71|692406.37
10113|1350|10-Sep-2022|145.1|22.5|1.1|absent |28559.2|608064.16
10114|1709|March 03, 2024|160.6|23.9||absent |10308.96|656286.71
10115|1779|2017-05-03|185.7|5.4|1.6|present|0|793330.75
10116|1563|05/08/19|172.0|17.2|1.2|Leave|40495.12|462251.2
10117|1005|2017-07-12||21.6|3.5|Absent|0|655782.59
10118|1527|2021-11-20|158.1|20.6|2.4|Absent|0|405521.07
10119|1540|January 22, 2021|145.9|4.1|1.6|PRESENT|0|313679.1
10120|1757|01/25/2020|161.9||4.1|Present|0|886498.96
10121|1375|11/07/23|-5.0|13.9|4.8|Present|0|647397.61
10122|1625|August 17, 2017|171.7|3.9|4.2|Remote|0|554970.43
10123|1647|19-01-2015|173.7|5.8||Absent|0|407146.9
10124|1090|2021-08-24|187.3|5.9|3.2|Present|0|814262.37
10125|1545|08-May-2020|134.9|14.5|4.5|present|0|773247.38
10126|1062|2019-11-13|197.4|7.9||Present|0|689359.5
10127|1098|2023-08-25|125.3|16.4|1.5|Present|29879.39|395371.79
10128|1519|01-Jan-2018|159.8|21.5|2.1|Present|0|807503.61
10129|1215|06-Oct-2018|166.5|11.9|3.6|absent |9625.19|338965.54
10130|1058|11-Jan-2019|128.0|6.3|2.2|Absent|9481.85|723279.39
10131|1220|06/01/16|177.3|25.0|4.2|Present|0|355167.48
10132|1239|06/13/2018|167.4|10.7|4.2|present|0|636903.2
10133|1572|September 04, 2022|164.5|21.6||absent |21949.75|331915.02
10134|1655|02/03/23|190.3|13.8|1.5|absent |44537.53|452510.43
10135|1684|2022-06-17|130.0|8.0|4.6|Present|0|901098.41
10136|1643|August 18, 2024|180.7|9.0|4.7|Present|0|601718.96
10137|1647|2021-06-13|180.1|16.8|4.5|Present|0|165880.16
10138|1313|25/12/24|125.1|19.6|2.0|Present|30718.91|397253.33
10139|1800|13-01-2024|149.6|13.1|3.2|Present|43587.39|608386.92
10140|1699|2021-03-07|140.0|3.8|1.9|Present|46499.59|198372.34
10141|1400|02/01/2024|124.5|16.7|4.4|present|0|924205.39
10142|1421|21/07/20|133.9|21.3|4.3|PRESENT|0|948131.84
10143|1077|16-05-2016|137.9|5.5|2.8|Leave|0|213295.06
10144|1706|2023-05-08|170.2|0.5|3.2|Leave|0|749147.87
10145|1106|26-04-2016|174.4|12.9|4.3|absent |28197.15|225903.2
10146|1237|09/01/2021||3.3|2.0|Absent|0|879897.54
10147|1212|05/07/2018|170.4|21.3|3.8|present|0|169677.04
10148|1509|2023-04-21|-5.0|8.9|4.7|Leave|10142.79|487234.12
10149|1434|11-10-2023|157.7|18.9|3.0|present|0|610840.88
10150|1215|08/08/22|138.8|9.4|3.7|absent |38522.59|560004.08
10151|1475|01/24/2018|140.1|7.0|1.3|Present|0|619792.29
10152|1291|October 23, 2020|178.6|7.7|4.5|Present|0|758505.49
10153|1246|28-May-2019|126.7|21.9|4.1|Absent|0|600756.81
10154|1779|14/03/18|198.5|16.0|1.4|Present|27713.01|247628.02
10155|1120|July 18, 2022|191.5|23.3|3.7|Absent|36191.51|642404.53
10156|1839|08/25/2022|193.5|23.8|1.7|Present|0|904723.55
10157|1384|07-02-2021|156.4|5.0|3.7|PRESENT|0|
10158|1133|17/12/21|172.5|21.3|3.8|absent |0|707236.0
10159|1822|2019-12-24|121.8|7.1|2.1|Present||445905.69
10160|1431|07/02/2024|129.1|20.7|2.4|Absent|25418.01|675952.71
10161|1024|February 03, 2024|122.8|16.0|4.6|present|0|563020.47
10162|1110|2019-05-04|124.9|16.0|2.9|present|28821.93|284021.11
10163|1592|February 05, 2021|148.7|6.7||Present|0|327539.71
10164|1655|07-Feb-2021|196.3|8.4|2.3|Present|0|154957.36
10165|1579|2018-05-02|177.7|15.5|3.7|present|1692.16|242040.66
10166|1408|15-May-2016|162.9||1.9|absent |0|319571.39
10167|1379|10/24/2022|124.0|15.3|3.1|Present|0|566642.79
10168|1091|16/02/19|123.6|19.8|3.6|PRESENT|0|669519.55
10169|1830|04/16/2021|173.0|11.7|3.5|Present|0|606879.71
10170|1004|2022-04-11|150.7|9.9|3.7|Present|19011.32|581678.17
10171|1081|07/06/24|194.2|20.9|2.2|PRESENT|0|227660.58
10172|1795|02-Oct-2023|158.7|15.6|2.0|Present|0|713142.05
10173|1352|October 10, 2024|189.4|8.5|3.3|Leave|0|246215.51
10174|1592|27-11-2016|191.3|12.3|1.5|Present|4751.19|678112.59
10175|1227|08/07/2016|172.0|5.9|1.9|Present||414654.37
10176|1202|09/21/2019|167.4|6.3|1.3|absent ||939162.59
10177|1810|09/11/24|180.8|17.7||present|0|309920.61
10178|1080|02/14/2020|130.8||2.2|Leave|0|493366.5
10179|1779|04-Jun-2023|196.5|15.7|1.2|Remote|0|843343.99
10180|1348|06/21/2021|145.6|12.7|3.9|Present|0|263979.56
10181|1467|06/01/24|176.4|12.5|1.9|Present|0|912908.24
10182|1474|2023-02-04|141.9|19.4|3.9|Leave|0|680021.56
10183|1308|25-Sep-2024|168.7|23.2|3.1|Present|39662.5|678550.27
10184|1406|06-10-2020|158.2|16.4|4.4|Present|39610.89|598816.18
10185|1051|08-12-2023|145.9|6.7|3.7|Leave|0|788071.57
10186|1680|2023-03-24|162.8|0.7|3.5|Present|0|678602.14
10187|1352|16-05-2023|137.4|17.5|1.7|Leave|0|858803.1
10188|1774|04/06/18|155.6|5.5|4.5|Present|0|216685.18
10189|1726|November 19, 2024|187.0|10.1|3.5|Present||568167.12
10190|1124|October 05, 2022||7.3|3.7|Present|12056.48|401507.17
10191|1350|02-Mar-2021|177.1|18.2|1.6|Present|0|
10192|1222|23/04/24|183.6|7.2|3.7|absent |0|884116.3
10193|1232|03-Aug-2022|174.7|11.1|4.7|Present|0|702256.96
10194|1162|2022-05-28|147.8|0.7|3.0|Present|0|495689.41
10195|1124|28/11/23||7.6|2.2|absent |48639.81|486942.49
10196|1095|04/09/2023|191.2|5.7|2.5|Leave|20877.07|395938.63
10197|1533|04-08-2024|165.5||2.5|absent |0|667353.43
10198|1241|05/07/2020|182.8|11.7|3.7|Present|0|755224.94
10199|1150|December 26, 2019||10.6|2.9|Present|0|227962.82
10200|1421|2022-06-13|162.2|11.4|2.8|Leave|46557.22|
10201|1245|23-Jun-2017|155.6|5.6|2.6|Present|0|672774.64
10202|1595|January 26, 2021|150.3|3.3|2.8|present|44817.94|412444.02
10203|1728|2020-03-13|125.6|2.2|2.5|Leave|0|746845.94
10204|1812|25-May-2021|195.3|11.0||Absent|0|704072.7
10205|1212|05/07/24|187.0|21.0|2.3|Present|28332.06|806637.23
10206|1671|21-Nov-2024|136.2|14.6|4.1|PRESENT|0|191967.95
10207|1220|02/11/2024|171.4||2.2|Present|0|576586.32
10208|1497|28-Jul-2023|198.9|4.0|2.9|PRESENT|0|345564.4
10209|1255|19/03/22|143.9||3.4|Present|37013.56|806047.32
10210|1099|22/08/18|121.6|15.8|3.3|Present|0|763642.07
10211|1082|05-Mar-2020|190.4|20.2|2.1|present|0|191020.94
10212|1087|12/04/2022|178.2|22.6|4.0|Remote|0|929499.44
10213|1346|03/13/2017||11.5|4.7|absent |0|507934.59
10214|1729|18-Mar-2018||24.7|1.1|Present|0|701911.32
10215|1752|14-04-2017|170.7|21.8|1.5|Present|42152.75|423019.48
10216|1240|November 04, 2023|157.4|12.7|3.5|PRESENT|29347.39|663613.52
10217|1197|02/07/22|173.4|17.4|3.7|Absent|0|542709.45
10218|1079|02/20/2023|162.4|20.4|1.0|absent |0|699184.07
10219|1420|11/26/2022|134.2||3.4|Present|4203.14|206372.23
10220|1157|March 05, 2018|149.1|21.2|3.5|Remote|13851.3|883362.41
10221|1607|21-Apr-2024|160.8|7.4|4.4|Present|6611.71|
10222|1226|April 27, 2021|130.8|12.5|4.7|Remote|0|915100.64
10223|1567|June 07, 2018|137.9|14.2|2.3|present||339363.65
10224|1654|14-May-2021|199.3|2.5|2.0|present||
10225|1478|April 14, 2020|152.4|3.0|1.1|present|0|323746.22
10226|1180|2023-02-07|196.2||1.1|Absent|14695.71|757946.72
10227|1787|12/09/2024|136.1|2.2|2.4|Present|0|290439.99
10228|1779|02/09/21||18.9|2.0|present|0|884939.19
10229|1683|13-03-2020|149.2|23.3|1.5|PRESENT|0|253105.86
10230|1257|11/22/2023|143.4|16.8|2.1|present|0|242942.83
10231|1397|04/10/2019|177.2|13.6|2.4|absent ||541273.91
10232|1091|05-03-2016|178.1|8.8|3.7|Present|0|444184.55
10233|1650|June 24, 2017|170.4|2.4|3.8|Present|43247.78|884721.26
10234|1033|September 07, 2022|159.6|16.7|2.0|Present|0|835007.51
10235|1435|05/05/23|171.9|23.4|2.6|absent |0|400225.84
10236|1743|February 01, 2023|199.5|||Present|0|474298.41
10237|1143|November 02, 2016|150.0|2.2|2.7|Remote|9352.93|808224.78
10238|1113|07-Jun-2017|198.4|15.3|1.0|Present|0|164146.25
10239|1612|19/02/20|147.5|15.4|3.6|present|0|371515.19
10240|1845|2021-08-07|148.9|12.8|1.0|Present|0|467279.4
10241|1347|February 15, 2022|172.9|7.5||PRESENT|0|616022.7
10242|1517|14/03/23|187.4|17.3|3.7|Absent|10653.85|187964.51
10243|1574|28-Oct-2018|192.6|10.9|2.9|Absent|0|800380.24
10244|1779|09-04-2020|164.3|8.0|2.5|Present|44415.96|834472.04
10245|1207|02/08/2023|168.1|12.1|2.9|Remote|0|
10246|1460|2023-04-09|-5.0|14.0|4.4|present|657.6|570281.2
10247|1687|13-10-2019|123.8|0.1|4.9|Leave|0|564973.88
10248|1250|03-11-2022|172.5|24.0|2.7|Absent|0|
10249|1620|August 17, 2022|170.3|8.3|4.1|Present|0|526458.94
10250|1184|08-11-2020|196.4|5.5|2.6|PRESENT|0|561645.03
10251|1812|2020-03-26|181.2|15.3|4.0|Present|0|637474.76
10252|1319|2020-08-08||12.2|3.4|Remote|0|408672.04
10253|1372|04/04/2022|128.1|9.6|3.7|Present|0|784787.84
10254|1474|April 12, 2020|176.1|3.1|2.9|absent |29506.14|151411.52
10255|1354|March 20, 2016|190.0|23.7|2.3|Leave|41221.9|880501.49
10256|1822|2018-04-27|177.0|12.7|2.0|Remote||669427.73
10257|1240|04-Jun-2020|155.3|11.6|4.6|present|0|284926.98
10258|1161|May 09, 2023|188.7|17.1|2.0|present|0|583449.24
10259|1404|19-Dec-2020|180.3|2.0|2.2|Remote|36982.45|681540.74
10260|1654|02-03-2019|134.7|18.2|4.1|Absent|4341.01|734946.46
10261|1495|22-09-2016|173.5|4.9|4.0|absent |0|380754.39
10262|1381|23-09-2024|164.1|1.4|4.9|Remote|0|797404.47
10263|1822|2023-01-04|189.5|7.9|4.5|Present|0|259815.35
10264|1694|2018-03-15|186.5|24.2|1.5|Present|0|494077.09
10265|1074|01/05/19|126.3|16.2|4.4|Absent|0|479510.28
10266|1724|28-Nov-2016|171.8|7.9|2.9|Leave|42639.84|940271.46
10267|1030|January 16, 2018|158.2|19.3|4.1|absent |0|385443.48
10268|1529|13-03-2021|168.9|21.9||Absent|25743.27|382000.9
10269|1495|2017-09-25|155.6|0.1|1.0|Present|0|329284.46
10270|1040|2024-02-19|156.1|7.5|2.9|Present|5944.72|222213.13
10271|1648|12/21/2018|156.2|8.0|1.6|Present|0|573556.65
10272|1444|19/11/24|175.7|21.7|1.7|absent |0|472737.48
10273|1150|06/04/2019|166.0|19.2|4.3|Present||363602.28
10274|1477|01/12/2020||11.6|3.4|PRESENT|0|463778.94
10275|1848|01/11/2021|154.3|5.7|1.5|Present|0|542804.27
10276|1837|28/02/23|145.0|16.2|1.4|present|0|655156.43
10277|1244|November 24, 2019|170.0|8.4|4.1|PRESENT|0|729677.0
10278|1149|01/18/2023|148.9||1.7|Present|9579.37|475377.11
10279|1377|2017-05-04|181.8|15.1|4.3|PRESENT|0|903323.51
10280|1097|19-Aug-2024|144.8|17.2|4.5|Absent|0|536609.55
10281|1251|06/02/19|186.8|16.1|3.7|Present|0|921011.79
10282|1375|14/01/18|135.6|13.0|4.8|Leave|25084.92|733121.77
10283|1446|12-Nov-2024|122.0|4.6|2.0|Leave|0|765431.54
10284|1240|04/15/2019|167.8|7.4|3.5|Present|0|792425.94
10285|1319|2021-06-19|137.5|22.9|2.2|Present|26092.07|301335.55
10286|1202|11-Apr-2019||17.8|1.8|Remote|0|933929.86
10287|1366|05-08-2023|123.2||4.9|Remote|0|900343.51
10288|1212|02-May-2021|151.6|17.0|4.5|Absent|0|739671.8
10289|1563|10-03-2018|124.2|16.7|2.6|Remote|0|884327.17
10290|1555|16-01-2024|-5.0|17.4|4.8|PRESENT|0|299962.44
10291|1106|December 26, 2020|140.6|15.0|4.9|present|5485.84|704366.45
10292|1064|01/09/2024|148.8|6.4|2.3|Present|0|652118.01
10293|1518|06-Aug-2020|128.3|23.9|3.1|Leave|42477.43|625077.17
10294|1014|16/04/20|168.4|23.1|1.7|Present|48598.0|374350.82
10295|1087|12/14/2024|123.9|19.9|2.4|Absent|0|295321.2
10296|1794|02/09/2020|151.7|15.4|1.1|Present|17391.16|578930.17
10297|1091|June 27, 2018|175.7|17.7|1.8|Present|0|411112.36
10298|1206|02-May-2019|196.9||4.9|Present|0|426221.79
10299|1764|24/07/20|175.5|23.2|3.4|Present|25943.42|205699.03
10300|1458|20-02-2023|127.5|5.0|1.5|Present|0|797615.82
10301|1648|07/08/2019|139.4|13.0|4.6|Present|821.57|507413.7
10302|1456|2024-09-17|195.9|21.2|1.8|Present|0|469651.65
10303|1319|September 15, 2021|156.6|16.6|2.5|absent |0|263573.47
10304|1830|07/10/18|158.9|6.4|2.6|Present|9923.15|479975.0
10305|1457|2020-06-01|145.7|0.6|4.9|Present|0|361267.06
10306|1776|08/19/2021|175.5|19.8|3.8|Present|3040.25|660417.52
10307|1303|December 03, 2019|179.5|0.9|4.3|Present|32312.99|686529.41
10308|1699|2024-04-12|140.5|19.2|4.7|Present|0|482664.33
10309|1138|25-12-2023|146.5|18.1|4.5|Leave|8850.64|942738.87
10310|1850|12/27/2021|193.1|11.9|1.2|present|0|912522.35
10311|1246|09/03/2020|157.3|23.0|3.9|Absent|43618.98|488566.73
10312|1153|2017-06-24|133.8|24.7|4.4|Present|0|513069.25
10313|1220|19-Apr-2019|182.6||2.7|PRESENT|0|569731.61
10314|1849|04/10/2023|190.7|18.1|4.8|Remote|0|285034.12
10315|1125|2021-06-06|164.5|4.6|2.7|Present|0|457295.49
10316|1023|11/07/2024|157.1|4.6|4.3|PRESENT|0|532107.71
10317|1382|19-09-2022|198.6|20.0||Leave|0|722762.99
10318|1396|2021-06-11|162.4|15.8|3.9|PRESENT|0|396692.25
10319|1077|2019-12-11|145.7|5.3|3.4|Present|40337.97|248042.68
10320|1006|2019-11-08|136.5|6.6|1.0|Present|12132.44|480850.14
10321|1214|22/06/23|157.8|8.4||Present||682446.62
10322|1508|15/10/19||13.3|1.7|PRESENT|0|495311.45
10323|1844|10/10/2019|166.3|4.0|4.6|absent |35085.63|841040.74
10324|1244|24-Dec-2022|174.4|18.1|2.4|PRESENT|48433.99|520130.34
10325|1325|13-11-2019|120.8|2.0|1.5|Remote|33492.93|485615.63
10326|1453|19-04-2022|135.0|2.2|1.9|Remote|0|586462.85
10327|1554|May 04, 2022|182.5|21.5|2.4|Present|0|733577.88
10328|1472|11/06/21|190.6|11.3|2.4|present|0|559651.18
10329|1298|February 22, 2018|137.0||3.6|Present|0|798684.08
10330|1310|09-01-2019|120.4|13.6|4.1|PRESENT|0|582252.85
10331|1171|2016-12-11|-5.0|13.8|2.5|Leave|0|871421.96
10332|1776|April 28, 2022|128.3|4.2|1.8|Leave|0|414633.59
10333|1239|04-Oct-2018|135.7|16.2|4.2|Present|22401.27|660003.17
10334|1524|13-Jun-2016|143.6|9.0|4.4|Present|27964.86|220184.06
10335|1239|2022-12-19|138.5|20.9|4.4|Present|0|923964.07
10336|1637|09-01-2021|175.1|11.9|1.1|Present|0|343812.37
10337|1125|21/07/20|195.0|24.0|1.2|PRESENT|0|737572.12
10338|1587|2022-04-02|199.1|10.4|1.7|present|0|452871.71
10339|1696|04/04/23|183.9|1.0|4.4|Present|0|809573.28
10340|1156|2022-12-10|168.6|5.4|3.7|absent |0|172949.93
10341|1837|07-12-2024||17.2||Leave|40734.52|558668.47
10342|1746|15/06/21|187.5|24.2|4.2|Remote|0|823228.05
10343|1168|2024-10-20|157.2|10.0|2.0|present|0|273996.72
10344|1101|August 19, 2022|175.2|22.9|2.3|absent |0|302657.5
10345|1622|05/07/2021|153.5|9.7|4.9|Present|0|484300.25
10346|1151|20-Jul-2021|159.3|22.0|2.5|present|0|559816.1
10347|1205|23-03-2024|-5.0|8.7|4.9|Leave|0|715308.91
10348|1188|June 13, 2019|173.1|8.6|1.3|Leave|0|371222.76
10349|1610|16/12/22|180.7|11.0|3.3|Present|9347.28|646535.97
10350|1849|07/03/2021|-5.0|22.6|1.8|Leave|0|379441.71
10351|1844|04/12/2023|189.3|13.3|2.1|Absent|0|229026.47
10352|1745|23/08/22||20.5|2.3|Present|29961.96|432433.71
10353|1014|2017-06-22|169.3|5.7|4.9|Leave|0|346260.54
10354|1222|10/10/21|156.5|9.1|3.7|Present|0|851737.32
10355|1498|03-04-2020|121.3|1.7|2.4|Leave|2707.99|465197.36
10356|1815|01/16/2018|180.4|14.8|4.4|Absent|0|935925.02
10357|1570|17-10-2023|135.2|18.7|4.9|Present|32146.0|827807.18
10358|1829|October 20, 2022|150.4|13.3|3.0|Leave|0|334133.6
10359|1139|26-Jan-2022|166.2|12.6|1.7|Leave|42149.58|659277.58
10360|1822|28-May-2021|154.3|8.5|1.8|Present|12451.94|877418.09
10361|1704|July 02, 2022|135.7|22.4|4.1|Present|0|621174.55
10362|1038|16/06/23|170.2|11.5|1.7|absent |18729.98|744521.43
10363|1727|02/13/2023|197.6|21.0|4.3|Present|0|389894.46
10364|1437|2018-11-23|141.1|0.9|3.3|Present|29692.74|619183.25
10365|1319|18-08-2024|145.1||4.3|PRESENT|0|263341.33
10366|1393|11/18/2021|145.8|16.3|4.2|PRESENT|9344.87|292996.32
10367|1299|04-Jul-2024|147.1|4.1|1.3|Remote|28534.79|548677.85
10368|1621|24-01-2019|149.3|10.6|4.8|Leave|0|241770.43
10369|1072|04/26/2019|149.5|5.6|4.0|absent |0|373480.54
10370|1601|04-Jun-2022|120.5|10.7|4.5|Present|0|438121.25
10371|1286|27/06/19|185.9|23.2|1.8|absent |16007.6|943323.86
10372|1492|2024-07-16|152.0|1.8|4.3|Present|0|790908.73
10373|1144|26/01/23|161.6|14.0|2.0|Present|49619.18|864718.57
10374|1276|02/02/19|192.6|1.5|1.2|PRESENT|0|443762.63
10375|1737|09/25/2019|180.4|20.2|3.9|Present|18279.73|486276.51
10376|1507|05/07/17|161.9|22.9|5.0|PRESENT|48103.3|795523.41
10377|1762|August 08, 2022|188.1|24.9|4.6|absent |0|278213.5
10378|1705|23/11/24|128.6|0.9||PRESENT|33705.98|841717.27
10379|1441|2021-04-26|||4.4|Present|0|211321.73
10380|1284|09/05/21|196.4|2.3|2.3|present|7788.93|257253.51
10381|1837|05/25/2023|120.3|11.6|4.9|Absent|0|564839.24
10382|1393|11/27/2024|149.5|13.1|2.0|present|0|337899.88
10383|1819|10-Oct-2024|157.0|20.2|2.0|Present|16748.77|494562.87
10384|1312|September 26, 2017|158.4|11.9|4.9|Present|0|756184.11
10385|1365|27-Jun-2018||0.0|1.0|Leave|0|830897.46
10386|1052|08/06/21|171.0|23.7|3.7|Leave|0|348290.46
10387|1593|14-09-2024|192.9|4.7|3.8|Present|0|355445.75
10388|1029|18-Nov-2020|187.7|9.1|2.0|PRESENT|0|872461.55
10389|1246|19-Aug-2020|171.9|6.7|3.4|Absent|0|926115.65
10390|1766|2019-06-20|194.0|3.4|3.4|Present|0|737663.75
10391|1304|15-Apr-2020|146.2|12.4|3.2|Present|0|182931.2
10392|1604|07/17/2024|155.4|5.9|4.0|Leave|0|844581.58
10393|1207|21/09/22|123.4||1.8|Leave|0|416547.44
10394|1307|03-Feb-2024|164.0|20.6|1.6|PRESENT|0|209119.3
10395|1833|2024-02-08|155.7|17.0|2.6|Present|0|266537.86
10396|1077|03/08/22|152.6|16.9|3.0|present|0|
10397|1005|27/05/22|193.6|18.2|4.3|PRESENT|0|821761.97
10398|1558|11/05/24|130.8||4.2|Present|0|737948.49
10399|1654|07/02/2019|138.8|7.5|2.1|Present|0|400237.85
10400|1774|June 07, 2015|148.1|22.0|1.5|absent |0|922557.0
10401|1043|15-Feb-2024|163.6|5.2|2.8|PRESENT|3760.85|788219.87
10402|1743|June 27, 2024|156.4|12.8|4.0|Present|0|233061.71
10403|1777|07-05-2023|138.3|5.1|1.6|Absent|0|341890.74
10404|1686|01-Oct-2022|197.5|17.6|3.1|Present|0|771865.14
10405|1306|2020-09-05|125.7|8.0|2.4|absent |0|610622.99
10406|1184|October 25, 2021|175.5|1.5|4.0|Leave|0|345543.07
10407|1227|July 02, 2020|143.1|22.5|3.0|Leave|0|643524.75
10408|1791|05/19/2021|126.6|13.4|3.3|Leave|0|527397.89
10409|1272|2024-07-04|135.4|14.9|4.3|Present|18594.78|316809.44
10410|1321|02-Jun-2024|164.2|6.0|2.8|present|0|518100.66
10411|1491|07/27/2022|170.4|19.0|3.4|Leave|12533.95|788253.45
10412|1729|15-Apr-2016|184.1||2.6|Present|0|175394.89
10413|1554|2022-08-04|121.2|22.3|3.0|Leave|0|446614.39
10414|1059|11/15/2018|170.8|21.0|3.2|Present|0|372261.89
10415|1505|09-Feb-2024|156.8|16.5|3.7|absent |0|244327.06
10416|1487|24/07/22||16.2|2.7|PRESENT|46219.7|945357.54
10417|1595|2020-07-11|192.0|12.3|4.0|Present|0|467272.15
10418|1620|2024-04-15|123.3|23.4||Present|0|737311.32
10419|1526|23-Mar-2019|198.8|9.5||Absent|0|306377.05
10420|1793|09/03/24|135.6|22.2|3.4|Present|21811.13|734592.02
10421|1311|2023-01-21|140.2|22.5|3.2|absent |21324.84|341019.55
10422|1433|27/02/22|170.6|16.0|2.3|Absent|0|545631.55
10423|1594|17-12-2023||3.3|3.1|Absent|0|841193.2
10424|1591|24-Jul-2017|195.8|24.6|3.8|Present|0|635751.62
10425|1115|12/11/23|140.9|24.3|1.6|Leave|0|755301.57
10426|1235|26/06/20|137.3|23.3|4.1|Absent|0|412790.94
10427|1780|February 19, 2021|120.5|12.8|1.3|Present|0|190229.77
10428|1004|10/18/2022|187.3|24.5|1.1|present|0|586575.71
10429|1154|2024-06-17|164.5|16.5|2.0|Present|11047.47|236497.49
10430|1285|12/02/2016|162.7|17.7|1.4|Present|0|676811.42
10431|1225|10/22/2022|173.3|16.5|5.0|Leave|0|704371.55
10432|1202|2022-12-14|128.2|9.6||Present|0|271717.66
10433|1204|17/08/19|180.2|20.8|4.8|Present|0|699962.31
10434|1009|13-06-2023|169.4|23.8|1.6|present|3867.25|294554.49
10435|1501|17-Apr-2024|166.3|10.2|4.9|absent |0|401414.64
10436|1581|04/22/2020|125.5|19.0|4.6|Absent|0|
10437|1531|03/23/2020|160.8|14.9||Present|0|
10438|1107|03/13/2020|159.8|17.3|1.9|absent |7013.68|264586.39
10439|1493|June 19, 2023|151.1|21.3|4.7|Present|0|579598.78
10440|1288|08-11-2020|192.3|16.1|4.8|PRESENT|0|773353.39
10441|1704|28/02/22|171.8|14.1|4.8|Present|0|612199.27
10442|1646|04-Apr-2023|||3.0|PRESENT|0|900439.15
10443|1471|12-Oct-2017|174.1|15.7|2.2|PRESENT|0|559659.55
10444|1244|2022-10-01|131.4||1.0|Present|29679.93|204866.33
10445|1490|04-Apr-2023|131.0|24.7|2.0|Present|7567.4|358514.64
10446|1239|24-12-2020||13.3||Leave|0|588539.75
10447|1589|16-09-2024|161.8|10.0|3.6|Present||277479.36
10448|1579|19-Jan-2021|130.7|9.6|2.9|Present|0|431770.84
10449|1573|15-03-2021|134.0|14.5|1.7|Leave|25746.87|911195.72
10450|1351|03/21/2024|195.2|20.1|2.1|Present|0|837067.15
10451|1062|12-Apr-2024|187.5|2.9|1.1|present|34773.97|450794.09
10452|1022|08/16/2020|152.3|4.5|1.2|Present|0|651982.9
10453|1801|May 03, 2022|133.2|18.0|2.2|Present|0|396758.12
10454|1618|28-01-2022|178.0|9.0|2.5|Present|0|879782.68
10455|1785|26-Sep-2018|122.4|2.8|4.6|absent |0|903716.63
10456|1461|July 22, 2021|166.1|18.0|3.9|Absent|0|485993.86
10457|1264|July 26, 2024|181.6|0.3|4.6|present|0|494595.46
10458|1339|07/27/2023||16.5|1.2|Leave|0|861889.6
10459|1743|April 16, 2024|161.6|1.0|3.6|Absent|0|622237.59
10460|1746|07-Jul-2020|189.5|6.0|3.9|absent |0|586753.3
10461|1325|15/12/21|195.9|2.4|2.0|Present|7519.38|404594.29
10462|1081|24-12-2022|120.4|3.7||Present|0|304189.6
10463|1623|25-09-2016|177.5|18.8||Present|0|648713.8
10464|1154|03-03-2023|152.4|17.5|3.8|Present|1388.24|323156.07
10465|1344|15-10-2017|145.7|6.3|4.3|present|49248.8|172404.8
10466|1085|02-10-2019|156.2|10.4||Present||864771.85
10467|1011|March 13, 2024|172.6|2.5|3.2|Present|44327.22|262675.62
10468|1818|15/03/24|182.1|18.9|2.3|Present|0|766485.82
10469|1848|07-08-2022|138.4|21.9||Leave|0|181346.6
10470|1061|May 22, 2020|159.7|22.9|2.1|PRESENT|0|471178.42
10471|1777|10/25/2024|185.6|0.7|4.1|Present|0|943818.79
10472|1605|04/03/19|171.6|3.9|4.5|Present|0|528849.49
10473|1534|02/14/2019||7.3|2.2|Present|0|620858.37
10474|1201|22-09-2023|123.2|11.1|1.7|present|0|883448.46
10475|1361|April 07, 2016|170.3|6.0|3.7|Leave|0|359864.19
10476|1421|14/03/19|122.5|0.3|3.3|Leave|0|917373.74
10477|1222|February 02, 2017|154.4|20.5|1.2|Leave|0|285996.38
10478|1459|2017-05-05|184.4|16.0|3.4|Present|0|567787.14
10479|1794|25-03-2022|122.8|22.3|3.2|Leave|0|530547.35
10480|1499|December 05, 2016|162.6|0.3|2.9|absent |0|555285.82
10481|1687|03/16/2018|190.1|5.0|2.1|Remote|6436.04|916892.57
10482|1577|04/12/18|120.1|17.4|4.5|Present|0|189409.22
10483|1539|11/07/22|129.5|1.3|5.0|Present|0|673501.59
10484|1265|22-09-2023|189.6|17.9||Present|0|606187.4
10485|1053|08-04-2016|191.4|12.2|1.0|Present|0|529076.25
10486|1756|2024-08-12|173.6|22.8|1.5|Absent|19930.16|317580.56
10487|1571|10/03/22|133.9|4.6|3.2|Present|0|538194.27
10488|1077|23-09-2018|160.1|21.5|4.5|Present|0|159554.4
10489|1086|09/12/23|129.3|21.1|3.4|Leave|7192.67|337190.13
10490|1683|17-09-2019|156.8|23.9|3.2|Present|0|190910.77
10491|1248|16-11-2015|124.4|5.3|2.2|Leave|0|826222.51
10492|1654|2015-08-02|195.8|2.9||absent |45005.48|628077.31
10493|1191|11/09/2024|132.2|24.0|2.8|Absent|0|195586.71
10494|1691|2024-06-12|123.5||4.5|present|0|
10495|1622|20-04-2024|198.6|20.0|3.7|Absent|29140.69|577918.03
10496|1537|November 16, 2021|153.1|22.9|1.3|present|19883.69|589811.76
10497|1841|28-04-2018|141.0|19.0|2.7|Present|0|880667.13
10498|1412|03-07-2023|155.1|3.6|2.4|Leave|10992.42|720461.32
10499|1124|26-Aug-2024|194.5|23.9|1.4|present|0|510191.45
10500|1440|2015-04-07|170.1|16.9|2.4|Remote|3819.32|930530.4
10501|1143|05-Jan-2024|179.7|9.9|3.6|Present|35159.08|944340.34
10502|1352|10/23/2022|177.0|13.4|2.9|Present|48674.04|
10503|1088|04-05-2016|122.4|20.9|3.0|present|0|690867.47
10504|1462|09/02/22|127.8|19.0|1.0|Remote|0|155768.81
10505|1429|21-Jul-2015|136.1|10.0|3.4|PRESENT||490270.75
10506|1814|10-05-2024|140.5|4.0|2.7|Leave|5621.02|622488.62
10507|1127|28/05/23|173.1|2.8|2.1|present|0|496178.77
10508|1085|August 01, 2018|139.8|10.4|3.4|Present|4091.96|911519.0
10509|1623|05-04-2023|184.9|12.6|3.3|present|21474.63|
10510|1707|09/10/24|160.7|18.5|4.4|Remote|0|289840.33
10511|1440|18/06/24|175.9|16.1|3.3|PRESENT|0|400107.93
10512|1676|22/01/24|171.0|0.8|4.3|Present|0|711932.26
10513|1216|October 02, 2024|192.7|0.9|3.3|Present|0|921095.14
10514|1625|07-06-2017|133.2|14.4|1.7|Remote|25950.66|284990.86
10515|1777|June 06, 2019|136.4|4.4|3.1|Leave|0|906022.89
10516|1777|12-07-2024|173.6|22.1|4.2|Absent|36136.7|568684.62
10517|1687|07/05/23|194.2|15.6|2.3|Present|2476.67|275500.4
10518|1142|25-06-2021|174.1|18.2|1.8|PRESENT|0|793434.66
10519|1050|18/03/22|147.4|7.9|3.7|Present|0|640629.62
10520|1086|2021-07-06|173.7||1.3|Present|0|323762.02
10521|1023|February 13, 2022|147.0|11.2|1.2|Leave|0|338950.42
10522|1030|December 06, 2021|191.1|7.8|2.9|Remote|24793.18|271326.16
10523|1379|02-04-2021|156.5|22.6|4.1|Leave|0|634130.88
10524|1697|23-10-2022|173.5|17.2|3.2|present|0|685901.46
10525|1231|04/26/2020|164.0|14.4|1.0|PRESENT|16623.21|189690.4
10526|1660|26-12-2016|165.3|20.4|3.7|Remote|0|635646.17
10527|1714|2021-06-08|186.1|10.2|4.2|Remote|0|396171.55
10528|1362|June 19, 2018|198.7|18.8|1.2|present|0|929768.89
10529|1794|24-11-2018|181.7|20.4|3.8|Leave|39729.74|915260.92
10530|1283|May 11, 2022|155.8|18.9|3.4|PRESENT|0|350673.94
10531|1739|February 02, 2021|169.0|17.9|4.4|Present|0|584344.46
10532|1125|June 20, 2020|165.4||2.4|Absent|16615.0|872203.67
10533|1679|2024-11-26|125.1|21.0||PRESENT|0|910684.69
10534|1155|17/03/18|136.2|10.9|3.7|Leave|0|677012.33
10535|1288|18-09-2017|166.0|2.8|5.0|Present|0|343037.53
10536|1354|08/12/22|170.7|19.4|3.5|Present|47338.93|283830.98
10537|1313|16-03-2021|183.2|18.0|4.2|absent |0|438033.45
10538|1829|11/03/2023|141.3||2.9|Present|0|531883.99
10539|1171|07/14/2021|132.5||2.2|Remote|0|310819.8
10540|1739|05/09/23|136.9|20.3|4.2|Present|0|621160.53
10541|1790|13-Mar-2024|180.6|7.3|1.3|present|0|
10542|1563|September 10, 2018|177.4|17.0|3.1|present|0|420477.85
10543|1125|22/09/16|160.8|12.9|3.2|Remote|18251.97|456641.01
10544|1533|08-03-2023|138.6|16.3||present|0|271904.35
10545|1240|23-07-2017|145.8|18.3|1.9|Remote||348564.15
10546|1356|21-04-2023|158.5|19.9|4.3|Present|0|852981.23
10547|1210|November 12, 2024|161.0||1.1|Present|0|729188.0
10548|1347|February 10, 2023|129.2|14.6|4.6|Present|0|531447.5
10549|1108|26/07/22|144.8|15.9|1.4|Leave|0|156648.72
10550|1151|19/10/16|123.3|19.2|3.5|Present|17247.25|523630.72
10551|1526|23-Apr-2018|124.3|4.2|3.7|Absent|46337.33|400827.42
10552|1284|06/03/22|176.0|23.7|4.7|absent |0|917920.48
10553|1138|27-06-2022|161.5|24.5|1.8|Leave|0|
10554|1490|03/02/2019|145.1|15.6|3.0|Present|0|355391.09
10555|1827|2022-12-16|135.1|20.8|3.5|Present|45401.4|465521.36
10556|1191|05/23/2023|141.5|22.4|2.6|Present|21124.44|431168.26
10557|1239|06-02-2019|132.2|0.6|1.2|Present|0|488729.35
10558|1234|28-Dec-2019|165.8||4.1|Absent|0|738723.15
10559|1133|2023-03-04|197.8|23.5|2.0|Present|0|725844.29
10560|1244|01-Jul-2023|159.7|10.2|2.7|Absent|0|427241.17
10561|1095|19-10-2024|159.0|3.6|3.6|present|11345.6|719443.25
10562|1326|19-06-2024|197.5|17.1|5.0|PRESENT|0|170601.31
10563|1556|19-09-2022|159.0|17.5|4.8|present|0|592287.41
10564|1731|September 14, 2023|194.2||4.5|PRESENT|0|922750.1
10565|1376|2022-07-09|193.5|12.8|4.3|present|0|462902.74
10566|1473|June 12, 2023|199.5|5.0|2.0|present|0|177157.57
10567|1613|January 06, 2020|159.2|19.2|1.4|Remote|0|666647.62
10568|1534|17-01-2017|120.2|6.5|4.8|absent |0|624131.7
10569|1143|2016-12-26|171.6||3.0|absent |13203.76|531127.81
10570|1822|14-03-2017|148.5|2.3|1.5|Present|0|931215.43
10571|1683|13/10/22|137.4|12.6||Absent|42557.42|431803.63
10572|1599|2024-06-20|130.7|10.5|2.5|present|967.84|
10573|1685|2022-05-28|199.4|20.7|4.4|Present|0|336554.54
10574|1533|February 05, 2019|150.5|1.7|3.6|present|0|709335.83
10575|1344|03-Dec-2018|130.6|6.0|2.5|Present||209695.86
10576|1448|14-06-2020|144.2|11.7|4.8|Present||640780.91
10577|1508|12/09/2020|153.5|0.3|1.6|Remote|34738.58|851516.47
10578|1786|2021-03-01|193.4|5.0|3.6|Absent|5265.67|483934.0
10579|1040|05-04-2024|176.5|2.8|2.3|Absent|0|
10580|1023|01/14/2023|167.0|1.3|3.3|Present||713143.4
10581|1656|2021-04-27|156.7|10.3|2.9|Present|0|691550.63
10582|1346|2018-09-05|141.7|3.0|1.8|absent |0|317777.05
10583|1678|11-Jan-2021|137.9|7.8|3.3|Present|0|475066.33
10584|1507|February 03, 2018|196.7|23.6|2.9|Remote|0|707318.63
10585|1177|19-Feb-2019|124.1|7.8|2.8|present||675801.15
10586|1158|11/06/2017|131.9|8.7|1.6|PRESENT|0|313240.78
10587|1298|November 28, 2015|152.6|22.4|1.7|present|0|666105.25
10588|1352|June 16, 2022|176.8|14.1|3.8|Leave|0|752304.47
10589|1608|17-Aug-2023||21.2|3.0|Present|32584.98|507528.6
10590|1251|26/04/22|178.9|6.9|1.7|Present|0|662864.24
10591|1222|03-Apr-2023|139.1|9.3|2.6|Present|8228.46|668515.86
10592|1136|10/04/19|134.6|3.0|3.0|Present|0|747665.66
10593|1198|22-Mar-2021|187.4|7.1|4.0|Absent|38137.18|860465.37
10594|1524|November 03, 2016|177.3|20.5|1.3|Leave|0|640130.2
10595|1161|2021-06-02|125.7|22.9|2.1|present|10908.39|584248.19
10596|1391|August 01, 2020|130.5|2.7|2.4|Present|17574.83|192225.96
10597|1379|January 07, 2024|140.6|18.9|1.9|Leave|0|944802.14
10598|1552|12-Oct-2024|143.2|18.3|3.5|Leave|0|407202.58
10599|1299|16-10-2023|139.0|3.1|3.3|Present|0|946637.44
10600|1278|2024-07-12|194.2|6.4|4.3|Present|29999.89|700300.34
10601|1318|2016-02-14|186.4|21.0|2.0|absent |0|605069.92
10602|1726|09/08/23|121.9|21.3|2.6|Absent|26231.86|255244.32
10603|1351|16/09/23|183.1|8.6|3.1|Present|2779.72|314525.01
10604|1545|20-Oct-2024|198.0||2.3|Present|34793.39|446509.12
10605|1284|17-Nov-2016|165.0|18.2||Present|45213.44|743769.46
10606|1245|17/06/18|-5.0|23.0|4.8|absent |41914.12|906687.64
10607|1336|26-Aug-2019|168.5|15.1|4.8|Present|0|320207.7
10608|1306|28-Mar-2023|127.4|10.4|3.3|PRESENT|0|784659.17
10609|1493|27-09-2023|141.6|18.9|1.0|present|27070.59|470235.6
10610|1078|07-03-2018||0.8|2.7|Leave|8895.35|758321.93
10611|1416|14-09-2018|140.6|2.1|3.2|Remote|11595.27|862395.93
10612|1381|2024-03-11|157.8|23.5|4.8|Present|0|166352.51
10613|1350|August 16, 2017|145.4|2.8|3.9|Present|0|780637.38
10614|1172|2021-05-11|173.6|17.3|2.1|Remote|33193.72|637794.06
10615|1604|28-Feb-2017|165.5|22.9|2.5|Present|3613.61|273828.6
10616|1627|21-Mar-2022|168.2|3.6|2.7|Present|16556.32|663564.84
10617|1654|09-Apr-2021|154.0|2.5|2.7|Leave|0|925433.72
10618|1748|10/17/2021|132.2|15.6|2.2|PRESENT|0|419144.5
10619|1241|2021-01-25|-5.0|5.5|2.6|Leave|0|279386.19
10620|1704|16-Mar-2024|138.3|21.0|3.7|absent |17423.81|298159.97
10621|1045|06/13/2023|130.2|18.9|4.5|Present|0|185405.51
10622|1441|2021-10-16|193.4|24.6|2.7|Present|0|239141.83
10623|1052|01/11/19|153.9|5.2|4.0|Present|0|657542.32
10624|1115|01-Oct-2017|161.0|17.4|2.4|Remote|0|382025.36
10625|1159|24-07-2019|-5.0|2.6|3.4|Remote|0|807431.09
10626|1291|11-08-2023|144.8|23.4|1.6|absent |0|383532.68
10627|1453|May 02, 2024|182.6|16.8|4.2|Present|0|833727.37
10628|1399|10/06/2023|177.8|14.2|3.9|Absent|5456.94|193248.79
10629|1119|06-Oct-2022|145.5|18.3|2.4|present|0|433145.86
10630|1312|04/09/24|159.3||2.1|Leave|0|266480.53
10631|1107|11-11-2019|167.4|9.2|1.7|present|0|376105.87
10632|1048|09-11-2019|135.0|3.0|5.0|Present|0|
10633|1348|October 13, 2024|145.9|1.3|3.0|PRESENT|17900.98|404339.61
10634|1665|16-11-2020|132.6|8.1|1.1|present|32751.41|467565.72
10635|1321|05/13/2023|138.5|18.0|4.4|present|0|747630.46
10636|1749|04/01/2022|124.7|11.7|3.8|PRESENT|0|645177.81
10637|1627|25/10/21|142.9|14.9|4.6|present|0|534727.81
10638|1693|03/01/24|158.1|20.3|4.1|Absent|0|667738.37
10639|1031|April 24, 2021|126.8|18.6||Present|39522.15|338468.51
10640|1671|23-02-2024|152.6|1.2|5.0|Absent|0|844978.3
10641|1473|2021-10-03|145.5|10.4|3.7|present|0|919063.43
10642|1225|25-07-2022|170.3|8.4|3.5|Present|11708.03|737065.72
10643|1830|September 05, 2021|153.6|6.5||Absent|0|564177.93
10644|1709|08/22/2017|182.4|23.6|1.3|present|40167.19|
10645|1773|2022-09-11|150.0|19.4|1.7|Present|3273.04|536881.21
10646|1256|06/23/2021|122.9|19.8|1.5|absent |0|374154.96
10647|1415|2023-03-11|168.1|3.6|4.5|present|8502.13|897799.41
10648|1148|08-04-2016|122.9|18.5|4.7|Absent|0|719189.72
10649|1576|06-Jul-2019|191.5|24.8|1.1|Present|0|345413.01
10650|1179|12-Oct-2020|141.2|7.9|5.0|Leave|0|416165.19
10651|1583|24-03-2024|157.6|23.9||Absent|0|820710.3
10652|1709|04-Oct-2021|184.6|6.1|1.5|Leave|17112.76|853433.17
10653|1466|15-11-2019|200.0|19.6|4.5|Leave|0|948017.93
10654|1101|03/26/2023|141.5|18.9|2.4|Present|0|478364.98
10655|1791|04-11-2018|190.9|15.4|1.5|Present|0|691692.35
10656|1375|04/15/2024|159.9||3.1|Present|25929.18|948850.84
10657|1034|24-11-2021|162.8|24.7|4.7|absent |4075.01|921277.97
10658|1052|20-06-2020|129.7|22.4|2.6|Present||566454.75
10659|1708|16-03-2023|157.5|5.4|4.5|present|0|523683.6
10660|1383|28/07/18|136.9|17.7|4.9|Present|0|678375.12
10661|1120|2022-02-12|124.9|6.9|5.0|Remote|0|442178.28
10662|1386|12/03/2019|168.9|9.3|2.3|Present|40857.84|661357.31
10663|1149|04-Jun-2023|152.1|3.2|1.9|Present|43599.48|425895.49
10664|1428|08/11/18||10.4|1.0|Remote|0|311106.1
10665|1188|06/08/2022|189.1|7.8|4.2|present|0|217263.32
10666|1054|September 25, 2023|148.2|12.7|3.4|present|0|910867.62
10667|1159|04-05-2018|173.4|6.6|3.0|Present|0|223359.9
10668|1778|14-Feb-2021|-5.0|9.6||absent |0|679754.54
10669|1689|22-01-2021|179.6|8.5|2.0|Present|0|860095.36
10670|1215|09/08/2022|144.7|19.3|1.4|Present|0|250755.95
10671|1516|01/24/2023|187.3|15.4|2.4|Present|22266.2|349424.69
10672|1828|13-02-2024|-5.0|18.4|1.9|Present|0|338031.29
10673|1027|04/18/2024|147.1|2.8|4.4|Present|0|412904.89
10674|1199|19-Jan-2023|167.2|24.0|3.7|Present|0|916133.42
10675|1375|February 13, 2020|161.8|10.6||PRESENT|3332.73|929985.54
10676|1108|03-Nov-2022|167.5|21.1|2.2|Present|0|528952.54
10677|1535|11/16/2021|129.9|16.4|4.6|Remote|0|441338.3
10678|1728|17-Dec-2019|153.5|12.1|1.6|Present|0|813219.61
10679|1164|05/06/2023|123.7|24.1|1.7|PRESENT||200062.98
10680|1459|March 23, 2019|197.3|8.2|3.5|Present|49688.11|658116.01
10681|1122|2023-09-23|123.4|22.2|1.2|absent |0|727755.83
10682|1320|08/14/2022|142.7|3.3|4.3|Present|0|660851.01
10683|1043|25/01/21|178.4|24.4|3.8|absent |33174.26|
10684|1623|12-06-2023|137.8|13.9|1.4|Present|0|647600.15
10685|1405|14/03/18|146.0|18.0|4.4|absent |0|397553.42
10686|1393|12-04-2019|198.0|0.6|4.2|Present|0|928649.59
10687|1676|17/08/22|149.9|15.6|4.2|Present|0|150533.69
10688|1758|12/12/2021|188.6|8.5|3.2|Remote|41952.89|
10689|1551|04-Jun-2018|134.6|6.7|3.2|Leave|0|341224.95
10690|1662|04-Aug-2022|167.2|10.5|1.3|Remote|6393.92|674488.56
10691|1103|02-Apr-2023|198.9|7.8|3.9|PRESENT|0|379449.07
10692|1371|September 08, 2022|183.3|10.8|1.3|PRESENT|0|473223.82
10693|1367|10/21/2022|132.5|17.1|2.2|Present|0|936401.28
10694|1381|December 15, 2023|195.7|21.7|1.4|Absent|18320.13|608900.43
10695|1440|12-Jun-2018|199.9|20.6|4.6|present|0|190327.86
10696|1113|10-Dec-2019|171.9|3.6|1.3|Remote|0|856615.12
10697|1550|08/07/19|162.6|10.4|2.7|Leave|528.65|484476.87
10698|1067|04/08/2020|164.1|2.7|2.2|Absent|0|555014.37
10699|1772|06/05/2018|134.4|13.9|1.5|Absent|0|
10700|1285|01-04-2016|143.2|22.7|3.7|Present|20303.22|941573.33
10701|1394|05-Jun-2024|122.2|8.3|4.9|Remote|24617.34|247060.85
10702|1370|15/10/22|186.4|5.8|1.4|Present|0|804744.49
10703|1288|July 10, 2016|168.9||2.5|absent |0|451410.76
10704|1637|18/12/22|121.6|3.3|3.6|absent |0|551697.4
10705|1705|16-Jul-2023|143.5|4.1|2.2|Present|36465.18|671941.58
10706|1325|09/12/2018|155.5|24.5|3.0|absent |0|657471.47
10707|1482|17-04-2022|176.3|23.7|3.9|Present|0|429533.84
10708|1511|07/04/24|140.7|13.4||absent |0|614551.28
10709|1755|27/08/24|-5.0|8.4|3.6|Leave|0|715615.23
10710|1048|June 08, 2021|178.2|16.2|1.8|Present|0|225937.19
10711|1539|25-Jul-2024|149.2|9.2|1.4|Present|0|790644.41
10712|1257|04/06/23|150.0|0.6|4.4|Remote|0|378883.33
10713|1434|15-Jan-2022|182.3|13.2|3.3|present|0|266358.22
10714|1512|June 14, 2017|160.6|20.6|4.4|Present|0|680855.01
10715|1310|2020-06-11||10.6|1.3|PRESENT|0|544128.3
10716|1335|06/20/2022|187.0|15.4|3.7|Present|41742.64|456820.83
10717|1381|April 06, 2023|184.9|24.7|2.2|Remote|0|868800.01
10718|1331|11/16/2021|154.5|15.0|3.7|Absent|20040.97|532954.84
10719|1589|18/07/23|152.8|12.5|3.6|Present|0|923068.48
10720|1415|15-Dec-2023|191.4|4.5|4.8|Leave|0|382488.17
10721|1143|2017-12-24|133.8|19.7|2.7|Present|43318.1|491616.33
10722|1059|13-Jul-2020|172.5|6.7|1.7|absent |0|537614.22
10723|1735|04-Nov-2019|135.8|16.5|4.4|Present|0|503460.35
10724|1227|01/11/24|167.8|16.3|1.5|Present|0|819764.76
10725|1004|03/21/2020|138.3|0.7|1.2|Present|0|901797.92
10726|1810|August 11, 2022|143.5|17.5|2.5|Remote|4578.01|318927.13
10727|1174|October 27, 2023|146.0|6.7|4.8|PRESENT|0|317659.11
10728|1559|15-Nov-2023|178.7|15.6|4.6|Remote|0|302141.05
10729|1475|2018-10-27|187.4|5.0|2.0|Present|0|276817.16
10730|1715|12-Jun-2023|164.5|11.4|4.8|Present|0|233283.52
10731|1093|26/06/18|139.2|16.1|3.3|Present|0|517224.62
10732|1174|February 02, 2021|179.7|19.7|3.2|Present|0|
10733|1441|May 12, 2022|183.2|1.4|4.6|absent |0|881280.88
10734|1026|2024-11-12|129.2||4.0|Present|9325.45|454174.1
10735|1369|2022-09-26|152.1|4.0|1.4|Present|33626.31|315899.54
10736|1533|10/27/2019|168.8|7.5|1.2|present|19418.51|687861.29
10737|1556|02-01-2017|137.9|12.0|2.9|PRESENT|0|477907.43
10738|1531|17/04/22|123.8|13.1|3.5|Present|0|898301.54
10739|1250|18-Dec-2024|134.6|18.3|2.0|Present|44914.9|543588.93
10740|1832|16-10-2018|198.6|4.4|3.8|Present|0|400348.91
10741|1045|12-09-2023|184.9|17.3||Absent|0|785541.77
10742|1180|2020-10-25|193.9|14.0|3.6|Present|0|535982.11
10743|1293|06-06-2021|155.3||3.2|Present|0|368137.8
10744|1083|27/08/20|147.9|5.9|3.7|Absent|0|421701.26
10745|1142|12/07/22|198.8|10.7|3.0|absent |0|656390.21
10746|1397|March 14, 2020|152.7|24.5|2.5|Absent|37723.22|320650.28
10747|1846|13/10/24|125.6|12.8|1.2|Present|0|476954.71
10748|1429|17-Jul-2023|123.3|12.7|1.3|Present|3443.76|542924.31
10749|1348|19-11-2023|123.0||3.5|Present|0|715487.48
10750|1089|May 27, 2020|122.4|12.9||Leave|0|934502.43
10751|1752|22-Nov-2016|-5.0|11.0|4.6|Present|9675.92|403435.65
10752|1495|08/12/20|155.7|0.3|2.7|present|0|283215.85
10753|1620|2022-12-26|-5.0|7.2|3.9|Present|0|373555.13
10754|1777|18/11/24|137.9|0.1|1.8|absent |0|369548.94
10755|1043|17/05/18|165.1|13.6|1.4|Remote|0|168682.86
10756|1237|03/28/2024|135.6|22.9|2.5|PRESENT|0|779291.02
10757|1540|January 20, 2022|182.7|2.0|5.0|Present|0|486277.92
10758|1340|2024-11-20|121.7|5.6|2.6|Leave|0|353706.35
10759|1544|10-05-2022|121.8|6.1|4.3|present|27293.8|686159.91
10760|1158|17-Jan-2018|147.9|21.0|2.1|Present|7938.42|937063.63
10761|1227|2024-08-03|170.7||2.4|Present|0|737588.99
10762|1397|September 16, 2020|126.2|8.9|4.5|Absent|26558.54|585793.34
10763|1418|10-Aug-2023|186.8|21.1|3.0|Present|0|401708.54
10764|1290|03/10/23|166.5|21.9|4.7|Remote|0|297175.68
10765|1155|05/05/2023|129.1|6.7|4.3|Present||
10766|1687|January 11, 2024|182.8|2.6|2.4|Present|0|732296.56
10767|1363|14-Jun-2024|192.3|14.1|4.8|Present|0|695280.44
10768|1346|09/05/2019|177.4|21.7|1.9|Absent|576.59|218063.86
10769|1189|November 22, 2022|140.2|14.2|4.1|absent |0|300860.78
10770|1717|09/10/24|129.7|9.9|4.4|Present|16579.87|785433.5
10771|1485|03/02/24|140.9|21.3|4.2|Present|0|900393.58
10772|1463|11-11-2023|199.1|6.1|3.9|Present|0|747387.12
10773|1730|07/09/2021|125.9|7.6|3.9|absent |0|923526.73
10774|1260|15/03/23|135.1|13.3|2.3|Present||743677.07
10775|1350|20-Jan-2024|190.0|22.2|4.3|Present||845002.65
10776|1541|04/18/2023|168.8|11.3|2.3|Present|0|717760.85
10777|1304|12/22/2023|-5.0|3.8|4.4|Present|0|
10778|1398|09/19/2024|145.6|14.7|2.7|present|0|481260.98
10779|1240|23/01/22|-5.0|10.0|3.9|Absent|0|610031.53
10780|1325|2017-12-12|152.7|20.5|3.6|PRESENT|0|445969.83
10781|1115|2022-08-15|191.4|19.8|1.3|present|30179.3|570962.46
10782|1802|2020-07-16|134.8|5.1|3.6|present|0|244320.14
10783|1376|09-Nov-2023|172.8|13.0|1.1|Absent|38339.5|276723.41
10784|1680|07/23/2023||22.2|3.8|Present|0|849613.58
10785|1215|02-Apr-2022|176.3|5.0|2.2|Present|0|698904.73
10786|1042|27/07/23|147.5|7.6|1.7|Present|2755.91|619341.84
10787|1033|12-May-2023|180.7|4.4|3.3|present|24542.18|465491.37
10788|1120|2023-09-24|169.8|10.6|1.9|present|25515.22|930948.23
10789|1239|07/25/2024|192.7|22.4|2.3|present|0|727548.95
10790|1764|08/23/2022|153.5|6.9|3.6|Leave|0|708033.23
10791|1091|May 07, 2020|145.1|17.0|1.9|Remote|9786.19|623912.29
10792|1282|08/02/19|159.8|2.8|5.0|Present|23525.37|150923.29
10793|1457|05-Jul-2021|195.8|6.5|1.2|Present|0|828707.11
10794|1292|10/17/2019|156.1|0.9|3.3|Leave|0|214211.4
10795|1427|16/05/24|124.2|23.8|4.9|absent |19033.66|528265.01
10796|1151|12-Mar-2016|140.4|18.3|2.8|Remote|0|176818.63
10797|1524|01-12-2017|160.7|21.4|3.0|Present|0|206060.12
10798|1276|September 21, 2020|151.0|3.3|1.8|present|0|899834.66
10799|1107|02-Sep-2022|161.5|12.8|1.8|Present|0|206030.13
10800|1171|17-Dec-2022|133.7|4.5|4.0|Present|0|466651.57
10801|1343|09-Feb-2024|171.1|18.8|1.9|present|0|565220.33
10802|1040|28/10/24|160.9|8.8|4.5|Present|0|313566.11
10803|1681|03-08-2022|158.1|20.2|3.1|Present|23349.42|927693.64
10804|1382|June 21, 2023|126.2|13.9|2.7|PRESENT|0|225965.25
10805|1341|19-10-2023|164.2|0.6|4.3|PRESENT|0|443527.54
10806|1098|25-Dec-2021|142.9|2.3|1.8|Present|0|745451.29
10807|1545|April 24, 2021|127.0|1.0|2.4|PRESENT|0|168396.6
10808|1049|December 20, 2018|196.2|23.4|3.2|Absent|32129.61|512762.85
10809|1320|17/01/19|124.4|16.1|1.0|Remote|0|828269.78
10810|1033|21-Aug-2018|143.5|18.1||Present|0|384467.94
10811|1245|15-Oct-2022|124.6||4.4|PRESENT|20339.4|698265.76
10812|1107|12/16/2016|174.5|23.8|1.3|Present|0|667186.74
10813|1411|05/05/23|162.3|10.3|3.2|Leave|0|686064.15
10814|1068|01/08/18|162.6|4.4|1.9|Present|26847.27|537109.75
10815|1318|10-Sep-2024|179.5|8.8|1.4|Present|14160.63|531527.54
10816|1208|09-08-2023|120.4|17.0|1.3|Absent|0|868461.84
10817|1112|2022-07-02|179.2|16.3|2.5|absent |0|940137.52
10818|1038|24/10/22|120.9|15.2|2.1|Present|0|650825.19
10819|1185|2021-08-25|139.3|20.0|1.3|Leave|0|332401.79
10820|1320|2017-06-17|149.8|6.8|1.3|Remote|0|280057.08
10821|1292|2024-07-14|143.5|3.2|3.9|Remote|0|941390.5
10822|1413|03-Jul-2023|148.8|5.3|4.3|absent |0|855733.39
10823|1698|09-Apr-2018||12.1|1.3|Remote|45222.6|578281.45
10824|1350|05/19/2019|121.2|9.1|2.3|present|14733.28|832912.03
10825|1747|16-Oct-2022|189.9|15.7|1.5|Leave|19398.2|436458.18
10826|1502|12/05/2023|197.6|4.4|3.3|Leave|0|673764.42
10827|1574|November 26, 2018|144.9|10.9|4.4|Present|0|358050.05
10828|1724|26-12-2024|184.1|24.2|1.7|PRESENT||269920.48
10829|1639|06/02/2018|124.9|10.1|2.0|Leave|0|543494.79
10830|1025|10/20/2017|173.3|21.8|2.2|Present|0|318940.15
10831|1097|2021-10-22|121.4|21.2|4.9|Remote|0|735515.0
10832|1566|April 22, 2022|153.3|10.2|3.6|Leave|9312.3|887629.38
10833|1461|15/10/21|152.9|3.8|2.0|Leave|0|855801.45
10834|1827|03/11/2023|127.4||1.6|Present|0|588604.78
10835|1188|20-08-2016|138.4|7.2|3.7|Absent|15772.93|826681.64
10836|1053|2017-09-06|127.1|14.9|2.3|Leave|0|239503.82
10837|1227|24-06-2023|172.4|11.6|2.4|Present|0|699853.35
10838|1818|24-04-2019|197.7|5.8|2.8|Present|44697.52|228332.05
10839|1788|03/04/23|149.0|8.8|4.7|Leave|0|637470.65
10840|1110|2021-12-24|164.3|18.4|3.2|Absent||676713.3
10841|1648|2023-07-27|178.2|17.4|3.9|present|0|655723.79
10842|1691|06/27/2023|171.6|20.1|3.8|PRESENT|30493.19|644769.88
10843|1754|23/07/19|133.6|23.2|4.3|Present|45327.26|630840.12
10844|1090|03-Jan-2022|130.6|22.0|1.0|Present|46788.77|439018.77
10845|1233|11-Jun-2019|154.1|10.1||present|0|813166.62
10846|1108|01-05-2024|160.5|0.2|2.5|Absent|37353.36|535002.93
10847|1727|August 24, 2022|178.1|0.8|3.4|Absent|0|178327.04
10848|1420|August 16, 2024|150.3|14.0|3.7|Absent|0|926412.41
10849|1344|09/07/20|-5.0|14.0|2.9|present|45304.71|932407.98
10850|1778|07-May-2020|157.0|2.6|4.6|Leave|30930.34|658243.74
10851|1564|19/11/24|188.8|20.5|1.9|Absent|0|307060.51
10852|1074|2017-09-07|134.8|20.8|1.2|Leave|0|276647.21
10853|1338|06-Nov-2021|130.1|20.2|1.0|Present|0|
10854|1005|02/04/2021|126.6|11.7|2.4|Absent|0|416411.91
10855|1536|01/20/2017|194.0|10.2|3.9|Remote|37986.52|359818.63
10856|1090|19/03/21|186.2|24.5|4.3|absent |0|610077.32
10857|1254|10/10/22|155.9|1.0|2.3|PRESENT|44349.38|875731.21
10858|1420|25-Nov-2023|150.3|25.0|1.7|Present|0|635037.69
10859|1081|05/27/2019|127.8|14.6|1.9|Present|0|327312.78
10860|1495|2023-02-01|142.9|0.1|2.7|PRESENT|0|
10861|1099|February 11, 2023|144.5|24.9|1.1|Present|0|
10862|1068|17-11-2023|137.6|18.7||Absent|0|920791.88
10863|1574|12-Dec-2016|170.0|13.0|3.4|PRESENT|0|312725.45
10864|1203|17-01-2022|127.1|||Present|0|647640.43
10865|1053|February 23, 2019|155.4||3.0|absent |0|859166.61
10866|1601|09-06-2024|199.1|2.0|2.2|absent |24335.06|350243.36
10867|1581|21/05/22|178.4|10.9|4.0|absent ||499591.76
10868|1293|November 16, 2023|150.2|18.0|1.2|Present|0|521620.9
10869|1316|11-10-2022|161.7|24.9|1.1|Remote|46988.02|662545.41
10870|1312|03/12/2016|138.7|7.0|3.2|Absent|0|218190.75
10871|1087|09/05/2018|159.5|23.8|3.8|Leave|0|196371.61
10872|1654|05-08-2018|124.8|12.5|3.4|Absent|0|944645.62
10873|1107|2019-09-07||21.3|4.7|Leave|0|802502.99
10874|1677|10/08/2021|149.5|11.0|4.0|present|0|850362.12
10875|1159|October 01, 2023|148.9|21.0|2.2|Leave|0|930070.71
10876|1018|09/05/23|130.0|11.3|2.9|present|0|586821.08
10877|1130|09/12/23|149.1||4.7|Present|0|846997.17
10878|1535|07-01-2023|171.6|5.1|1.4|PRESENT|0|250624.93
10879|1567|April 03, 2021|133.7|14.3|1.4|PRESENT|0|914538.67
10880|1110|15-09-2022|149.4|20.9|1.5|Absent|0|349677.05
10881|1846|2021-05-10|150.5|12.0|4.2|PRESENT|0|748720.94
10882|1733|11-Dec-2024|176.1|0.2|2.3|Remote|36543.03|780862.86
10883|1500|11/07/18|154.8|17.6|1.9|PRESENT|0|
10884|1695|2023-05-03|129.7|22.6|1.0|absent |0|386283.56
10885|1419|03/08/20|180.3|23.7|4.1|Absent|0|232880.19
10886|1742|03/18/2022|135.3|24.0|3.1|present|40608.51|475299.12
10887|1421|15-Feb-2020|180.3|22.2|2.9|Absent|29278.68|612529.97
10888|1040|14/11/21|169.6|20.6|1.2|Present|10802.31|513093.76
10889|1077|09/25/2022|143.0|22.4|4.9|Present|11891.41|575723.76
10890|1709|25-Feb-2024|185.0|22.3|1.2|Leave|37795.54|565971.02
10891|1665|September 28, 2022|139.4|6.0|2.9|present|0|506169.61
10892|1166|06/25/2021||7.8|1.0|Present|0|888306.67
10893|1029|10-Jun-2023|142.2|16.4|4.3|Present|0|379451.44
10894|1269|November 18, 2020|125.4|4.5|3.2|Present|0|337104.2
10895|1421|14-Feb-2018|166.9|14.4|2.8|Present|0|377271.28
10896|1243|December 19, 2020|150.5|1.1|3.9|Present|0|463092.37
10897|1201|01-01-2019|145.4|0.5|4.1|Absent|43252.13|402841.35
10898|1234|03/08/21|131.5|17.5|5.0|present|0|899297.46
10899|1642|2024-10-09|131.1|7.7|3.6|Remote|0|783219.56
10900|1302|09-May-2022|188.0|23.3|1.6|Present|0|419751.03
10901|1176|06-01-2022|136.4|24.2|2.3|Present|0|473874.37
10902|1162|10/15/2015|170.4|7.2|5.0|present||448789.89
10903|1393|June 10, 2016|176.2|19.2|3.2|Present|0|692019.96
10904|1058|08-11-2018|177.7|10.4|1.8|absent |0|448122.24
10905|1245|09/04/22|157.0|20.7||Present|0|368325.53
10906|1188|December 10, 2020|130.7|7.3|3.7|Remote|0|608013.2
10907|1353|11/23/2020|171.5|5.3|3.8|Leave|1702.05|361349.62
10908|1704|22-Jan-2024|125.9|21.7|4.6|absent |0|302178.37
10909|1807|2021-10-21|136.2|1.8|4.0|Present|0|832619.93
10910|1457|April 19, 2020|148.0||2.1|Present|0|566654.92
10911|1288|01/03/2021|150.1|1.9|4.7|Present|0|819619.37
10912|1242|04/23/2020|171.6|0.4|1.5|PRESENT|0|724301.02
10913|1648|27/11/18|136.1|18.4|3.0|Present|42857.66|237226.45
10914|1453|15-03-2019|187.5|6.3|4.7|Absent|0|524854.82
10915|1398|December 02, 2017|149.7|14.5|1.1|Present|0|746385.6
10916|1363|March 08, 2024|192.8|5.5|3.8|Present|0|861095.26
10917|1416|December 20, 2019|196.4||4.1|Leave|0|166044.17
10918|1292|22/05/24|135.3|8.7|1.3|Present|0|493991.77
10919|1270|12-12-2024|151.8|13.4|2.5|Leave|0|600593.04
10920|1358|03/09/2023|191.8|16.6|2.1|absent |44397.51|768481.52
10921|1003|21-01-2022|149.3|4.5|4.6|Absent|20913.15|170336.04
10922|1845|28-Jan-2020|168.7|17.3|3.8|Absent|11906.12|761046.13
10923|1376|11-03-2022|179.9|2.3|4.5|present|31159.07|657550.28
10924|1188|19/02/22|160.3|9.6|4.2|Present|0|607612.06
10925|1298|03-Dec-2022|178.3|4.1|1.0|Present|0|404029.04
10926|1083|25/08/19|152.3|3.4|4.5|Leave|0|693637.72
10927|1667|2022-04-19|191.3|7.3|3.6|Present|7482.07|604582.07
10928|1034|01/24/2022|179.2|8.0|2.7|Present|0|222698.4
10929|1353|January 22, 2018||1.4|3.5|PRESENT|0|591539.5
10930|1240|October 03, 2023|125.1|9.3|3.8|Present|0|689157.84
10931|1779|03-May-2015||13.4|4.8|absent |0|794144.65
10932|1445|2023-02-06|183.7|5.8||Leave|17233.42|904616.17
10933|1287|06/24/2021|158.5|15.1|1.1|PRESENT|0|252085.54
10934|1179|2020-04-28|129.6|15.4|4.3|Present||165760.49
10935|1137|16/06/24|162.9|16.6|1.4|absent |21377.28|838223.44
10936|1140|June 21, 2019|120.2|1.4|1.7|Present|0|635639.92
10937|1668|05/17/2023||2.2|4.4|PRESENT|0|875384.35
10938|1102|2023-02-11|133.7|13.5|4.0|Present|0|489011.24
10939|1206|June 26, 2021|161.5|1.5|1.7|PRESENT|0|876408.31
10940|1473|10-02-2021|162.8|20.0|3.6|Remote|0|698007.57
10941|1597|20-Oct-2020|146.0|22.4|3.1|present|33005.99|729415.34
10942|1326|14-05-2021|181.0|5.8|2.2|Present|0|679188.02
10943|1505|2024-12-23|167.1|||Present|0|528606.75
10944|1061|2019-11-12|149.8|23.6|3.4|Present|0|341836.76
10945|1767|08-Feb-2022|179.7|23.3|3.6|Remote|0|795747.68
10946|1273|02/27/2024|165.8|23.4|2.4|PRESENT|4124.05|697870.27
10947|1518|12/11/2021|129.2|9.7|3.2|Present|0|842431.9
10948|1036|08/02/21|139.5|17.6|4.9|Absent|0|153226.81
10949|1745|10-07-2020|144.5|23.8|3.8|Leave|0|434178.81
10950|1312|12-Aug-2019||0.4|2.3|PRESENT|38549.91|792202.01
10951|1688|July 17, 2024|131.0|15.1|3.0|Remote|0|689280.32
10952|1595|06/08/2020|159.1|12.8|4.3|Present|0|591298.74
10953|1523|2020-02-22|172.6|1.9||absent |0|251143.92
10954|1729|08/12/16|147.3|7.0|4.6|Present|0|378241.04
10955|1460|2022-04-10|176.0|11.0|1.5|Absent|0|840027.41
10956|1136|12/12/2020|150.3|12.4|4.0|Remote|0|554166.51
10957|1767|09-Jun-2023|184.1|18.2|1.1|PRESENT|0|923531.69
10958|1555|2020-01-27|184.5|24.9|2.0|Absent|0|937344.0
10959|1815|02/21/2018|198.9|4.8|4.3|Absent|0|248822.39
10960|1473|16-May-2024|136.8|8.7|1.8|present||205562.53
10961|1416|23-Jul-2023|131.2|19.2|1.2|Present|0|555813.43
10962|1202|2023-11-10|192.4|14.9|2.4|Present|8896.7|553598.14
10963|1639|18-07-2021|167.1|17.4|1.1|Present|0|466323.96
10964|1396|July 04, 2017|120.5|15.6|3.4|PRESENT|0|569453.58
10965|1839|2023-03-22|180.5|23.7|1.8|Leave|0|711326.46
10966|1191|05-03-2024|186.0|23.3|3.4|PRESENT|0|203154.5
10967|1480|22/04/24||21.0|2.2|PRESENT|0|892765.9
10968|1841|14-Jun-2021|126.7|18.7|3.0|absent |0|616851.59
10969|1171|2020-05-24|-5.0|5.1|4.8|Present|0|480385.44
10970|1662|2020-02-06|192.1|17.7|2.8|absent |0|629170.64
10971|1631|2018-06-24|186.7|12.0|2.7|present|0|645631.91
10972|1212|06-Sep-2018|143.4|0.7|3.7|Absent||695268.52
10973|1213|2021-04-21|145.2|19.9|3.0|Present|0|367598.11
10974|1604|2019-04-06|140.2|17.0|3.2|PRESENT|0|371657.23
10975|1246|19-03-2023|142.0|22.5|3.8|Present|45982.43|219292.25
10976|1085|May 13, 2019|173.8|16.4|1.0|present|0|473496.07
10977|1339|14/06/24||11.1|3.5|absent |0|829260.53
10978|1782|March 21, 2019|171.3|21.4||Remote|0|720507.95
10979|1155|08/06/2022|189.8|2.5|1.4|absent |0|224827.92
10980|1259|November 10, 2021|147.6|5.0|1.6|Remote|0|767546.68
10981|1235|2022-12-18|165.8|12.2|1.2|Absent||208801.44
10982|1631|01/14/2021|127.7|15.9|2.6|Present|0|884155.43
10983|1579|11-Jan-2024|142.0|7.4||absent |15770.29|346571.96
10984|1654|22-Nov-2023|144.2|16.9|2.3|Leave|41726.39|268970.43
10985|1158|09/11/19|130.8|13.4|4.5|Absent|37954.85|772747.22
10986|1654|25-Oct-2021|192.1|5.2|3.2|Leave|0|762747.11
10987|1355|May 05, 2020|153.4||1.1|Remote|0|155107.22
10988|1194|February 08, 2023|136.1|13.7|5.0|absent |0|308601.52
10989|1737|June 26, 2021|155.6|6.8|2.5|Present|0|694559.49
10990|1639|03-07-2019|190.1|11.5|3.5|Remote|0|742328.79
10991|1646|05/03/22|191.3|15.7|1.8|Remote|16375.97|453972.6
10992|1692|05-01-2016|182.0|20.2|2.2|Leave|0|582889.41
10993|1698|02-12-2020||21.2|1.5|present|13110.31|575556.21
10994|1309|July 12, 2023|195.7|22.7|3.2|Present|0|
10995|1276|2024-07-10|148.6|4.7|4.2|Present|0|599734.61
10996|1028|02/19/2024|182.2|18.8||Present|0|725850.33
10997|1001|07-06-2024|144.3|4.3|3.5|absent |29704.42|634279.12
10998|1279|October 09, 2019|168.5|2.6|2.4|Present|0|323204.82
10999|1090|20/06/24|182.4|23.7|3.8|present|0|827710.65
11000|1658|June 05, 2024|124.1|7.6|2.5|Present|0|928741.82
11001|1354|12/20/2024|160.4|13.9|1.9|Present|14.92|608197.12
11002|1356|21/09/24|130.3|7.2|2.2|Present|0|420238.73
11003|1107|August 22, 2020|141.5|19.3|3.5|absent |0|887970.74
11004|1110|15-Nov-2019|189.6|10.1|1.8|Absent|0|734119.1
11005|1318|17-Nov-2019|177.3|14.9|1.7|Present|0|580450.81
11006|1386|January 06, 2020|134.9|21.1|4.8|Present|10124.53|601633.94
11007|1061|15-Jun-2021|149.1|14.8|4.2|Absent|0|776102.94
11008|1739|28-Jun-2022|132.1|14.5|1.9|Leave|22025.38|761365.12
11009|1744|2021-09-17|153.6|19.2|3.1|Absent|25940.43|281420.35
11010|1647|17/07/18|199.2|4.5|3.5|Present|14660.78|253930.26
11011|1517|2024-04-13|122.0|20.1|2.1|Present|0|897058.62
11012|1492|18-02-2021|149.6|7.3|2.9|Present|0|266526.69
11013|1595|15-12-2019|133.7||4.1|Absent||819497.3
11014|1431|2020-06-22|138.3|19.7|1.9|Present|0|390250.23
11015|1158|23-03-2020|169.5|12.8|4.5|Leave|10100.73|488475.02
11016|1216|2023-02-26|163.7|23.9|2.2|Absent|2609.29|158982.16
11017|1344|April 18, 2022|147.7|17.1|2.4|Remote|0|487781.66
11018|1660|02/18/2024|138.6|5.1|4.0|absent |0|856150.62
11019|1757|01-Aug-2024|128.3|17.3||Present|38199.45|531902.92
11020|1095|2023-03-28|180.7|11.5|1.2|absent |0|666623.31
11021|1311|13/11/22|176.4|11.0|3.1|Remote|34722.99|928229.53
11022|1249|12/13/2024|127.9|21.7|1.5|absent ||828965.6
11023|1332|01/15/2022|141.2|22.3|3.1|Present|0|223396.75
11024|1816|21-Oct-2024|199.0|9.1|3.6|Present|0|650471.35
11025|1284|10/02/19|130.6|7.6|4.6|Present|11114.81|649412.07
11026|1549|2023-07-27|179.7|16.2|4.6|Remote|0|670336.04
11027|1547|11/09/17|166.2||2.8|present|0|251429.75
11028|1175|07-06-2021|142.1|11.7|4.8|Absent|0|266632.4
11029|1365|19-06-2020|128.6|8.3|3.5|Remote|19436.78|317290.89
11030|1568|May 11, 2018|132.1||2.5|Remote|0|862687.08
11031|1389|09/05/19|173.6|9.0|1.0|Absent|0|215328.15
11032|1250|10-Nov-2018|195.5|18.7|1.1|Leave|0|357286.69
11033|1107|June 06, 2019|194.7|8.2|3.9|Present|0|620895.05
11034|1612|13-Jun-2024|157.8|16.6|4.3|absent |0|233852.9
11035|1339|August 13, 2016|123.4|12.7|3.0|absent |44757.99|638464.42
11036|1212|21-07-2018|176.6|12.2|1.8|Present|16195.45|161373.9
11037|1053|2023-06-14|157.3|4.5|3.7|Leave|0|205347.88
11038|1721|11/01/24|137.7|17.3|2.9|Present|0|818426.84
11039|1453|2018-04-28|-5.0|15.2|4.8|Leave|0|896685.42
11040|1681|May 15, 2021|172.6|8.7|3.7|PRESENT|0|857486.69
11041|1473|03/19/2023|187.5|20.0|2.0|Present|0|326201.38
11042|1594|October 18, 2024|132.4|20.1|4.1|Present|0|640385.72
11043|1547|04/07/2023|136.3|12.3|3.4|Remote|0|438103.25
11044|1608|03-Feb-2021|176.4|9.7|4.1|PRESENT|0|734875.51
11045|1729|2024-11-27|155.5|23.7|1.7|Remote||938422.16
11046|1751|April 06, 2020|137.3|6.5|5.0|absent |0|389689.04
11047|1060|February 04, 2020|130.7|24.2|2.5|PRESENT|0|780801.53
11048|1583|2022-10-25|198.4|13.5|3.4|present|0|490328.3
11049|1312|16-10-2019|177.1|14.5|3.0|Present|0|523233.84
11050|1830|07/25/2018|155.1|3.6|1.0|Present|0|667527.03
11051|1737|16/01/23|179.8|1.7|4.1|Present|0|723449.01
11052|1396|05/04/2020|136.1|15.7|3.7|Remote|20715.31|814282.44
11053|1203|04-12-2023|136.0|12.2|1.4|present|0|844497.88
11054|1110|12-Jan-2021|127.5|23.8|2.1|Present|0|759189.97
11055|1688|05-10-2022|133.0|2.6|2.7|Present|0|629225.66
11056|1678|08/02/21|120.8|16.1|4.8|absent |0|710664.65
11057|1144|05-08-2018|193.4|21.9|1.4|Leave|6807.52|945374.75
11058|1097|04-May-2017|182.5||2.0|PRESENT||627028.15
11059|1099|18-Nov-2024|175.5|13.6|1.0|Remote|32824.1|813627.88
11060|1727|2018-05-26|155.7|2.6|2.6|Remote|0|189218.41
11061|1429|25/04/17|154.6|6.3|1.7|PRESENT|0|907301.93
11062|1655|21/10/23|162.2|20.1|1.9|PRESENT|0|
11063|1188|2024-05-03|140.5|1.4|2.6|present|0|737360.77
11064|1022|2020-10-19|163.5|16.8|2.9|Present|0|483373.16
11065|1672|20-11-2019|172.4|23.0|1.4|Absent|0|473639.13
11066|1178|18/02/24|124.0|1.8|4.3|Absent|15229.61|363419.7
11067|1511|08/06/2023|152.4|8.7|4.1|Remote|0|665051.48
11068|1073|04/05/2021|158.2||3.7|Present|0|528693.25
11069|1081|September 13, 2024|129.2|23.2|1.5|Remote|0|361371.61
11070|1498|March 13, 2021|182.0|1.9|3.9|Present|0|473046.44
11071|1411|11/03/22|124.0||1.9|present|0|779741.96
11072|1476|10/01/2020||5.4|2.6|Present|28270.87|734855.78
11073|1604|08/23/2017|173.7|20.0|3.8|Leave|0|750081.22
11074|1022|January 11, 2020|188.5|5.0|2.9|Present|30086.36|423530.58
11075|1288|07/02/2022|153.7|17.8|5.0|Present|0|359528.39
11076|1061|09/19/2024|144.8|6.9|1.2|Present|0|864039.98
11077|1294|10/12/16|164.6|18.3|2.9|Remote|0|393731.51
11078|1721|18-07-2018|127.6|23.5|3.6|absent |0|463628.98
11079|1654|02-02-2023|142.6|10.5|4.8|absent |0|384408.71
11080|1443|16-02-2022|122.4|11.8|2.5|Leave|0|603993.49
11081|1205|02-May-2021|131.7|19.4|4.6|absent |0|679333.03
11082|1265|September 03, 2021|188.5|24.0|1.5|Present|32447.51|808420.05
11083|1686|2023-03-16|198.5|2.3|5.0|absent |0|486656.31
11084|1688|14-01-2022|183.0|8.0|3.6|Present|13444.09|252921.79
11085|1011|2023-07-25|148.6|23.4|2.1|Leave|39557.21|403003.21
11086|1507|01/16/2018|198.3|3.1|2.7|Leave|0|825384.58
11087|1248|2015-09-22|138.5|1.1|2.2|Present|0|
11088|1379|22/08/21|174.0|21.1|2.3|PRESENT|0|912727.97
11089|1775|06/03/19|186.0|21.6|3.0|PRESENT|0|618765.57
11090|1401|2024-01-24|165.4|24.8|3.9|present|0|827919.24
11091|1705|07/11/22|161.2|10.1|2.6|Present|0|
11092|1647|18/03/20|136.6|1.5|3.8|present|0|312634.16
11093|1576|April 21, 2022|144.5|12.1|2.9|Present|0|733055.69
11094|1383|18-Jul-2020|137.3|20.8|3.4|absent |0|743930.36
11095|1157|14-01-2019|124.7|12.8|2.4|Remote|39681.03|544049.24
11096|1706|14-08-2023|122.0|4.6|2.6|Leave|0|871926.62
11097|1252|2018-12-19|174.9|20.1|4.3|absent |0|513774.53
11098|1390|July 26, 2023|141.1|8.7|2.5|Present|0|401053.09
11099|1494|07/04/2023|139.9|8.5|1.3|present|0|584407.52
11100|1499|03/09/16|173.8|3.5|2.0|absent |0|898142.42
11101|1696|10/06/23|164.3|21.3|1.2|Remote|0|686929.02
11102|1265|September 13, 2024|189.8|6.8|3.6|Leave|0|340085.02
11103|1162|08/21/2015|190.2|9.4|4.9|Remote||767778.09
11104|1226|09/23/2021|154.7|22.2|4.1|absent |0|220038.22
11105|1091|02/07/20|149.4|10.8|1.4|Present|3241.69|
11106|1014|2016-02-22|173.2|17.6|2.4|Present|0|352910.8
11107|1410|06/20/2016|174.9|10.1|4.8|Present|0|545628.4
11108|1794|2018-03-15|180.8|13.4|2.2|Leave|0|166302.59
11109|1048|2023-11-24|159.8|15.7|3.2|Absent|0|534815.09
11110|1004|November 11, 2019||12.2|4.2|present|0|219758.44
11111|1766|24-11-2019|127.8|9.9|1.5|Remote|22043.01|487960.54
11112|1113|October 04, 2018|183.2|12.9|2.4|Present|0|826882.03
11113|1660|26-Jun-2023|188.5|16.1|4.7|Remote|29378.94|322123.91
11114|1381|01-01-2024|193.4||3.5|Present||898761.83
11115|1424|17/10/21|189.4|12.0|4.1|present|0|270325.19
11116|1185|21-07-2024|167.6|16.5|1.5|present|42086.91|520481.82
11117|1168|09-Oct-2018|171.9|22.2|4.7|Present|26649.87|793316.76
11118|1240|2017-10-26|165.8|22.3|2.5|Absent|0|850860.76
11119|1433|06/24/2023|123.9|8.6|3.5|Present|0|853797.49
11120|1085|02-08-2020|133.0|21.4|3.9|absent |0|833540.09
11121|1303|08/28/2023|164.1||2.4|Remote|2101.88|787521.27
11122|1839|03/05/21|162.0|14.7|1.2|Present|37790.02|
11123|1765|October 16, 2022|196.2|12.7|3.7|absent |21713.91|678501.35
11124|1370|22-05-2022|182.0|0.9|3.4|Present|17333.47|534474.41
11125|1303|10/10/20||12.7|4.0|Absent|0|
11126|1080|10-Jun-2023|197.4||3.7|Absent|31275.82|453741.75
11127|1131|08/06/2021|122.7|1.1|4.1|Leave|40583.81|475986.11
11128|1276|08/02/2018||12.9|3.0|Present|0|290659.87
11129|1338|December 05, 2021||2.3|2.8|Leave|5874.48|504646.7
11130|1645|April 14, 2016|167.2|1.0|2.3|PRESENT|0|384379.64
11131|1099|April 06, 2022|184.6|18.2|1.4|Present|11551.4|654178.98
11132|1347|04-07-2021|153.5|0.5||Remote|0|
11133|1729|01-08-2024|163.5|18.1|3.6|PRESENT|0|524499.02
11134|1131|02/01/2019|177.3|14.1|1.2|Present|0|387713.25
11135|1631|2023-08-18|128.6|4.5|2.9|present|0|236809.3
11136|1252|10-Nov-2017|146.3|19.3|1.4|Remote|39290.22|649639.92
11137|1433|January 11, 2023|135.1|23.8|3.3|Present|5006.38|307850.23
11138|1340|06-03-2022|178.7|10.2|3.9|Present|0|795995.72
11139|1251|01/09/2023|177.7|9.1|1.4|absent |0|225031.14
11140|1358|04/06/2018|137.7|2.1|4.1|Remote|30128.61|503096.22
11141|1716|13/04/21|176.7|0.3|1.7|Leave|0|577971.9
11142|1284|01/09/2016|141.0|7.7|4.5|Present|0|859209.16
11143|1548|27-Jul-2023|134.8|5.3|4.0|Leave|0|200200.64
11144|1767|28/03/21|172.9|4.2|4.2|PRESENT|9025.19|754852.84
11145|1589|20/03/23|139.2|22.0|2.1|absent |0|441187.8
11146|1040|December 06, 2023|140.4|5.7|4.5|Present|234.4|504159.86
11147|1354|02/12/21|134.5|6.8|2.7|Present||430915.41
11148|1220|19/05/23|197.5|21.9|3.4|absent |0|753695.82
11149|1352|03-02-2022|167.6|8.9||Present||488233.22
11150|1524|May 22, 2016|134.7|16.2|2.1|Present|0|268797.49
11151|1114|10-Sep-2019|137.0|15.2|4.1|Leave|0|415778.48
11152|1409|2021-06-06|134.8|12.9|4.7|present||214199.9
11153|1348|January 10, 2022|177.4|17.7|1.1|absent ||557606.37
11154|1356|2024-05-12|157.6|24.7|2.2|Remote|0|503317.43
11155|1168|16/07/19|123.9|14.2|1.1|Present|0|394266.13
11156|1120|02/11/2023|120.9|18.6|4.7|Present|44048.95|351739.08
11157|1276|12/11/2023|123.1|14.8|3.0|absent |0|199383.99
11158|1833|06/20/2024|165.8|9.8|1.0|PRESENT|0|631422.07
11159|1312|2020-09-16|152.8|22.1|4.7|Leave|0|661677.91
11160|1814|2024-10-11|127.5|17.2|4.4|PRESENT|0|505684.37
11161|1353|03/01/2018|156.5|21.4|1.4|present|0|430468.18
11162|1107|2020-06-11|163.9|23.8|1.0|PRESENT|0|637772.35
11163|1463|03-11-2024|189.1|19.9|2.1|present|37324.91|427155.05
11164|1636|09/25/2023|144.9|10.0||Absent|0|857421.4
11165|1173|2023-11-05|120.8|23.9|4.0|Leave|30457.39|501620.84
11166|1098|October 26, 2018|168.9|10.2|1.8|Present|0|926869.12
11167|1370|2021-07-15|170.5|18.7||PRESENT|0|225866.47
11168|1143|01-Mar-2016||7.9|2.0|Absent|0|493609.99
11169|1781|14/08/23|173.7|4.6|3.9|Present|18865.45|472436.59
11170|1006|July 12, 2020|132.2|23.5|2.0|Absent|0|505474.79
11171|1142|07/11/2021||7.8|3.8|Remote|0|539351.19
11172|1498|05-Jul-2017|158.9|22.1|4.0|Absent|8747.56|643222.79
11173|1288|May 13, 2020|152.7|20.9|4.5|Present|0|495904.34
11174|1090|04-Nov-2019|134.2|9.7|2.8|absent |0|370782.46
11175|1008|2023-02-23|171.7|15.2|4.5|absent ||772926.67
11176|1749|2023-04-19|142.1|7.3|2.9|PRESENT|0|179940.17
11177|1300|January 25, 2018|||3.6|Present|0|794499.79
11178|1794|20/01/22|179.6||1.8|Leave|0|701552.08
11179|1234|2017-02-06|193.6|7.0|3.3|Present|13810.3|696969.43
11180|1580|09/11/2016|162.8|15.7|1.1|Absent||743545.77
11181|1742|25-01-2022|147.3||2.8|Absent|16466.88|528955.57
11182|1684|25-Dec-2024|169.2||4.0|PRESENT|0|552965.59
11183|1307|24-09-2023|125.0|16.3|1.4|Present|20424.39|581710.48
11184|1277|02/03/2020|155.0|20.0|3.2|present|6661.9|624969.89
11185|1108|08/03/17||1.5|2.5|Remote|45889.53|743133.26
11186|1288|2018-12-12|163.5|2.5|1.7|Leave|0|398426.79
11187|1487|17-May-2020|162.2|9.4|2.2|Present|3844.84|758639.85
11188|1235|2021-03-17|192.7|23.9|3.0|Absent|0|682163.41
11189|1374|2023-11-03||11.2|2.2|Remote|8422.21|494447.82
11190|1580|01/02/19|164.9|7.6|4.7|Present|0|218785.76
11191|1398|09/09/15|126.9|1.1|3.5|Present|0|543758.21
11192|1143|March 11, 2021|154.1|18.1|2.1|Leave|0|287130.36
11193|1436|2023-08-22|123.2|20.9|1.0|absent ||853002.83
11194|1761|08/08/2024|156.6|24.5||present|0|
11195|1826|2023-01-13|197.7|7.3|4.0|Remote|0|312412.91
11196|1365|28/12/23||20.7|4.4|Leave|0|512850.24
11197|1597|04/14/2024|184.2|1.3|2.3|Present|30951.77|618725.01
11198|1645|2022-12-10|138.8|0.8|2.6|Present|0|754954.42
11199|1195|12-12-2021|125.3|19.4|1.6|Present|2661.77|435035.18
11200|1551|10-Nov-2020|164.1|3.0|2.4|Present|0|815669.2
11201|1210|27-05-2021|197.7|13.0|2.1|PRESENT|0|621750.45
11202|1640|05/06/24|149.0|17.9|1.2|PRESENT|31495.7|566482.0
11203|1162|2022-11-10|121.4|9.0||Present|28268.07|201545.45
11204|1222|19/03/16|156.1|1.1|4.5|Present|0|874332.23
11205|1172|05/12/23|121.8|22.5|2.7|Present|0|346816.45
11206|1600|27/07/23|148.1|16.5|1.0|Remote|0|544922.1
11207|1441|October 22, 2018|156.3|8.1|4.5|present|0|850234.02
11208|1618|13-10-2022|170.1|5.2|4.8|Leave|0|533597.95
11209|1524|12-Apr-2018|135.7|12.9|1.2|Absent|0|730779.57
11210|1473|January 27, 2023|150.2|14.8|3.8|Present|13986.8|863112.56
11211|1440|02/25/2018|175.8|21.2|1.5|PRESENT|0|873977.37
11212|1206|23-03-2021|122.2|24.6|4.4|Leave|0|770167.14
11213|1419|2020-03-15|149.2|4.5|4.2|Present|20106.74|250290.65
11214|1043|01/16/2018|165.5|13.0|2.1|PRESENT|0|665313.33
11215|1553|27-04-2023|132.0|1.6|3.6|Leave|0|931028.84
11216|1340|February 26, 2023|171.1|1.7|4.2|absent |10943.85|193575.64
11217|1088|11/14/2015|165.1|5.5|4.2|Absent|0|886446.68
11218|1082|05-08-2020|155.3|9.2|2.0|PRESENT|0|193654.87
11219|1090|16-11-2021|186.9|3.0|4.5|absent |0|303587.06
11220|1647|2017-04-14|181.5|18.1|2.6|Present|0|258629.72
11221|1641|06/10/2017||18.0|4.5|Present|0|804123.23
11222|1074|2021-05-26|168.8|7.6|3.0|Present|0|166151.8
11223|1630|28-04-2022|151.8|18.1|3.2|Remote|0|280495.79
11224|1111|11/25/2024|150.6|24.8||Present|0|391995.18
11225|1528|10-12-2020|180.4|0.2|3.1|PRESENT|0|266607.56
11226|1303|14-05-2021|158.3|18.9|1.8|Present|0|579755.19
11227|1733|05/25/2024|198.7|18.1|2.6|PRESENT|0|835859.47
11228|1040|January 19, 2022|157.1|6.6|3.7|Remote|0|716578.82
11229|1358|10/14/2022|133.2||5.0|Present|0|545312.07
11230|1651|18-Aug-2022|187.0|17.5||Leave|0|779876.39
11231|1194|02-Mar-2022||24.7|4.3|Present|0|531802.18
11232|1376|19-Aug-2020|147.5|5.1|2.8|absent |42401.68|722269.75
11233|1711|2017-10-11|156.4|4.4|3.1|Present|0|527742.67
11234|1604|26/10/16|174.3|7.5|2.2|present|0|664415.26
11235|1093|16/08/18|154.3|17.7|1.6|Present||943652.7
11236|1746|October 04, 2019|174.7|7.6|3.1|present|33668.56|264208.96
11237|1030|09/11/22|127.2|2.3|2.3|present|0|775762.33
11238|1143|2024-03-23|178.8|13.3|3.2|Present|45631.22|307065.67
11239|1288|11/09/2022||7.1|2.4|Leave|0|683272.89
11240|1742|18/10/23|175.5|1.8|2.5|present|0|177312.77
11241|1671|04-10-2018|177.8|19.6||Present|0|242491.38
11242|1073|02/24/2023|122.7|17.2|3.4|Present||845287.85
11243|1147|02/08/2022|171.9|22.5|3.5|Present|0|698605.68
11244|1038|25/09/21|154.7|14.4|1.5|absent |39540.12|308020.07
11245|1617|December 20, 2021|152.3|5.9||Absent|0|440080.85
11246|1252|08/13/2024|-5.0|22.7|4.8|Present|0|903522.1
11247|1230|2020-05-01|179.2|11.6|4.5|PRESENT|0|669996.59
11248|1202|21-06-2017|165.4|2.4||absent |0|743508.76
11249|1433|06-04-2023|140.5|22.1|3.9|Absent|0|570833.66
11250|1612|24-Dec-2023|164.4|11.1|4.6|Present|0|406283.6
11251|1759|02-08-2021|194.2|19.4|4.9|absent |0|798330.7
11252|1547|10/11/2018|180.2|9.2|3.8|Present|16633.43|212546.85
11253|1844|10/03/24|149.8|20.6|3.8|present|0|368826.31
11254|1592|27-10-2016|181.6|14.2|3.4|Absent|44961.96|811435.78
11255|1439|08/04/2018|154.9|24.7|2.1|Present|31991.12|325416.79
11256|1311|05/09/21|194.4|20.3|4.4|Present|17107.98|453076.0
11257|1170|2021-10-02|185.5|16.4|4.6|Absent|0|352130.44
11258|1808|08-Aug-2023|195.6||2.8|Present|0|488829.09
11259|1811|September 20, 2024|181.4|18.1|4.7|PRESENT|0|170878.01
11260|1356|04/18/2022||19.5|1.4|Present|0|815197.72
11261|1480|07/09/2024||10.2|3.5|absent |0|476423.23
11262|1313|05/08/20|129.8|0.3|1.9|Present|0|706635.78
11263|1540|02-Nov-2018|121.1|17.6|1.2|Present|15032.21|850188.48
11264|1318|2017-09-11|183.4|12.5|3.7|absent |0|675758.7
11265|1126|03/21/2023|192.9|21.9|3.9|Present|0|534494.37
11266|1216|18-Mar-2024|177.8|0.0|2.4|Remote|0|695718.43
11267|1671|12/04/2022|173.1|9.1|3.5|Absent|47976.47|290736.87
11268|1799|December 22, 2018|142.0|24.9|2.5|present|0|581795.12
11269|1807|December 17, 2018|121.0|9.7|1.8|present|0|421517.46
11270|1448|11/08/2021|196.4|3.2|1.0|Present|9973.04|395243.69
11271|1595|08-Jul-2024|182.4|7.4|1.7|present|0|866127.74
11272|1466|April 10, 2020|165.7|20.9|1.5|Leave|0|868844.41
11273|1087|24/02/20|183.1|20.9|4.4|PRESENT|2137.27|895599.77
11274|1498|06/22/2023|189.6|9.0|4.6|Leave|46284.27|333071.22
11275|1406|01-08-2021|174.8||5.0|Absent|15576.37|410999.91
11276|1281|21-Apr-2023|158.9|20.8|1.4|Absent|0|945283.71
11277|1523|15-May-2024|170.1||1.9|PRESENT|34868.0|663225.64
11278|1662|May 03, 2020|164.9|2.8|4.5|absent |0|873384.88
11279|1670|07/20/2021|136.1|14.9|2.9|Leave|0|411533.24
11280|1746|13/11/22|151.6|9.6|3.6|Present|3969.79|770274.19
11281|1579|April 18, 2023|178.1|7.5|1.4|Present|0|272355.8
11282|1276|March 24, 2024|191.6|7.5|1.5|absent |0|745141.63
11283|1632|March 09, 2020|125.8|23.6|1.1|Present|0|409991.88
11284|1052|2023-02-02|149.0|25.0|3.4|Present|16953.16|945910.75
11285|1807|2018-09-06|156.7|22.8|2.4|Absent|7644.37|871468.53
11286|1222|2021-12-07|169.6|8.1|2.2|Present|0|593667.09
11287|1375|07-10-2018||15.5|3.5|Present|33553.0|814648.34
11288|1365|2021-12-09|187.6|23.8|3.5|Present|0|383160.49
11289|1036|03/09/2020|182.4|21.6|3.7|Present|32930.38|463638.41
11290|1680|20-11-2024|164.2|10.3|2.2|Absent|26555.23|559963.86
11291|1812|21-06-2023|196.7|20.7|4.4|absent |37949.23|582548.47
11292|1162|23-06-2017|-5.0|15.1|3.7|Leave|0|665859.45
11293|1254|05/23/2020|125.7|2.9|1.2|Absent|0|833496.56
11294|1339|14/08/20|163.2|7.5|4.9|Present|0|611593.14
11295|1313|07-03-2020|127.4|13.4|2.7|PRESENT|0|326164.29
11296|1459|20/05/18|184.5|9.3|2.2|Present|0|191536.76
11297|1812|23-03-2022|169.2|8.0|1.9|Leave|28304.24|511389.92
11298|1325|15-03-2017|171.1|11.8|4.6|Remote|0|269107.42
11299|1354|24/12/16|199.3|22.5|4.3|PRESENT|0|806685.79
11300|1119|2022-02-22|122.2|5.3|2.2|present|3105.25|280220.27
11301|1841|14/06/19|195.1|2.1|3.5|Absent|0|713451.45
11302|1068|20-08-2017|139.4||1.8|Absent|0|851495.25
11303|1053|January 19, 2020|151.7|20.8|1.1|Remote|0|
11304|1143|09/06/2020|185.6|21.3|4.3|Present|0|223224.96
11305|1523|2019-01-24|157.3|21.9|4.2|Absent|0|930280.48
11306|1205|October 21, 2021|134.7|4.9|1.7|Present|0|899016.99
11307|1144|10/19/2016||0.6|1.6|Leave|0|819480.23
11308|1718|07-02-2024|129.8|9.2|1.3|Leave|0|557421.96
11309|1325|26/01/17|195.1|22.3|3.9|Present|0|760676.61
11310|1767|December 02, 2021|154.0|4.4|4.4|Remote|0|391144.27
11311|1101|07-01-2024|153.9|1.4|3.5|Absent|0|393259.32
11312|1780|2024-09-09|121.5|9.6|3.9|Absent|24874.06|372305.72
11313|1621|04-05-2024|185.0|13.4|2.2|Present|0|649955.11
11314|1645|12-Dec-2023|127.7|12.2|4.3|present|26808.3|839847.22
11315|1743|10-10-2020|196.2||2.9|Remote|15156.06|907604.55
11316|1012|2023-04-25|146.3|2.5|3.7|present|0|474681.04
11317|1369|August 09, 2023|133.6|1.0|4.5|PRESENT|0|636991.25
11318|1698|25-Mar-2022|-5.0|14.7|3.5|absent |29415.1|175491.58
11319|1840|2023-12-16|173.1|7.9|3.9|Remote|0|159813.14
11320|1355|13-10-2023|156.8|8.4|3.1|PRESENT|46843.18|542811.64
11321|1254|13/07/24|121.1|9.1|4.2|absent |0|436112.89
11322|1739|January 21, 2023|196.0|2.9|1.1|Present|0|525305.64
11323|1631|04/23/2022|120.6|18.0|3.7|PRESENT|0|630914.16
11324|1330|2018-01-21||20.2|1.6|Leave|2234.72|689094.31
11325|1656|16-05-2023||4.2||present|0|661698.96
11326|1180|16-07-2019|146.2|11.8|4.5|Present|0|617680.44
11327|1082|2020-06-27|150.9|24.6|1.1|Present|0|226523.93
11328|1371|18-01-2018|143.2|8.1|2.5|PRESENT|0|905238.99
11329|1751|2021-02-17|186.4||2.2|Absent|0|160833.78
11330|1296|27-04-2024|190.1|8.6|3.6|Present|4599.83|439374.07
11331|1797|10-Sep-2023|136.4|11.7|3.4|absent |0|184815.41
11332|1495|05/05/16|175.5|11.1|4.7|absent |0|282156.77
11333|1213|2019-11-20|183.6|1.5|1.7|present|0|849013.89
11334|1844|24-02-2020|147.9|18.4|4.2|Present|0|569617.73
11335|1374|28-11-2024|182.6|14.8|3.0|Present|20931.13|434583.09
11336|1791|July 22, 2024|141.2|1.3|2.0|Present|0|513742.71
11337|1655|15-06-2023|189.8|10.0|3.9|Present|0|467322.05
11338|1215|12-01-2019|150.8|11.9|1.7|Present|0|308614.35
11339|1735|03/12/19|171.0|14.8|4.5|Present|0|422463.07
11340|1001|2021-04-21|152.9||1.3|absent |37364.34|421255.63
11341|1538|August 08, 2021|124.7|4.4|4.2|present|0|152882.7
11342|1006|2019-07-19|170.1|7.3|4.1|Present|0|688678.53
11343|1503|27/09/17|195.8|18.1|3.2|absent |0|363551.41
11344|1087|02-Feb-2022|192.7||1.0|Leave|0|710759.21
11345|1398|09-03-2019|123.8|9.2|3.1|Leave|3788.78|794778.9
11346|1647|2023-07-07|166.1|14.2|3.1|absent |0|327867.13
11347|1133|04/27/2022|184.7|8.5|1.1|Present|0|864941.54
11348|1789|07-Nov-2023|172.9|10.5|4.5|Present|43937.36|937918.4
11349|1112|28-11-2023|164.1||2.5|Leave|0|742531.05
11350|1844|28/12/24|126.7|4.3|2.5|PRESENT|40491.43|618897.22
11351|1737|11-Apr-2022|174.2|19.3|2.0|Present|11085.05|378483.52
11352|1556|2024-01-08|129.8|1.4|3.5|Leave|0|796356.85
11353|1617|28/08/21|196.8|18.0|2.9|Present|0|379498.5
11354|1766|20/04/19|174.6||1.4|absent |0|212789.24
11355|1091|14-07-2021|177.7|14.6|1.7|Remote|0|905500.27
11356|1201|17/12/23|161.8|4.1|4.7|Leave|32109.07|896183.21
11357|1517|07/28/2024|159.3|23.5|3.1|Present|0|648851.27
11358|1061|15/08/17|142.7|0.1|4.8|Present|0|646322.38
11359|1199|24-05-2023|151.2|7.5|1.7|Absent|0|803458.93
11360|1581|12-08-2022|156.1|20.3|1.4|present|0|791084.95
11361|1780|July 02, 2022|181.5|4.4|3.9|Present|0|547569.92
11362|1150|02/12/24|188.1|21.9|1.2|present|0|584019.25
11363|1680|August 08, 2021|199.5||1.6|Present|39127.51|932180.43
11364|1278|17/11/24||24.5|4.9|Present|26236.86|926543.79
11365|1526|07-07-2019|161.8|15.5|3.0|Present|0|753778.92
11366|1202|26-12-2018|172.0|4.1|1.4|Remote|0|262645.96
11367|1212|06-08-2022|176.0|16.2|3.9|present|2435.15|390874.69
11368|1849|11-Dec-2018|134.7|20.7|4.9|Leave|0|305227.58
11369|1226|2023-12-24|131.1|20.3|2.9|absent |0|730736.74
11370|1102|22-Jul-2024||13.1|2.3|present|0|336492.33
11371|1848|25/11/20|161.2|11.2|3.7|Present|0|901836.99
11372|1433|24-Sep-2023|196.0|12.9|2.6|Present|47251.01|683156.83
11373|1676|July 26, 2023|127.5|1.1|2.9|Absent|0|747497.96
11374|1751|August 27, 2020|179.4|1.6|4.8|Present|0|707037.33
11375|1195|05-Sep-2017|188.2|2.9|4.1|Present|0|197152.36
11376|1687|22-10-2023|137.1|20.7|3.2|PRESENT|0|782795.49
11377|1676|2023-03-15|187.1|3.9|2.4|present|25410.83|683279.12
11378|1239|21-04-2017|190.2|21.5|3.5|Present|0|489138.86
11379|1252|01-Jul-2023|167.3|10.2|2.1|Present|0|371741.23
11380|1433|01-Nov-2019|194.2|8.1|3.3|absent |38369.38|841494.54
11381|1077|27-02-2023|152.6|1.5|2.0|Present|0|288371.27
11382|1721|2023-06-04|122.5|12.3|4.1|Present|0|585308.88
11383|1002|16/04/24|121.4|18.3|1.2|PRESENT|0|733777.42
11384|1234|06/08/2020|147.4||1.6|Present|20694.63|463568.18
11385|1775|10/22/2016|163.7||3.4|Remote|0|344056.93
11386|1617|05/27/2024|172.7|12.6||PRESENT|0|473936.2
11387|1818|10/08/2017|188.1|2.9|1.5|Absent|0|154249.73
11388|1777|06-11-2022|178.7|12.1|3.5|Present|0|656846.19
11389|1144|2022-12-06|173.4|5.8|1.5|Present|0|443196.74
11390|1356|11-02-2022|166.7||4.9|Present|43117.84|794276.59
11391|1336|11-11-2020|170.5|0.4|1.9|present|0|798057.4
11392|1608|11/05/21|188.9|0.3|2.6|Leave|14739.74|484239.12
11393|1348|14-Mar-2023|170.0|19.4|4.2|present|0|250525.3
11394|1763|24/06/23|173.7|23.4|2.8|Present|0|731647.18
11395|1171|April 18, 2024|131.8|2.9|4.0|Present|22109.54|336740.07
11396|1812|07-11-2020|149.1|22.1|4.6|Present|16025.94|876110.64
11397|1076|08-Jun-2019|178.8|15.7|1.0|Present|17103.1|928705.82
11398|1393|November 14, 2015|142.2|6.2|4.9|Present|0|478381.94
11399|1074|06-Jan-2017|120.5|7.7|3.3|PRESENT|0|201417.38
11400|1579|January 12, 2022|189.9|12.3||Remote|0|523858.42
11401|1115|22/08/19|194.5|16.9|4.4|Leave|0|402896.79
11402|1392|06/17/2024|157.2|6.0|5.0|absent |0|295444.36
11403|1046|2017-02-18|143.3|24.1|4.9|absent |0|400319.8
11404|1542|24/01/19|169.1|10.8|1.7|Present|0|566195.75
11405|1495|02/23/2016|121.2|24.8|4.2|Present|0|452761.03
11406|1375|11-10-2017|167.0||1.4|Remote|0|191111.45
11407|1025|14/08/17|194.5|23.6|4.6|PRESENT|3790.48|918463.26
11408|1556|09/13/2018|140.5|3.3|2.6|Present|10626.23|833707.06
11409|1059|10/11/24|174.4|6.7||Present|0|919292.54
11410|1069|05/07/23|161.2|10.0|4.6|Leave|0|194914.66
11411|1287|01/15/2017|156.8|22.4|2.8|Present|39347.53|586921.01
11412|1821|27-05-2018|165.2|3.4|1.7|Remote|22878.77|784892.82
11413|1558|05/08/2021|147.2|11.9|3.0|Present|0|353774.08
11414|1667|16/03/22|158.6|5.1|3.9|Remote|0|619061.31
11415|1729|January 07, 2020|153.6|9.4|4.9|Remote|28522.2|544055.24
11416|1009|02/10/2024|144.3||2.0|Present|0|248535.33
11417|1433|09/20/2021|121.7|11.6|4.7|Present|0|234888.48
11418|1839|10/07/2023|168.8|4.5|4.8|Leave|0|339551.81
11419|1370|04-Dec-2020|142.9|17.6|3.4|present||901262.11
11420|1457|May 02, 2022|174.3|5.1|3.6|Leave|0|213694.8
11421|1222|2024-01-28|169.2|21.8|4.7|PRESENT|0|242747.16
11422|1274|04/20/2019|121.8|4.2|3.1|absent |46573.92|285712.92
11423|1613|March 06, 2022|189.6|22.2|2.8|Present|0|931121.3
11424|1310|25-11-2022|126.3|10.6|4.5|Leave|45599.75|336053.2
11425|1232|09/28/2024|173.2|9.0|4.7|Present|48177.76|713994.98
11426|1779|02/05/24|173.1|18.6||Absent|0|253104.74
11427|1627|04-Dec-2023|123.6|19.6|2.7|Present|0|867296.89
11428|1721|10-07-2017|182.0|2.4|4.1|Present|29227.52|160380.0
11429|1410|12/23/2020|-5.0|4.8|4.8|Present|0|346245.29
11430|1143|08/10/2016|151.1|10.1|4.1|PRESENT|0|402796.45
11431|1324|18-11-2018|182.7|23.3|2.8|Absent|0|583872.6
11432|1775|19-Dec-2016|127.3|21.8|4.9|PRESENT|0|739569.84
11433|1429|28-09-2017|182.1|8.8|2.0|Absent|0|493257.19
11434|1567|April 12, 2018|147.7|19.1|3.8|present|0|348993.62
11435|1475|04/01/2022|168.5|0.3|2.6|Present|0|515642.41
11436|1460|10/10/21|125.2|16.0|3.2|absent |0|465686.37
11437|1110|08/25/2018|165.5|22.2|1.7|PRESENT|0|494754.48
11438|1724|03/07/23|172.8|12.7|1.7|Leave|45808.84|527587.4
11439|1638|23-Jan-2016|122.1|2.6|2.8|present|0|933255.08
11440|1285|2016-06-08|153.8|7.7|3.2|Present|0|
11441|1291|2020-01-18|151.7|16.2|3.7|absent |0|654754.82
11442|1617|2020-07-22|138.0|8.3|1.1|Present|0|948908.29
11443|1639|06-Oct-2021|165.2|6.2|3.2|Present||384469.95
11444|1106|2018-08-22|148.6|13.4|3.0|Present|0|322994.5
11445|1375|14/06/22|193.1|24.9|1.9|Present|0|234136.59
11446|1008|07/03/2024|176.9|17.1|4.6|Present|0|359227.77
11447|1190|August 27, 2024|160.5|0.0|2.1|Leave|0|393157.5
11448|1077|17/11/18|182.2|17.0|3.7|absent |0|396146.2
11449|1595|2024-01-08|121.7|15.7|3.2|Remote|0|766445.85
11450|1443|12/12/2021|161.2|20.5|2.6|Absent||225855.59
11451|1616|April 15, 2019|193.7|11.6|1.2|PRESENT|0|339278.62
11452|1056|02-01-2024|148.2|1.3|3.8|Leave|0|188357.58
11453|1271|08/12/22|159.5|17.1|2.6|Present|41143.53|252210.95
11454|1249|09/11/2021|188.4|9.9|4.3|Absent|0|583010.97
11455|1025|November 07, 2024|156.1|11.7|1.9|Present|0|886203.06
11456|1462|15/11/22|158.5|0.7|2.7|Present||216366.59
11457|1410|April 14, 2020|172.3|4.4|3.8|Present|21398.06|616878.55
11458|1260|21/10/22|139.0|17.1|1.1|Present|0|632647.32
11459|1043|25/06/23|134.1|16.4|2.3|Leave|0|830482.84
11460|1187|2023-05-14|160.2|7.7|2.5|Remote|0|560333.94
11461|1421|November 19, 2016|125.7|10.8|2.6|absent |0|932208.34
11462|1648|24/05/22|168.4|16.6|2.1|Present|0|320499.07
11463|1792|27-Jan-2024|132.3|17.3|1.2|Present|0|285146.66
11464|1254|08-09-2020|136.4|24.4|4.4|absent |0|848735.81
11465|1287|11/07/2018|167.1|0.4|1.3|Remote|0|521454.93
11466|1272|January 21, 2024|144.7|23.7|3.7|present||163110.77
11467|1496|March 21, 2023|189.5|18.7|4.9|present|0|802496.69
11468|1020|December 28, 2019|158.7|2.0|3.7|Present|0|247796.39
11469|1754|13/05/20|199.0|11.5|2.8|PRESENT|49384.29|335496.1
11470|1090|2023-07-08|197.2|3.4|1.3|PRESENT|0|873284.24
11471|1840|2024-06-09|177.9||4.0|Present|16179.05|701846.45
11472|1547|04/13/2024|141.8|5.1|4.3|Present|0|303561.68
11473|1115|September 08, 2021|138.3|18.8|2.2|present|24154.06|825453.27
11474|1777|26/03/17|156.9|13.6|3.4|PRESENT||632551.42
11475|1800|24-02-2016|184.0|9.7|1.2|Present|10238.73|513286.34
11476|1724|2023-11-11|167.0|2.6||Absent|0|639075.67
11477|1016|01/24/2017|194.7|6.6|1.4|PRESENT|0|155508.17
11478|1352|12/10/23|142.8|17.9|4.4|Present|0|656632.28
11479|1773|09-11-2018|161.0|6.5|2.3|Leave|23483.45|586979.34
11480|1661|15-08-2024|156.0|11.1|1.4|Present|0|583207.99
11481|1244|April 02, 2020|128.3|21.5|4.8|present|0|337483.35
11482|1622|2023-10-07|190.8|12.8|1.5|Present|0|948462.76
11483|1571|23-10-2023|141.7|1.0|2.2|Present|7258.02|797165.51
11484|1132|February 20, 2020|143.4|23.6||Present|0|921079.16
11485|1151|January 23, 2021|163.7|11.9|3.1|Present|0|362655.95
11486|1656|2018-12-21|162.4|18.4|3.1|Absent|0|460673.19
11487|1115|26-Jun-2019|163.0||3.9|Present|0|583510.03
11488|1358|February 23, 2019|189.9|4.8|1.7|Present|0|447734.49
11489|1732|07-Jun-2024|190.3|1.8|3.2|Present|0|156716.86
11490|1477|13-03-2020|126.8|0.0|2.2|Present|10404.59|258371.02
11491|1369|03/09/2023|179.7|15.1|3.0|absent |0|823111.5
11492|1775|November 11, 2018|164.2|21.2|4.4|present|0|795227.8
11493|1106|10-10-2023|149.3|23.5|4.6|PRESENT|12272.98|395635.89
11494|1165|05/06/2019|150.2|2.6|4.3|present|0|851130.01
11495|1354|17/02/23|153.9|17.4|2.1|Leave|0|
11496|1030|2022-02-17|147.1|11.3|4.1|Present|0|460781.65
11497|1684|24-10-2021|162.4|22.4|1.4|present|28327.97|553015.06
11498|1466|August 26, 2022|142.6|11.6|2.1|present|0|511392.48
11499|1440|13-10-2015|145.5|3.4|4.3|Leave|0|692342.47
11500|1354|September 12, 2023|191.1|3.5|1.7|Remote|0|264931.7
11501|1801|April 11, 2024|170.0|2.2|4.3|present|0|409645.72
11502|1242|08/19/2023|165.2|8.3|1.4|Present|45924.51|761394.73
11503|1495|05-Apr-2020|126.7|13.4|3.4|Present|0|605597.41
11504|1500|June 18, 2020|182.6|21.7|2.6|Absent|0|661701.03
11505|1097|10-11-2022|128.4|15.9|1.5|present|0|886580.58
11506|1310|09/02/2021|197.3||4.5|absent |34788.67|506990.21
11507|1805|14-Feb-2016|-5.0|16.6|4.6|Present|0|274331.27
11508|1050|26-Nov-2021|134.9|12.7|2.7|absent |0|
11509|1282|07/19/2018||3.9|4.0|PRESENT|40541.53|326349.65
11510|1459|18-03-2017|158.3|18.0|3.7|Present|4486.79|510347.73
11511|1188|February 09, 2024|149.2|10.6|4.3|PRESENT|0|898850.32
11512|1350|20-06-2024|195.2|8.2|1.5|absent |0|279012.67
11513|1654|11/22/2019|183.0|0.1|1.7|absent |38744.69|904319.88
11514|1174|22-03-2023|152.5|3.5|1.1|Present|0|791927.29
11515|1531|May 23, 2019|199.8|1.9|4.4|Absent|0|332574.8
11516|1390|October 20, 2023|173.6|16.2|1.6|Present|0|753924.25
11517|1442|2022-02-06|147.1|5.5|1.5|present|0|614090.37
11518|1466|2020-02-02|161.9|5.6|3.6|Present|0|
11519|1583|03-04-2023|144.7|1.9|3.9|Present|0|357297.57
11520|1061|28-03-2023|145.1|6.5|1.8|present|0|271382.03
11521|1123|2019-09-24|132.3|8.8|1.3|absent |0|660243.21
11522|1525|2016-11-21|157.4|15.3|3.6|Present||330533.24
11523|1436|11-Oct-2024|159.7|24.2|4.4|PRESENT|0|358158.26
11524|1202|21-09-2024|181.0|20.6|1.9|PRESENT|0|686749.59
11525|1062|01/12/18|182.9|16.9|3.5|present|0|365416.73
11526|1585|2024-07-23|186.9|8.2|2.7|present|0|826463.56
11527|1136|August 25, 2018|156.1|10.6|5.0|present|0|270020.53
11528|1175|02-05-2019||14.0|3.3|Present|0|323970.7
11529|1776|16-Aug-2024|193.4|17.9|2.5|Absent|0|504736.76
11530|1100|15-11-2018|189.3|13.5|2.7|PRESENT|0|713023.32
11531|1257|20/01/23|195.6||3.8|Present||193378.56
11532|1804|December 13, 2024|154.6|6.1|2.9|Present|20718.43|185608.01
11533|1058|10/09/17|173.2|7.1|1.9|absent |0|682348.54
11534|1384|04-Sep-2020|190.8|17.7|2.4|Present|0|219034.19
11535|1708|07/26/2023|133.6|18.8|1.6|Present|0|151434.5
11536|1593|01/13/2023|135.8|2.0||PRESENT|24077.99|164180.23
11537|1033|11/12/2018|171.2|11.4|1.8|Remote|0|290078.1
11538|1339|July 09, 2019|137.7|1.9|1.6|Present|0|600471.16
11539|1776|21-06-2021|160.3|8.7||Present|0|
11540|1277|2020-07-19|159.2|6.4|3.7|Remote|0|806558.29
11541|1091|October 08, 2024|135.4|18.2|3.8|Present|0|675121.28
11542|1333|2017-05-12||1.9|3.4|absent |36881.9|623593.92
11543|1660|28/04/24|164.8|17.8|3.5|PRESENT|0|865316.87
11544|1698|2021-10-17|185.9|1.8|3.4|Present|0|930214.06
11545|1353|26-Oct-2019|168.0|12.9|3.8|Present|0|727302.8
11546|1383|2018-12-12|152.8|2.6|1.2|Present|0|830028.44
11547|1229|17-Apr-2022|151.7|16.7|4.9|PRESENT|0|764392.23
11548|1844|October 10, 2020|191.2|1.1|3.8|Absent|0|789833.72
11549|1315|12/18/2021|127.1|17.1|3.0|Present|0|737326.78
11550|1841|22/09/22|156.6|20.4|2.6|Remote|3270.87|502873.17
11551|1625|10-Jun-2019|128.9|17.0|3.2|Remote|0|777594.62
11552|1619|12-10-2024|188.0|7.9|3.1|absent |0|418720.64
11553|1440|2017-07-21||4.8|3.1|Present|0|907613.84
11554|1322|August 23, 2016|133.6|17.2|5.0|absent |0|808627.57
11555|1687|04-11-2020|158.4|19.3|2.1|PRESENT|0|926533.51
11556|1461|04-11-2021|183.5|11.4|1.9|Present||240023.77
11557|1542|12/25/2022|146.8|17.7|1.8|present|0|288601.1
11558|1144|07/20/2017|-5.0|14.4|2.8|absent |0|242877.01
11559|1077|2021-01-27|173.1|0.3|3.5|Leave|0|811802.45
11560|1330|2020-11-17|185.8|16.8|3.3|Present|0|700132.7
11561|1606|2018-07-23|190.0|12.2|2.7|Absent|0|613758.17
11562|1462|06/22/2021|149.1|5.2|5.0|Leave|0|371362.69
11563|1845|November 02, 2018|180.4|5.8|2.1|present|0|411867.47
11564|1324|13-Jun-2022|140.6|10.5|3.7|present|0|698481.36
11565|1288|June 08, 2019|195.7|20.3|1.3|Present|0|400802.38
11566|1453|May 13, 2023|192.4|15.1|3.9|Present|0|237823.18
11567|1448|2022-07-11|194.0|19.9|4.0|Present|0|454026.31
11568|1699|03/23/2022|192.3|24.3|1.0|Remote|23332.54|297557.23
11569|1810|2023-01-21|136.4|23.3|3.6|Present|0|738845.95
11570|1758|May 24, 2020|186.2|12.1|1.3|Present|0|540026.88
11571|1074|02-09-2022|146.9|13.5|4.9|Absent|27909.25|707702.87
11572|1283|09-Mar-2023|183.9|19.3||Present|0|215349.19
11573|1168|05-07-2024|147.5|19.0|4.3|Absent|0|297897.75
11574|1153|2018-07-11|199.0|7.5|3.3|PRESENT|0|336251.38
11575|1244|2021-05-24|160.7|22.5|1.0|absent |24672.07|326097.17
11576|1539|05-Dec-2021|166.7|4.7|2.4|Present|0|185848.35
11577|1084|16/10/19|146.0|15.2|2.8|absent |0|556920.62
11578|1204|22-05-2020|141.8|22.7|2.8|Present|31129.48|265545.9
11579|1151|01-12-2015|183.2|15.5|1.1|Leave|44548.78|
11580|1763|21/06/22|192.2|5.6|2.9|absent |48137.15|901959.62
11581|1184|23/11/24|123.8|21.5|1.1|Present|38139.45|396944.93
11582|1563|March 24, 2024|134.7|12.0|4.7|Absent|31265.41|278904.57
11583|1141|2018-02-19|159.9|12.7|4.7|Present|0|440477.6
11584|1617|2022-02-19|164.5|20.1|3.8|Present|0|681774.29
11585|1734|10/23/2021|139.7|0.4|4.5|Present|0|375348.25
11586|1791|October 01, 2019|144.6|19.6|2.2|Remote|0|334157.88
11587|1194|12/25/2022|159.6|4.3|4.5|Absent|3016.63|807671.17
11588|1242|02/03/19|132.6|4.4|4.3|Present|0|743357.73
11589|1769|04/02/23|188.2|12.5|1.0|PRESENT|42781.4|431009.7
11590|1512|September 10, 2019|150.1|24.3|4.1|Absent|0|790119.76
11591|1323|28-05-2021|158.2|13.7|4.2|Present|36441.32|838784.27
11592|1465|28-Feb-2023|130.3|17.8|2.5|Absent|0|279897.52
11593|1249|2021-06-02|171.0|8.2|2.3|present|0|497090.55
11594|1537|2022-12-09|161.3|12.3|1.4|Present|0|445435.12
11595|1650|11-Nov-2017|136.8|2.5|1.7|Leave|0|350911.17
11596|1650|04/27/2018|150.3|1.7|3.3|Absent|0|719154.34
11597|1188|02/28/2021|192.8|17.2|3.2|Present|0|565029.08
11598|1649|08/07/23|166.9|16.2|4.1|Absent|40598.03|356444.81
11599|1634|2023-12-12|122.3|24.2|1.3|Absent|0|386154.89
11600|1523|2022-09-25|144.6|14.8|3.9|Present|0|601616.57
11601|1476|2023-01-06|163.5|14.1|2.0|Absent|44255.39|
11602|1183|2021-05-12|138.9|13.5|2.8|Remote|17280.77|173352.42
11603|1556|09-08-2016|125.7|18.8|4.2|Remote|17850.04|325967.97
11604|1490|11/11/23|181.8|21.8|1.2|Present|0|565508.21
11605|1418|2021-04-17|127.5|12.8|4.7|Present|0|481660.67
11606|1197|02/06/2023|137.4|10.4|3.4|Present|7866.93|931673.88
11607|1731|2022-03-18|193.6|4.7|3.7|Remote|0|230176.63
11608|1721|November 25, 2018|129.9|1.4|3.0|Present|0|356015.48
11609|1464|07/06/2021|140.3|3.2|2.3|present|0|293059.9
11610|1362|13-Jul-2020|184.4|9.3|4.5|Present|0|171399.26
11611|1396|16-Sep-2020|194.9|20.9|2.2|Leave|0|265380.25
11612|1711|01-Jun-2018|138.8|17.1|4.8|Absent|25014.63|396499.59
11613|1789|21-08-2024|150.2|3.5|1.8|Leave|23901.6|662903.26
11614|1803|October 06, 2016|188.2|3.3|2.9|PRESENT|0|170142.53
11615|1108|11/05/17|193.9|16.8|1.6|Leave|0|305612.29
11616|1083|01/07/23|165.1|13.2||Absent|17850.49|737020.29
11617|1473|02/01/2023|195.7|20.9|4.9|Present|43460.65|406066.09
11618|1055|12-Jun-2019|137.1|6.8|2.4|absent |0|935770.88
11619|1129|01/05/2024|173.7|4.8|4.3|Leave|0|458835.51
11620|1835|07/02/2024|135.9|16.3|4.3|Present|25443.38|457028.77
11621|1091|August 26, 2018|133.3|21.9|1.9|present|0|590985.26
11622|1080|2021-06-19|191.1|14.3|4.9|Present|0|201457.77
11623|1780|2021-11-25|163.6|10.1|3.4|Present|0|220932.47
11624|1690|2021-06-03|187.4|23.4|2.7|absent |5539.89|713882.34
11625|1073|24-Jul-2021|-5.0|5.0|2.3|present|0|509838.59
11626|1513|22/08/22|136.9|12.3|1.7|Present|0|524672.39
11627|1220|11/20/2016|126.7|13.7|2.4|Present|0|394413.17
11628|1005|12/10/16|189.2|18.4|4.7|absent |34095.28|
11629|1812|2020-05-09|159.1|20.8|2.5|Absent|0|301351.53
11630|1837|January 06, 2022|170.2|23.3||Present|0|579877.66
11631|1458|13-Jul-2022|155.1|4.3|4.4|Absent|0|592355.79
11632|1117|13-Sep-2024|175.3|19.5|1.6|Present|41879.45|642347.45
11633|1560|25-Feb-2019|166.7|17.0|3.8|Absent|0|825230.47
11634|1789|11/10/2021|159.6|0.3|3.1|absent |26533.81|436300.34
11635|1684|October 17, 2023|175.8|0.1|1.0|Present|47923.57|198839.33
11636|1183|03-Sep-2021|144.5|19.7|4.8|Present|0|667791.81
11637|1011|08/08/2023|127.0|4.9|4.1|present|0|487043.49
11638|1002|08-Jan-2023|199.5|4.1|1.3|Remote|32109.96|801711.46
11639|1158|09/08/18|171.1|5.4|1.4|Present|0|350297.42
11640|1256|13-12-2024|159.6|2.0|4.6|Absent|28566.96|712131.58
11641|1759|15/01/17|160.7|24.7|4.3|Absent|0|545019.09
11642|1080|14/07/24|199.0|15.7|3.8|Present|13628.04|795359.71
11643|1264|09/21/2022|165.1|15.2|1.3|Leave|0|
11644|1824|2020-02-25|196.7|14.1|2.0|Leave|0|155369.83
11645|1187|February 11, 2023|155.4|1.2|1.8|Present|0|276280.15
11646|1116|2024-03-01|165.5|4.3|3.3|Present|0|572615.67
11647|1360|2018-10-14|179.1|23.9|3.3|Leave|0|548592.62
11648|1164|18-09-2024|130.9|22.6|4.1|Present|24904.61|169157.21
11649|1780|02-06-2024|193.8|3.9||Absent|0|839017.86
11650|1574|27/02/18|120.9|18.8|4.3|Present|0|435046.15
11651|1222|February 06, 2019|159.3|10.9|4.7|Present|42734.36|382081.34
11652|1138|08-02-2022|171.0|1.4|3.7|present|0|169520.22
11653|1698|09-06-2021|173.7|10.8|4.5|Remote|0|758060.01
11654|1339|27/01/23|146.1|10.6|3.4|Present|0|800995.92
11655|1447|2023-09-20|159.0|15.2|1.4|Present|37658.97|563007.67
11656|1694|09/08/2018|130.6|10.3|3.5|Present|45301.23|795704.36
11657|1266|02/17/2019|176.1||1.3|absent |0|537411.44
11658|1471|03-12-2016|168.7|24.4|3.8|Absent|0|196949.87
11659|1654|17-Jul-2024|123.2|19.5|2.0|present|0|649449.8
11660|1267|October 20, 2023|160.1|7.4|2.6|Present|0|532607.51
11661|1778|10/21/2024|195.6|1.1|1.8|PRESENT|0|369893.39
11662|1291|2024-03-15|149.3|22.6|3.1|Absent|0|797458.14
11663|1059|2024-12-08|199.0|20.7|3.3|Remote|0|779260.31
11664|1661|March 14, 2023|199.8|24.4|3.6|absent |0|631007.24
11665|1363|18-12-2016|127.0|14.9|3.2|Remote|0|775467.49
11666|1396|08/04/16|128.5|24.8|3.2|Present|39190.52|832756.76
11667|1686|26-05-2024|170.7|16.7|3.3|absent |0|371348.71
11668|1004|2022-03-24|153.4|20.4|1.6|Absent||940944.53
11669|1581|2023-04-21|178.5|20.9|4.4|PRESENT|0|640001.3
11670|1686|18-Sep-2018|175.7|11.2|3.8|Absent|48210.32|521728.08
11671|1441|2018-03-12|177.0|19.1|2.3|Present|0|617453.33
11672|1662|02/23/2023|154.5|24.5|1.2|Present|4844.19|453292.58
11673|1731|21-08-2021|142.4|3.7|1.3|Absent|0|926348.27
11674|1472|02/09/2021|133.6|2.4|3.6|Present|26786.3|763530.18
11675|1037|07-Oct-2022|168.0|1.4|2.9|present|0|711518.4
11676|1656|2019-11-07|169.1||1.7|Present|0|556534.96
11677|1340|27-Feb-2024|130.9|3.4|1.4|Present|0|566157.55
11678|1440|05-May-2020|162.0|13.5|4.0|Present|0|423815.11
11679|1497|18-04-2023|135.4|0.0|2.0|PRESENT|18757.43|705540.34
11680|1473|2021-06-24|173.5|10.2|3.0|Present|0|236886.94
11681|1221|2020-02-09|174.0|20.2|1.6|Present|0|168737.11
11682|1622|21-04-2021|184.3|21.0|5.0|Present|0|208056.49
11683|1255|17-May-2022|133.2|21.0|2.2|Leave|24193.19|418518.2
11684|1576|12/12/20|165.7|2.2|1.4|Present|0|918687.87
11685|1389|02/10/2019|152.4|4.2|4.8|Leave|19615.18|373309.13
11686|1562|24-Aug-2021|177.2|23.8|3.0|Present|0|911897.89
11687|1073|09/19/2018|147.4|24.9|5.0|present|0|336013.76
11688|1052|14/09/21|124.6|14.7|3.9|Present|32018.62|460767.62
11689|1250|05/24/2019|190.2|24.0|2.7|Leave|47790.18|779738.91
11690|1785|2016-06-07|195.7|24.2|1.9|Present|29081.1|721786.42
11691|1639|24-11-2023|152.6|5.7|3.5|absent |0|652510.52
11692|1825|2023-12-12|197.6|11.1|3.8|Present|0|241086.13
11693|1353|03-Dec-2016|142.9|3.2|5.0|present|0|907126.48
11694|1507|05/17/2023|180.6|12.6|3.2|Leave|0|675214.13
11695|1533|January 24, 2020|-5.0|10.0|4.2|absent |0|227226.93
11696|1149|01-04-2021|141.3|3.5|3.7|Present|0|260142.59
11697|1276|2019-05-15|151.2|8.0|3.5|Absent|0|259174.45
11698|1491|10/03/22|130.4|4.6|3.8|Remote|0|542364.37
11699|1190|2022-05-22|174.2|23.4|1.1|PRESENT|0|170297.28
11700|1137|13-12-2023|171.6|6.1|1.4|Absent|49555.07|337250.56
11701|1693|10/05/2015|189.7|2.6|2.9|Present|0|813483.36
11702|1636|24-Jul-2020|189.7|12.6||PRESENT|0|451944.26
11703|1802|12-Mar-2019|166.3|16.7|4.9|Present|0|621756.88
11704|1741|2023-03-16|190.2|1.5|3.0|Present|0|846936.25
11705|1382|February 01, 2022|191.7|2.4|2.8|PRESENT|0|449887.04
11706|1322|01-Sep-2020|189.7|16.0|2.0|PRESENT|0|456636.4
11707|1273|04/10/2024|152.2|18.3|1.8|absent |0|303578.57
11708|1126|04/21/2023|169.5|5.2|1.8|Present|47791.75|295873.59
11709|1034|20/02/22|133.9|9.2|1.0|Present|13283.41|427839.11
11710|1303|08/04/2021|153.3|4.8|3.8|Present|24938.15|208937.69
11711|1467|July 06, 2021|170.7|9.3|1.7|Present|0|351126.3
11712|1259|May 19, 2022|132.9|22.0|3.1|Leave|0|818214.85
11713|1635|2019-09-13|120.9|15.3|1.2|absent |0|875414.7
11714|1471|24-01-2023|186.3|20.4|3.7|absent |6741.98|565417.44
11715|1478|18-04-2017|128.3|20.2|1.7|Present|0|578508.09
11716|1665|23/11/22||15.6|3.4|present|0|600508.97
11717|1102|01-07-2022|186.7|7.5|1.4|Present|0|763998.7
11718|1406|01/08/19|156.1|9.2|1.5|Present|0|558207.7
11719|1842|10/01/22|196.7|4.9|4.3|Present|49448.0|584725.05
11720|1830|06/07/23|181.1|2.3|3.8|PRESENT|33551.65|362660.63
11721|1590|23-02-2024|176.6||3.4|Present|0|375642.88
11722|1392|2021-08-21|129.1|22.7|4.3|Present||
11723|1691|20-May-2024|179.2|14.3|4.8|Present|0|334545.7
11724|1461|2021-09-11|155.2|6.9|2.3|Leave|32799.33|384569.19
11725|1520|15-Feb-2022|182.2|18.1|4.6|present|0|604028.99
11726|1520|01/13/2022|158.1|1.0|4.9|Remote|0|852941.14
11727|1188|13/11/18|171.3|18.4|4.3|Present|44440.41|612272.27
11728|1679|June 19, 2024|139.5|20.0|1.2|present|21482.1|345032.44
11729|1270|2020-09-26||17.4|3.4|Leave|0|150075.1
11730|1018|06/09/23||18.8|3.8|PRESENT|0|838994.52
11731|1704|24-07-2019|170.5|18.8|1.3|Leave|0|282231.35
11732|1097|01/27/2021|145.0|20.8|1.2|Absent|45771.38|936032.89
11733|1086|08/09/24|153.4|1.8|2.8|PRESENT|3803.02|793769.84
11734|1389|January 10, 2021|157.9|16.4|1.9|Present|0|284974.43
11735|1729|14-04-2018|154.0|20.9|2.4|present|5091.75|735828.45
11736|1340|08/14/2023|184.7|20.3|3.0|Leave|41644.37|800784.36
11737|1507|June 22, 2023|161.4|12.8|3.4|Present|0|802569.47
11738|1298|28/04/23|185.5|19.0|3.6|Present|0|805795.48
11739|1375|16-Jul-2022|120.1|21.4|2.6|Present|5354.39|379686.14
11740|1087|11/23/2022|160.5|23.1|2.0|Present|0|259813.37
11741|1441|02-07-2021|197.0|10.9|1.4|Present|0|359403.43
11742|1709|22-Jun-2022|178.1|21.6|4.4|Present|0|775592.81
11743|1329|2023-05-19|170.3|4.5|3.0|absent |0|598625.73
11744|1014|March 21, 2016|129.7|2.8|4.4|PRESENT|0|499945.08
11745|1535|October 08, 2023|174.2|10.8|2.0|absent |0|846209.9
11746|1143|22-01-2019|149.6|11.0|2.9|Leave|0|470025.54
11747|1807|August 06, 2024|174.8|19.0|1.3|present|0|306067.21
11748|1732|01/07/21|184.3|2.6|3.7|Present|0|560413.49
11749|1251|April 04, 2021|182.9|16.9|3.8|Absent|0|444696.63
11750|1263|12/09/21|170.1|5.2|4.6|Present|0|797441.1
11751|1105|27/05/21|123.2|22.4|4.3|Present|0|229463.63
11752|1023|23-06-2022|135.1|17.3|3.7|Present|0|408201.85
11753|1769|August 22, 2022|179.1|22.3|3.5|Leave|0|749406.48
11754|1344|December 01, 2020|131.5|24.9|4.0|Present|37816.05|575270.26
11755|1252|03/10/23|120.8|19.3||absent |0|283794.16
11756|1799|January 03, 2023|138.0|2.6|2.5|present|0|518502.56
11757|1299|24/12/24|160.3|6.7|2.2|Present|9672.59|940761.95
11758|1579|22-Apr-2020|151.4|12.0|2.6|PRESENT|0|911674.35
11759|1106|25/12/22|156.1|9.8|2.0|Present|0|636347.44
11760|1675|17-Jun-2023|149.2|13.2|1.2|Absent|0|802219.61
11761|1355|11/26/2019|192.1|11.6|4.6|Present|0|855461.76
11762|1410|01/24/2019|150.4|14.2|4.6|Present|4418.67|579476.7
11763|1518|12-01-2021|122.4|5.3|3.0|Present|0|880218.71
11764|1171|01/09/21|153.9|24.4|4.4|Present|12257.8|474922.18
11765|1219|25/07/23|131.9|9.1|2.2|Leave|0|319478.67
11766|1559|09/02/2018|158.2|9.1|4.2|Leave|0|850593.06
11767|1302|06-Aug-2023|190.2|8.1|3.5|Present|37177.42|276338.91
11768|1088|11/11/16|136.6|17.4|4.4|PRESENT|0|829222.89
11769|1138|04/05/2022|190.9|19.8|4.8|Remote|0|835327.11
11770|1044|August 01, 2024|193.4|17.0|3.4|present|0|625179.89
11771|1409|2018-09-27|154.5|0.2|4.4|Present|0|326717.93
11772|1244|05-09-2020|141.1|13.8|4.4|Remote|0|
11773|1234|2020-05-23|168.2|24.4|3.4|Absent|0|891628.57
11774|1267|2024-04-19|141.6|0.5|1.5|Present|14540.78|400086.1
11775|1236|03/05/24|188.1|23.8|3.8|present|0|921998.36
11776|1788|07/09/24|164.3|20.2|4.3|Absent|36373.75|383860.77
11777|1654|21-Aug-2023|156.6|8.1|4.5|Present|33189.49|848425.5
11778|1490|13/07/20|163.9|8.8|2.0|absent |0|347406.86
11779|1540|09/08/2021|134.0|15.7|4.3|Leave|0|659645.83
11780|1256|11/09/23|194.1|13.5|1.3|Remote|948.87|414836.46
11781|1445|03/02/2023|175.7|8.6|1.2|Leave|0|530813.94
11782|1574|06/19/2018|157.2||4.7|absent |0|531038.52
11783|1491|June 20, 2022|148.3|17.9|2.0|absent |40019.33|840750.24
11784|1250|23-07-2023|141.9|1.8|4.5|Remote|0|212167.6
11785|1298|2021-07-24|183.6|11.1|5.0|PRESENT|40782.35|301523.2
11786|1596|25/08/24|124.1|4.5|3.8|Absent|0|270060.32
11787|1697|23-Jul-2023|132.1|9.5|4.6|Absent|43419.7|267603.98
11788|1308|19-11-2024|129.5|12.1|2.3|Present|0|
11789|1516|November 07, 2016|134.6|9.4|3.7|Absent|0|474194.18
11790|1468|11-Mar-2019|187.4|17.7|1.9|Absent||287770.97
11791|1845|18-May-2018|129.9|6.1|2.0|PRESENT|287.29|481166.96
11792|1812|06/12/17|149.0|19.5|1.5|absent |0|233739.61
11793|1014|15/03/22|156.3|3.5|3.3|Leave|0|890636.15
11794|1091|March 27, 2018|186.0|23.1|1.1|Present|0|938358.58
11795|1839|11/02/2024|199.2|3.5|2.9|PRESENT|49727.16|676884.45
11796|1284|03/11/23|121.1|12.2|1.9|PRESENT|0|235951.48
11797|1745|08/01/21|160.6|23.9|3.0|absent |42203.02|222493.45
11798|1622|13/01/19|177.6|7.7|4.7|Present|35111.17|268434.19
11799|1330|January 03, 2022|183.0|21.3|4.6|Leave|6663.63|810740.74
11800|1751|01/03/2021|179.8|16.8|1.3|Present|0|937932.03
11801|1670|January 02, 2021|124.9|9.6|2.7|Present|14.77|887213.87
11802|1221|07/15/2021|184.1||1.8|Present|2330.28|415386.72
11803|1686|2024-02-02|186.3|8.0|4.1|present|0|241521.02
11804|1190|December 04, 2021|134.0|7.1|2.0|Present|0|916416.52
11805|1416|August 27, 2020|198.6|17.6|4.6|absent |0|304127.91
11806|1807|11/08/2021|163.1|20.8|1.4|Leave|0|346857.58
11807|1239|02/12/19|159.1||4.1|Leave|25871.05|248126.59
11808|1442|August 27, 2020|197.7|10.4|1.4|present|40872.81|
11809|1132|21-Mar-2020|-5.0|6.5|1.9|absent |27369.29|195506.83
11810|1157|27-May-2023|164.2|21.5|2.2|PRESENT|0|624073.08
11811|1765|2022-01-08|184.9|16.7|1.2|PRESENT|0|768041.6
11812|1325|19-07-2017|171.6|11.0||present|19770.95|531114.65
11813|1123|02/01/21|181.2|20.9|4.3|Absent|11646.71|949435.92
11814|1513|06/28/2020|161.9|10.7|2.5|Leave|16228.87|937031.31
11815|1149|December 25, 2021|142.0|12.7|1.5|present|37404.6|654322.01
11816|1542|20-Oct-2018|120.5|9.9|3.1|absent |0|469783.66
11817|1144|05/09/20|155.4|3.6|1.0|present|0|456924.83
11818|1679|October 03, 2024|197.1|13.9|4.9|Absent|0|330586.69
11819|1027|14-02-2022|138.6|19.9|1.8|Leave|0|158561.47
11820|1131|02-Dec-2018|166.8|6.4|4.9|Leave|0|191135.74
11821|1245|19/11/22|168.5|6.2|1.5|Present|0|506706.67
11822|1484|01-Apr-2023|137.7|13.3|1.8|Present|0|798615.61
11823|1430|December 23, 2022|131.4|4.7|1.4|Present|0|718604.21
11824|1069|2023-12-26|183.0|21.3|1.3|Present|37981.9|817027.77
11825|1383|March 25, 2022|141.4|24.3||absent |15987.12|691867.88
11826|1685|2021-11-02|175.6|12.6|1.1|Present||808121.79
11827|1612|10/19/2023|192.0|7.6|2.5|Present|40590.78|593352.66
11828|1053|December 01, 2018|150.1|5.1|3.0|Present|2037.24|781233.76
11829|1697|February 17, 2023|128.9|5.6|1.7|Present|0|635750.46
11830|1704|11/04/21|136.9|10.5||present|0|556734.02
11831|1618|06-Nov-2022|176.5|13.6|1.1|Present|0|339437.97
11832|1050|January 24, 2022|182.2|12.8|2.7|Present|0|697864.57
11833|1543|10/12/2022|-5.0|8.4|2.4|Present|13267.83|576882.71
11834|1732|06/21/2022|183.0|1.8|2.0|Remote|8443.04|874208.82
11835|1223|27-Sep-2024|160.8|1.0|3.8|Remote|0|284097.05
11836|1800|August 22, 2017||16.4|3.3|Present|0|150363.02
11837|1213|September 01, 2021|149.2|14.2|4.5|Absent|0|846518.39
11838|1162|24-07-2023|184.2|19.2||Present|0|534436.04
11839|1350|October 08, 2022|191.3|14.6|4.5|Remote|15047.96|921769.15
11840|1611|04/28/2024||14.3|2.9|Present|0|645560.28
11841|1678|05-Apr-2023|132.3|18.1|2.2|present|0|212379.07
11842|1288|2018-04-16|126.5|23.7|2.1|Absent|30728.89|417817.06
11843|1158|07-Jul-2018|195.3|14.7|2.1|Present|0|407130.94
11844|1234|12/28/2022|184.9|12.1|2.7|Present|0|582758.65
11845|1256|February 25, 2022|135.2|2.5|2.3|Leave|0|360413.87
11846|1794|September 17, 2018|174.0|5.6|3.4|Remote|1797.15|879162.43
11847|1802|18/02/23|174.4|1.6||Present|48839.24|254081.84
11848|1566|10/10/2022|172.8|24.9|2.8|Leave|0|655904.62
11849|1728|02/03/2019|143.6|13.7|4.3|Present|0|870123.16
11850|1115|December 12, 2023||4.3|1.4|absent |0|470985.84
11851|1343|2022-08-28|193.2|19.0|4.1|present|0|820026.3
11852|1159|2022-11-05|134.2|12.3|2.1|Remote|0|222475.77
11853|1414|12/17/2022|169.9||1.7|Remote|0|664381.14
11854|1500|2017-04-15|189.3|4.1|2.8|Present|0|235746.62
11855|1282|2022-10-18|173.3|15.3|1.1|Present|0|809911.89
11856|1355|28-09-2022|127.7|12.8|4.2|Leave|0|836562.65
11857|1182|02/09/24|177.8|24.0|4.2|Present|27353.36|294233.79
11858|1613|04-May-2024|159.7|22.9|4.5|Present|0|925349.39
11859|1443|05/12/20|139.0|2.2|1.7|Remote|49081.8|165645.73
11860|1028|March 18, 2021||8.4|4.6|PRESENT|0|764883.22
11861|1005|22-07-2020|184.1|4.8|4.6|PRESENT|34604.98|339245.18
11862|1036|03-Feb-2019|154.0|8.1|1.6|PRESENT|0|182552.49
11863|1801|June 07, 2022|158.6|12.0|3.0|Present|28073.15|716059.66
11864|1612|02/12/21|194.1|23.1||Absent|0|481282.55
11865|1555|09/02/19|132.8|20.5|2.0|PRESENT|0|492526.04
11866|1327|02/12/22|174.1|12.1|2.2|Present|0|211200.83
11867|1390|04-Jan-2023|188.5|1.1|2.3|Remote|0|733024.72
11868|1823|14-Dec-2017|122.3||4.3|present|0|238858.09
11869|1694|09/08/18|197.3|16.2|4.5|absent |0|431309.48
11870|1407|19-09-2023|178.7|23.5|3.9|PRESENT|0|741287.51
11871|1020|02/01/2023|122.0|13.1||Present|0|711776.48
11872|1500|16/12/16|177.8|10.4|1.8|Present|0|248940.82
11873|1794|2022-04-04|174.3|16.6|2.0|PRESENT|43521.93|688520.28
11874|1375|22-Dec-2016|127.3|22.6|3.5|Present||465594.78
11875|1788|10/21/2022||23.6|2.5|absent |0|863917.05
11876|1807|27-11-2018|178.4|24.5||absent |2877.12|804973.77
11877|1832|11/08/2016|159.1|9.7|3.9|Remote|0|171596.13
11878|1250|15/03/20|122.9|14.4|2.8|Present|28351.42|807927.4
11879|1247|01-Apr-2022|198.6|7.2|2.0|Absent|21726.36|714946.53
11880|1315|11/04/23|135.5|20.8|3.6|Present|0|937185.93
11881|1108|2021-06-04|120.8|11.2|3.5|Leave|0|717484.92
11882|1662|14-Apr-2018|165.4|14.2|2.0|present|0|252627.98
11883|1625|08/06/18|199.3|13.4|1.4|present|0|152734.03
11884|1060|06/12/24|149.6|23.5|2.2|Present|0|546732.06
11885|1581|February 03, 2021|151.2|16.2|4.6|PRESENT|0|326452.22
11886|1012|July 02, 2023|134.2|21.2|1.1|PRESENT|0|362573.48
11887|1011|26-May-2023|166.6|0.3|3.1|Leave|0|826509.85
11888|1100|2024-09-05|136.5|3.9|4.4|Present|30639.43|710449.58
11889|1567|March 03, 2020|133.7|10.2|3.5|Absent|0|626213.04
11890|1207|07/11/21|140.9|15.0|2.3|Leave|9057.54|437615.25
11891|1691|19-Jul-2016|192.5||2.7|absent |0|268155.16
11892|1221|06-May-2019|187.4|12.3|2.4|Present|0|704877.46
11893|1776|10-Mar-2021|146.7|6.9|2.3|PRESENT|0|706483.06
11894|1191|11-Jan-2022|175.1|23.9|2.5|Present|0|209738.7
11895|1042|11-Jun-2024|169.1||3.3|Leave||469332.23
11896|1631|03-03-2022|182.7||1.4|Present|0|
11897|1014|December 14, 2021|139.8|3.6|2.0|Leave|0|907492.8
11898|1284|2017-07-15|187.0|1.2|2.6|PRESENT|37116.28|580856.51
11899|1300|11-06-2018|138.3||3.5|Remote|26434.27|412945.89
11900|1645|October 14, 2018|140.7|8.0|3.9|Leave|47211.22|689578.12
11901|1418|04/25/2022||18.0|2.3|absent |0|795028.27
11902|1439|07/25/2020|164.9|1.5|1.3|absent |0|796268.93
11903|1171|06-09-2017|141.8|12.2||Leave|0|872674.45
11904|1053|26-Oct-2018|134.5|17.7|3.8|absent |0|547327.29
11905|1089|2016-09-02|193.2|1.5|2.2|PRESENT|36397.85|479528.08
11906|1441|06-Dec-2024|141.2|23.8|4.4|absent |0|389735.22
11907|1429|2019-08-12|198.6|21.5|3.9|PRESENT|37861.46|922465.11
11908|1235|04-Sep-2018|143.3|5.9|3.7|Present|0|361644.36
11909|1509|November 09, 2023|186.7|5.4|4.3|Remote|23192.01|937851.69
11910|1595|11/14/2017|129.9|15.9|1.2|Present|13670.84|818161.76
11911|1507|02-10-2022|171.9|17.7|5.0|Present|0|779194.16
11912|1508|2017-02-14|161.9|14.8|2.2|present|0|260703.04
11913|1203|2021-07-26|176.8|20.3|4.7|Absent|24058.34|672165.39
11914|1840|2023-01-23|193.5|3.1|2.8|Present|0|877992.16
11915|1113|March 25, 2020|-5.0|19.5|1.2|PRESENT|37416.0|937158.73
11916|1127|08/05/2020|192.6|24.5|2.4|Absent|35986.0|766763.72
11917|1100|01/08/16|161.9|4.1|1.6|Remote|0|366600.85
11918|1845|21/01/21|178.2|7.4|3.9|Remote|0|460089.53
11919|1645|2022-05-15|149.9|0.3|1.4|Present|33437.33|652252.37
11920|1173|06-10-2024|159.5|16.5|3.9|present|749.72|185986.42
11921|1012|25-12-2019|136.8|0.1|4.0|PRESENT|0|864453.21
11922|1495|September 27, 2022|137.9|19.6|2.9|Present|0|171315.08
11923|1709|12/22/2018|177.6|17.2|2.4|Present||713860.77
11924|1551|27-07-2018|-5.0|21.1|4.1|Present|0|382874.72
11925|1394|01/25/2024|120.6|16.2|3.0|absent |0|379792.42
11926|1024|2022-05-02|-5.0|24.2|4.9|absent |0|896654.53
11927|1475|08/22/2024|129.4|21.5|1.3|Present|31807.46|888718.17
11928|1644|04/08/2024|179.1|14.5|2.1|Present|27279.73|377837.43
11929|1791|07/11/2016|159.3|23.7|1.6|Present|0|167796.6
11930|1173|14-May-2019|184.2|17.3|1.0|Present|0|485530.45
11931|1220|August 20, 2023|124.6|12.7|1.1|Leave|0|241401.95
11932|1166|23/06/23|169.7|11.8|1.1|present|0|524611.53
11933|1238|16/10/21|127.4|23.0|2.5|Remote|0|815230.18
11934|1376|01/03/19|184.7|13.2|4.1|Absent|0|421114.43
11935|1786|02/24/2019|199.4|1.4|3.4|PRESENT|0|415274.18
11936|1495|12/07/16|168.0|20.5|2.1|Absent|0|442670.58
11937|1774|07/04/2022|173.4|3.2|2.0|Remote|31954.56|874548.1
11938|1551|13/10/20|189.5|11.2|4.2|Remote|0|522719.55
11939|1702|02-01-2020|163.5|22.5|4.9|Remote|4473.71|387217.34
11940|1036|21/04/22|182.0|22.2|4.2|Present|0|449348.09
11941|1774|25/04/21|162.0|20.5|2.0|Leave|15346.19|539588.5
11942|1580|2018-02-25|167.1|8.2|4.0|Absent|0|240668.99
11943|1840|01/06/22|181.7|22.5|2.1|absent |0|660125.87
11944|1574|04-Dec-2018|185.0|5.1|2.8|present|0|686823.0
11945|1542|20-Dec-2017|187.2|5.0|4.0|Present|0|605578.23
11946|1246|May 15, 2021|153.7|1.5|2.7|Present|0|875187.15
11947|1324|18-Oct-2024|194.8|19.0|3.8|absent |0|632705.01
11948|1351|07/01/23|127.6|9.8|3.3|Present|0|864404.82
11949|1322|11/07/2016|134.0|21.9|1.0|Present|8722.36|366125.13
11950|1447|2024-12-10|189.1|4.8|4.5|Absent|0|779661.53
11951|1392|November 11, 2016|138.9|11.3|4.9|Present|0|885509.49
11952|1849|01-09-2018|168.3|17.1|2.0|Leave|19704.36|883365.96
11953|1818|2019-03-18|179.5|3.9|1.3|present|0|435273.45
11954|1176|20/07/20|171.6|24.6|1.1|PRESENT|31369.69|318621.07
11955|1207|09/04/24|156.0|1.9|4.6|Leave|0|647930.96
11956|1165|12/15/2019|125.6|23.3|2.4|Remote|0|935592.21
11957|1312|11/11/23|155.5|20.6|3.4|Present|0|626279.2
11958|1314|July 17, 2024|124.1||1.6|Present|39660.18|462994.82
11959|1144|27-Mar-2017|181.9|1.6|1.2|Present|0|503983.63
11960|1203|06/06/21|187.3|9.7|1.6|Absent|0|526752.24
11961|1229|2024-04-15|155.2||1.5|Leave|0|270780.4
11962|1061|08/18/2021|194.8|22.1|1.1|Present|0|746889.6
11963|1078|16-Jul-2018|175.5|20.4||Leave|9837.59|476974.25
11964|1165|October 18, 2023|157.2|12.9||Present|0|217221.13
11965|1647|18-Feb-2016|153.1|18.0|2.9|Remote|0|196694.88
11966|1521|February 06, 2023|168.7|12.0|1.8|absent |0|313924.63
11967|1409|July 02, 2022|129.5|16.3|3.3|Present|0|661425.4
11968|1818|08/22/2018|148.9|22.5|4.4|Present|0|227719.28
11969|1230|2024-05-07|135.9|11.3|2.0|Present||603501.74
11970|1055|01-Mar-2021|125.9|22.2|3.2|Remote|0|676907.35
11971|1351|December 11, 2024|186.8|17.0|4.0|Remote|0|542973.96
11972|1177|02-08-2020|165.1|13.1|3.9|absent |0|605085.17
11973|1084|August 10, 2019|125.3|19.4||present|0|269066.87
11974|1783|November 13, 2023|123.3|4.0|2.5|Absent|0|558244.57
11975|1626|04-Apr-2018|194.3|22.5|2.4|Present|0|598451.16
11976|1848|12-04-2021|123.9|3.5|1.7|Present|39948.37|836810.42
11977|1655|April 06, 2024|146.1|15.3|3.3|absent |0|905026.27
11978|1304|September 22, 2024||21.2||Present|20749.63|910038.61
11979|1146|16/04/20|192.8|4.5|1.2|absent |0|226378.8
11980|1081|11/07/2019|193.4|18.1|1.2|present|0|791463.14
11981|1131|2022-09-28|193.0|24.6|3.0|Present|0|430660.02
11982|1812|February 04, 2021|176.5|18.5|4.2|present|0|354758.61
11983|1507|February 13, 2016|138.3|21.4||absent |0|484569.55
11984|1518|05/12/22|170.6|6.5|3.4|Remote|0|629092.87
11985|1348|07/06/2024|172.4|15.5|4.0|Present|0|423189.76
11986|1059|28-02-2024|157.5|4.0|4.8|Present|0|217706.2
11987|1159|2022-09-15|136.0|18.9|2.2|Absent|0|424454.91
11988|1205|02/07/2022|130.7|22.5|1.4|Present|0|863476.41
11989|1556|2018-02-17|189.5|17.7||Present|0|187196.2
11990|1122|December 11, 2023|177.6|17.2|3.1|Present|0|833734.02
11991|1107|2020-11-23|186.8|1.9|3.5|PRESENT|0|868376.39
11992|1663|September 23, 2022|134.9|25.0|4.4|Present|0|181818.77
11993|1120|June 02, 2021|146.0|1.2|3.9|absent |0|406775.68
11994|1282|05/05/24|126.3|4.1|1.0|Absent|0|363384.34
11995|1497|03-Mar-2024|120.3|20.0|4.6|Present|0|276795.6
11996|1764|2024-04-27|182.0|5.9|1.2|Leave|0|754501.07
11997|1178|16-Apr-2023|172.7|6.2|3.7|Present|0|642569.42
11998|1778|23/05/22|180.2|18.8|4.0|Present|45482.46|193766.65
11999|1648|02/04/2018|128.4|17.5|3.0|present|0|265580.06
12000|1531|September 18, 2023|197.9|14.4|3.7|Leave|0|672234.74
12001|1306|06-Dec-2019|195.6|4.0|4.9|Present|0|816338.04
12002|1151|2024-12-04|151.6|10.6||PRESENT||266674.41
12003|1028|02/01/2023|180.2|20.8|3.1|Present|0|692208.08
12004|1702|10-Sep-2019|140.8|20.7||Remote||644307.65
12005|1599|April 07, 2023|168.4|5.5|3.2|Present|22114.53|300285.87
12006|1556|02-Oct-2021|161.2|23.1|3.1|PRESENT||180449.11
12007|1157|2020-05-17|167.0|6.4|2.4|Present|0|387513.61
12008|1338|21/12/19|174.8|1.1|4.4|Present|0|166987.23
12009|1490|February 18, 2018|183.3|16.4|3.2|Present|32371.16|870847.6
12010|1448|28-03-2019|195.3|20.2|1.4|Absent|0|838477.86
12011|1288|07-Mar-2022|126.1|6.9||PRESENT|0|440521.74
12012|1778|2022-08-25|162.2|19.0|1.7|Present|41299.23|610958.96
12013|1442|06/02/2022|162.7|14.4|2.9|present|0|505157.42
12014|1414|14/01/24|162.7|17.0|4.4|Present|0|425554.22
12015|1288|03/04/24|123.3|21.9|3.8|Remote|0|827952.43
12016|1142|August 01, 2023||18.7|3.8|Present|21431.18|346024.66
12017|1350|07/10/2023|196.3|6.0|4.1|Present|0|590485.58
12018|1631|09/23/2019|149.7|18.5||Remote|0|328352.04
12019|1466|17-03-2024|159.0|4.5|4.9|Absent|34124.36|566006.28
12020|1791|03/03/18|-5.0|23.1|4.1|present|0|541628.94
12021|1058|05-Mar-2018|167.4|22.1|2.9|Present|31483.13|545957.61
12022|1375|August 06, 2024|163.1||2.9|PRESENT|0|781451.4
12023|1600|09-10-2022|199.7|11.2|4.7|Present|7964.76|759919.99
12024|1395|March 27, 2020|139.6||2.6|Present|0|932355.92
12025|1345|May 15, 2020|167.4|9.4|2.6|absent |0|217246.84
12026|1165|04/28/2018|166.2|24.8|1.8|present|0|289415.97
12027|1712|16/04/23|192.5|9.0|5.0|Remote|42636.93|589758.57
12028|1592|March 12, 2021|165.3|7.7|2.3|Present|0|328386.79
12029|1096|11/01/2016|132.6|8.5|4.2|PRESENT|40314.66|686748.96
12030|1507|July 20, 2016|126.7|23.0|4.3|Present|0|839566.49
12031|1811|14-11-2022|197.5|23.3|3.8|Remote|0|269929.61
12032|1693|2023-01-02|169.5|12.0|4.7|absent |0|385574.51
12033|1112|July 11, 2018|159.4|13.3||present|0|654860.91
12034|1351|August 10, 2023|178.5|10.5|4.6|Present|0|753412.69
12035|1203|01-06-2017|185.9|10.8|4.7|Leave|0|749075.67
12036|1391|2022-08-08|134.6|0.9|4.4|Remote|39750.42|851333.95
12037|1143|November 16, 2018|194.2|23.7|1.4|absent |0|432223.79
12038|1144|April 08, 2022||17.4||Present|0|927125.46
12039|1001|18-06-2019|-5.0|19.9|3.0|Present|0|739430.66
12040|1558|03/12/2024||17.8|4.9|Present|0|320257.51
12041|1691|May 24, 2018||1.0|4.3|Present|0|699080.48
12042|1117|14-08-2024|146.0|11.7|4.1|Present|0|
12043|1472|12/06/2024|171.7|9.2|3.5|Remote|0|814703.25
12044|1392|03/09/2022|168.6|20.8|1.6|absent |34761.48|603127.63
12045|1032|14/11/23|175.9|0.4|2.5|Present|0|363906.27
12046|1777|18-03-2019|165.0|7.9|3.1|Leave|1951.27|690152.9
12047|1467|10-Oct-2024|147.7|1.6|1.1|absent |0|564368.2
12048|1469|04-01-2024|143.6|17.0|2.6|absent |29195.13|612389.93
12049|1202|04/13/2018|173.7|22.0|3.6|Leave|34881.78|817175.88
12050|1165|14-Nov-2019|146.8|3.8|1.6|Present|0|630142.0
12051|1427|05/01/2023|165.7|10.1|1.5|present|0|553279.84
12052|1112|26-Feb-2021|148.6|3.7|1.6|Leave|42009.33|645317.37
12053|1127|2023-03-05|138.0|12.1|1.8|Remote|0|599904.8
12054|1330|21-Aug-2024|130.8|19.6|1.9|Remote|0|872013.33
12055|1595|2018-10-23|173.6|6.3|2.1|Present|0|772739.79
12056|1511|24/12/22|196.4|11.4|4.6|present|5256.34|
12057|1584|10/17/2023|177.0|17.9|3.7|Present|0|702676.38
12058|1301|2018-09-27|186.5|4.2|4.9|Present|0|375107.4
12059|1513|22-11-2017|181.8|13.3|1.2|present|0|327534.82
12060|1282|24-Oct-2024|200.0|8.5||absent |45945.65|608612.07
12061|1580|26-Jul-2023|142.2|5.6|1.2|Present|0|166884.47
12062|1678|19-01-2022|152.0|12.7|1.7|Present|0|831896.74
12063|1077|2022-04-09|152.8|2.6|3.8|Leave|0|836486.7
12064|1420|09/01/2016|140.3|18.3|4.1|present|0|829916.53
12065|1574|December 20, 2017|136.6|24.6|1.1|Present||384923.09
12066|1006|15/11/18|179.4|21.3|3.2|PRESENT|46773.66|649741.44
12067|1538|09-12-2023|121.3|20.2|3.2|Present|0|274375.78
12068|1398|26-Mar-2016|185.9|10.1|4.2|Absent|0|231006.29
12069|1750|2024-06-20|183.8|15.0|2.5|PRESENT|0|472793.26
12070|1510|October 03, 2023|195.9|4.1|2.4|absent |0|352501.65
12071|1494|09/04/2023|194.4|15.8|4.3|Present|0|
12072|1559|2021-08-02|198.6|18.3|3.9|Present|0|589865.52
12073|1019|10/23/2024|171.4|17.8|1.9|Present|0|838309.09
12074|1455|October 13, 2018|159.7|12.9|1.8|Leave|0|213033.87
12075|1108|2022-09-09|165.8|14.1|2.1|Remote|12856.62|359750.03
12076|1159|2020-09-09|161.8|16.9|1.6|Present|0|384387.05
12077|1483|2023-08-22|159.3|18.1|1.1|absent |15529.29|895494.02
12078|1243|08/16/2020|174.2|2.8|2.1|PRESENT|0|331755.67
12079|1617|25-Apr-2023|124.6|3.9|4.4|absent |22716.41|600843.58
12080|1062|16/02/20|134.5|12.7|4.1|PRESENT|0|814012.83
12081|1116|24-05-2023|122.7|17.5|3.2|Absent|0|331746.61
12082|1726|12-Sep-2022|135.7|21.6|3.1|Leave|0|488204.71
12083|1523|2020-05-05|120.2|6.6|4.1|Present|7489.34|878725.24
12084|1736|12/04/2019|185.7|7.5|1.7|Absent|0|377425.54
12085|1684|09/06/24|187.7|6.3|2.8|Leave|0|839284.39
12086|1626|2018-06-06|144.1|21.2|1.2|Leave|0|659701.12
12087|1434|December 24, 2017|133.4|21.5|2.4|absent |0|548439.98
12088|1567|01/07/21|153.9|5.5|4.5|absent |0|253290.25
12089|1186|2023-08-18|143.7|9.2|2.9|PRESENT|0|739061.47
12090|1228|07-Oct-2021||17.8|4.3|PRESENT|0|736376.12
12091|1274|22-10-2024|166.5|14.6|2.1|absent |0|
12092|1659|26-07-2022|162.6|13.9|4.7|Present|0|235371.19
12093|1580|January 11, 2018|150.6|15.0|4.9|absent |0|722657.86
12094|1435|17/03/23||4.3|3.5|PRESENT|0|901249.89
12095|1681|10-Feb-2021|149.9|5.5|4.0|Remote|23603.63|302080.71
12096|1270|2019-03-08|190.3|8.0|1.7|PRESENT|0|184891.72
12097|1591|2017-05-11|172.1|23.7|3.9|present|24958.81|383769.09
12098|1498|July 22, 2023|159.5|9.2|1.8|Leave|0|450817.76
12099|1770|06-Aug-2021|181.4|10.1|3.7|Present|0|547057.88
12100|1676|May 18, 2021|160.6|4.5|4.6|Present|0|235518.72
12101|1763|2022-04-14|123.0|24.7|2.5|PRESENT|0|822345.32
12102|1822|02/26/2023|170.7|14.8|1.0|absent |0|757633.93
12103|1177|08/08/2017|167.1|13.5|3.3|Remote|0|244204.0
12104|1733|2023-08-21|178.5|6.1|1.2|absent |0|171637.74
12105|1254|01-Mar-2023|125.5|1.6|4.4|PRESENT|0|752062.76
12106|1345|20-Oct-2019|139.2|11.4|3.2|Present|27203.66|873357.54
12107|1081|16-07-2019|196.0|12.3|2.1|Present|0|676660.02
12108|1110|01/10/2022|131.0|3.6|2.3|absent |25830.91|416423.64
12109|1409|10/13/2021|154.3|6.3|4.5|Present|0|879626.21
12110|1082|12/25/2020|124.8|19.6|2.7|Leave|0|445616.49
12111|1516|26-Jan-2022|172.6|22.7|2.2|absent |0|903015.69
12112|1662|28-Dec-2019|160.1|21.5|4.5|Present|0|683027.69
12113|1469|June 15, 2024|163.5|18.5|4.4|Present|0|923749.56
12114|1754|09-08-2020|155.1|14.6|4.1|Remote|0|369819.71
12115|1008|08-01-2021|158.4|6.6|3.9|Present|0|913052.54
12116|1124|08-03-2024|129.1|8.4||Present|0|593139.54
12117|1233|04/12/20||17.3|1.8|absent |49154.34|605737.6
12118|1233|22/02/18|128.1|1.3|2.7|Present|0|178524.41
12119|1487|18-05-2019|160.8||3.9|Present|0|640241.65
12120|1527|28-Jul-2019|196.7|14.1|3.1|Present|0|254063.36
12121|1687|July 11, 2022|125.8|21.7|1.7|Absent|0|511043.2
12122|1063|25/02/22|150.3|21.8||Remote|0|822048.73
12123|1516|October 13, 2021|128.3|14.5|3.8|Present|0|591243.96
12124|1583|08-08-2024|182.2|11.1||Absent|0|641430.74
12125|1322|06/24/2019|122.5|7.4|4.3|Present|0|855428.72
12126|1241|2018-08-18|146.8|21.3|1.6|Present|40642.85|196613.41
12127|1690|03/12/2021|145.9|8.7|2.0|present|38066.19|479353.67
12128|1309|2023-02-23|171.4|9.0|1.9|Present|29354.66|472277.85
12129|1556|2023-02-19|121.6|11.6|1.7|Present|0|206319.91
12130|1550|02/27/2021|183.1|5.6|4.9|Present|36104.19|356441.87
12131|1492|October 28, 2019|146.3|1.7|2.3|Present|0|857312.14
12132|1840|10/12/20|161.1|13.3|1.3|Present|0|671683.48
12133|1628|26-Apr-2024|168.6|20.5|4.0|Absent|12252.07|391901.6
12134|1750|October 02, 2024|166.7|18.8|1.3|Present|0|567650.41
12135|1171|19/11/18|-5.0|10.1|2.8|Present|43976.04|162522.28
12136|1239|16/09/19|124.9|12.8|4.9|present|0|540114.85
12137|1083|2019-09-07|137.8|21.0|1.7|Present|42319.13|229686.25
12138|1107|September 12, 2020|160.5|0.2||Absent|0|467886.13
12139|1287|2022-03-27|133.3|21.2|3.4|Remote|0|
12140|1442|11/07/2020|154.1|0.3|2.1|Present|0|325348.98
12141|1100|08-12-2024|183.1|18.9|1.9|Present|0|747881.41
12142|1225|26-12-2022|135.2|0.0|2.9|Absent|0|622590.31
12143|1848|2022-07-21|124.9|8.9|3.5|PRESENT|0|511175.4
12144|1441|13/12/18|170.4|24.7|4.5|Present|0|467234.81
12145|1434|2022-08-02|183.4|8.6|4.0|Present|0|431425.59
12146|1355|09-Nov-2018|128.4|0.4|3.4|Present|0|538045.23
12147|1797|2024-09-02|180.9|24.6|4.8|Remote|0|162380.1
12148|1829|21/12/22|171.9|19.0|1.4|Present||392526.87
12149|1075|04/06/2019|126.4|23.7|4.3|present|0|488238.5
12150|1215|09-Apr-2024|173.0|5.3|4.3|absent |0|745722.48
12151|1112|01-Dec-2022|176.0|8.0|4.5|Present|0|709820.52
12152|1826|2022-04-02|158.6|0.4|4.6|Present|0|312545.51
12153|1129|2023-11-07|146.4|15.4|3.2|Present|0|
12154|1464|17/06/20|164.8|15.7|2.4|Leave|7636.79|178372.24
12155|1008|May 18, 2023|124.7|1.9|2.4|present|0|654368.8
12156|1119|2022-06-05|135.3|4.5|3.4|PRESENT|0|502586.11
12157|1492|03-Aug-2021|167.4|21.0||present|0|359134.57
12158|1827|11-05-2021|159.0|0.5|2.5|Present|0|351757.41
12159|1086|07/06/2023|188.0|1.7|2.8|Remote|0|453375.04
12160|1155|04/02/21|169.4|6.9|1.7|Absent|0|716720.72
12161|1004|2020-01-05|162.4|9.0|3.7|present|49069.64|334002.48
12162|1115|05-Jun-2023|184.8|19.1|4.0|Present|3551.98|376747.9
12163|1765|04/23/2023|196.0|13.7|4.6|Present|0|431030.04
12164|1387|06/16/2021|184.4|6.7|1.9|absent |0|721875.22
12165|1659|2024-01-02||20.1|2.8|Present|0|377231.0
12166|1822|26-07-2023|188.9|13.0|1.0|absent |0|785571.78
12167|1812|24/09/17|150.4|20.5|3.0|Present|0|396474.11
12168|1800|27/04/16|176.1|21.1|2.8|Leave|0|695951.01
12169|1432|14/07/22|127.3|6.4|3.1|Leave|21118.51|239653.47
12170|1220|08-12-2018|197.7|2.9|3.0|Present|0|605698.03
12171|1276|2021-03-24|132.4|20.2|1.2|Present|10238.15|865030.17
12172|1747|12/28/2024|121.5|2.2||Present|14445.7|336622.84
12173|1218|17-01-2023|153.2|7.7|4.2|Remote|10614.9|504314.26
12174|1774|2019-07-07|121.7|11.4|3.7|present|0|805796.53
12175|1812|May 17, 2018|180.8|7.9|1.2|Remote|0|436355.83
12176|1432|25/12/22|187.1|17.7|1.1|Absent|0|334175.88
12177|1259|09/15/2023|199.0|1.4|3.1|Present|0|571132.72
12178|1049|11-Dec-2023|189.2|2.0|2.0|Leave|0|318592.76
12179|1326|22-05-2024|154.5|14.7|3.8|Remote|0|236141.43
12180|1688|2022-07-16|187.0|0.1|1.3|present|40608.03|516705.74
12181|1671|2023-01-25|123.3|8.9|1.6|present|31115.96|782496.81
12182|1453|March 15, 2021|177.1|9.2|2.4|Present|0|931675.84
12183|1180|15-07-2024|163.2|10.8|4.3|PRESENT|0|815342.27
12184|1492|07/26/2019|127.9|10.7|3.4|Present|0|225086.97
12185|1556|18-06-2018|160.2|5.5|1.6|present|0|259654.47
12186|1763|10/10/2022|173.7|4.9|3.9|Leave|21658.79|609971.95
12187|1056|13-06-2020|||1.1|Absent|0|533774.29
12188|1152|July 22, 2021|135.4|11.3||Present|4237.94|340881.43
12189|1648|October 23, 2023|144.5|17.1|5.0|Absent|22957.68|507886.6
12190|1771|11-11-2022|129.2|1.7|2.5|Leave||363380.04
12191|1626|19/06/19|125.6|7.7|2.1|present|0|215251.1
12192|1334|April 08, 2023|120.1|13.6|3.4|Present|0|208645.72
12193|1766|September 17, 2023|195.9|18.6|2.4|absent |0|473129.95
12194|1679|2020-05-16|174.3|3.3||PRESENT|2042.18|374668.46
12195|1719|17/02/24|185.3|4.4|3.5|Present|43511.33|808886.66
12196|1712|08/05/2022|137.6||2.0|Absent|31126.36|460978.0
12197|1721|06/28/2017|186.9|21.8|2.2|Present|0|425661.89
12198|1059|09-Jun-2019|166.8|15.5|1.7|absent |0|830830.43
12199|1143|19-08-2019|139.4|16.4|3.0|Present|0|266718.69
12200|1550|27-Dec-2019|181.1|23.9|3.8|Leave|0|595591.1
12201|1106|December 17, 2019|147.7|14.1|1.3|present|0|469826.04
12202|1151|20-12-2022|140.9|2.5|1.2|Remote|0|576022.76
12203|1078|04/15/2019|145.3|1.7|1.1|Remote|0|455606.51
12204|1760|January 02, 2023||1.5|2.2|absent |0|392080.98
12205|1671|2023-10-03|125.4|23.5|2.2|Present|3730.03|837745.5
12206|1210|July 16, 2021|141.9|21.1|2.1|absent |20150.12|692096.97
12207|1845|2020-10-12|166.2|19.1|3.9|Absent|18995.69|304681.42
12208|1373|19/10/22|183.3|22.0|4.8|Present|37872.95|395995.12
12209|1305|24/07/24|164.6|22.9|3.5|Present|0|
12210|1847|08-Dec-2021|177.1|11.7|3.9|PRESENT|0|917505.49
12211|1484|2024-03-22|130.9||2.6|Present|3490.96|867732.98
12212|1500|07/02/2024|135.5|17.4|1.6|Leave|0|279552.99
12213|1457|09-Apr-2019||8.2|4.4|Present|0|281772.96
12214|1579|26-Jul-2017|131.5|16.5|1.5|Present|0|773414.2
12215|1212|2019-10-21|150.6||3.2|Present|0|348717.39
12216|1518|August 14, 2021|168.5|20.3|1.7|Present|18521.21|655384.88
12217|1177|15/10/17|122.0|12.4|4.3|present|0|515611.73
12218|1654|18/11/17||14.7|3.6|Present|0|305977.51
12219|1777|09-01-2020|148.1|23.2|4.6|Leave|0|889107.42
12220|1213|September 19, 2019|184.1|9.3|2.7|Leave|0|528270.23
12221|1213|April 16, 2020|135.5|21.0|4.5|PRESENT|0|255143.48
12222|1693|August 13, 2017|175.4|18.0|1.5|present|0|565205.29
12223|1491|2023-07-19|143.5|5.9|4.2|Absent|29522.79|673693.75
12224|1495|05/01/20|194.4|9.9|4.1|Present|0|493960.35
12225|1144|09-May-2024|178.5|15.3||Remote|0|163717.88
12226|1562|10/17/2019|158.8|17.7|3.3|Leave|0|260421.61
12227|1662|23-Apr-2024|182.7|8.1|2.7|Absent|18287.6|233647.0
12228|1698|22-Nov-2022|168.4|4.1|3.8|Present|0|565624.6
12229|1318|17/11/22|188.0|15.1|1.6|Present|45475.69|497835.39
12230|1822|2018-09-24|174.3|6.6|2.1|Present|0|426002.59
12231|1345|10/22/2024|195.0|3.3|4.3|Present|7408.65|218837.91
12232|1174|07-Aug-2023|150.9|23.8|1.5|PRESENT|0|476814.73
12233|1714|December 15, 2021|136.7|12.7|1.8|Absent|0|494883.19
12234|1613|20-Aug-2024|148.7|12.3|2.1|Absent|0|352691.49
12235|1635|2024-09-27|198.2|14.6|4.8|Present|0|157448.02
12236|1523|May 09, 2022|150.1|17.2|2.2|Present|0|823515.86
12237|1107|2019-04-25|158.3|22.2|4.4|Present|47169.27|537897.03
12238|1534|March 01, 2016|152.9|1.3|4.9|Present|37909.64|159493.51
12239|1693|06-05-2015|125.8|16.5|3.0|Leave|9539.78|180569.29
12240|1466|15-03-2021|196.0|17.3|2.0|Present|46789.59|733042.74
12241|1524|2021-06-05|182.6|5.2|2.2|PRESENT|40490.76|214078.89
12242|1398|10/06/2022|133.5|3.6||Leave|0|938807.5
12243|1794|09-07-2020|137.1|15.7||Remote|33301.62|832921.62
12244|1647|April 06, 2024||11.0|4.3|Present|3065.92|505198.31
12245|1524|12/03/19|144.6|4.3|3.7|present|9785.99|428386.06
12246|1507|12/07/2022|151.2|2.0||Absent|0|282987.84
12247|1507|September 17, 2019||3.3|3.3|Remote|0|394423.03
12248|1122|February 26, 2021|182.6|6.3|1.1|Leave|0|654809.46
12249|1306|April 20, 2021|169.1|6.1|2.3|PRESENT|25592.75|687570.22
12250|1008|07/01/23|128.3|12.5|4.0|Present|46573.97|826002.79
12251|1802|05/15/2020|144.7|11.3|2.7|Present|0|814818.02
12252|1520|10/14/2021|194.6|23.2||Absent|0|626981.99
12253|1622|18/05/18|121.3|14.4|1.1|Leave|0|176671.72
12254|1119|11-Nov-2024|-5.0|5.0|2.0|absent |28981.18|343782.55
12255|1005|June 03, 2020|143.1|10.5|4.4|PRESENT|0|243277.02
12256|1341|2023-05-14|167.1|9.8|3.4|Absent|0|893111.0
12257|1188|December 05, 2022|196.7||4.6|present|0|835033.76
12258|1679|16/04/22|161.4|23.1|4.3|Present|23457.99|
12259|1495|09/01/21|171.1|24.1|3.5|Leave|0|252730.96
12260|1392|27-Dec-2023|188.9|24.6|3.1|PRESENT|0|237388.97
12261|1595|09/02/20|178.2|2.0|1.2|Present|0|409019.74
12262|1420|2022-05-02|130.0|16.4|2.1|present|0|356384.62
12263|1306|16-10-2019|-5.0|9.4|1.9|Remote|0|489270.76
12264|1684|22-09-2021|170.2|9.7|4.1|Present|0|874827.19
12265|1581|October 01, 2018|120.1|17.2|1.5|Present|6452.55|461569.26
12266|1322|14-09-2022|124.0|11.7|4.8|Present|0|480519.65
12267|1360|05/23/2020|138.2|0.6|2.8|Absent|17990.05|578287.83
12268|1363|01/19/2018|186.0|6.5|3.8|Absent|0|236068.74
12269|1543|11-Dec-2020|125.7|24.3|1.6|present|0|785310.49
12270|1803|June 13, 2016|123.2|3.3|2.0|Present|0|925514.06
12271|1408|2018-06-15|149.8|15.3|2.1|Present|0|481970.83
12272|1571|13-Feb-2021|152.4|2.3|3.5|PRESENT|0|547586.05
12273|1338|09/11/2020||12.9|3.5|Leave|0|800517.39
12274|1069|12-May-2020|194.2|15.4|3.0|Present|0|502736.77
12275|1276|12-11-2015|125.3|18.2|4.1|Present|0|513580.96
12276|1219|06/20/2022|160.3|12.8|1.1|Present|0|679403.38
12277|1025|23/05/20|162.1|17.2|2.0|Present|0|699535.47
12278|1354|28/03/17|120.2|10.5|3.9|present|0|929736.0
12279|1190|14/10/22|125.0|9.0|2.6|absent |0|265291.12
12280|1521|October 18, 2024|179.9|21.2|3.0|Leave|0|899093.81
12281|1369|02-05-2024|183.0|9.1|4.7|absent |0|261217.39
12282|1421|22-12-2022|153.9|21.6|1.0|Present|0|277915.52
12283|1709|14-09-2023|139.1||4.2|absent |0|175664.57
12284|1172|05-Oct-2018|120.7|24.1|3.6|Present|0|519130.39
12285|1621|09/05/20|144.0|22.6|1.8|Present|0|656046.57
12286|1800|07-Dec-2019|127.3|8.7|4.4|Present|41026.57|165865.06
12287|1785|19-08-2023|175.2|15.8|2.5|PRESENT|1516.89|867389.72
12288|1261|August 26, 2024|163.8|2.1|3.9|Present|0|812841.91
12289|1243|2019-07-19|138.9|7.7|1.5|Present|0|933314.72
12290|1518|01-Jan-2019|160.6|7.8|1.2|Present|0|690019.95
12291|1080|2018-10-14|169.3|7.4|2.2|present|0|421765.48
12292|1125|16/12/23|169.8|4.1|2.8|Present|0|382594.53
12293|1344|2020-11-01|195.1|7.4|1.2|absent |0|795062.02
12294|1184|21-05-2022|127.7|8.4||PRESENT|0|485939.19
12295|1042|2024-10-17|126.5|17.2|2.1|Present|0|793127.11
12296|1570|25-Jul-2022|120.1|14.5|3.5|Absent|5175.37|570742.02
12297|1353|07-07-2021|152.3|22.7|1.4|Present|28014.0|153064.06
12298|1836|14/01/24|146.4|14.5|3.6|Leave|0|854255.6
12299|1360|11-Feb-2018|161.0|2.6|1.9|present|0|604694.26
12300|1136|03-11-2020|173.4|7.0|2.5|Remote|0|842180.48
12301|1302|2022-12-21|133.7|12.5|3.4|Present|0|633421.94
12302|1336|26-Jan-2023|150.8|2.5|1.6|Present|14987.51|157374.02
12303|1106|2019-11-10|132.9|0.2|4.1|Absent|0|357242.51
12304|1035|2019-08-15|143.7|1.9|3.0|Present|0|
12305|1392|09/08/2015|141.9|24.2|4.8|present|0|742977.9
12306|1043|07/08/18|139.8|17.1|3.7|Present|0|839834.1
12307|1609|April 26, 2018|157.3|11.8|4.1|Present|0|469733.07
12308|1208|August 22, 2024|183.4|19.6|3.5|Remote|37941.02|447855.32
12309|1845|27-Jul-2021|156.5|14.3|3.6|Leave|0|833004.95
12310|1174|01-09-2018|199.9|||Present|0|498954.44
12311|1321|27/02/23|193.1|15.6|3.2|PRESENT|11049.04|539886.51
12312|1521|09-Nov-2023|173.1|9.9|3.1|PRESENT|15734.75|334973.95
12313|1270|2020-02-23|140.8|7.4|2.1|Present|1935.66|716936.81
12314|1131|December 10, 2019|136.3|0.7||Present|0|720852.29
12315|1371|06/15/2018|153.6|16.5|3.0|Present||
12316|1214|07-04-2021|153.1|8.9|1.9|PRESENT|0|871848.26
12317|1541|06-10-2023|147.9|8.6|4.9|Present|0|878132.27
12318|1397|08/16/2022|170.5||2.0|Leave|18912.42|199540.4
12319|1647|2024-06-07|132.6|22.4|1.5|Remote|18991.51|158852.8
12320|1625|04/05/20|170.6|2.9|2.5|Present|0|183089.77
12321|1766|24-05-2022|161.8|11.3|4.0|present|14240.35|793033.68
12322|1443|02/27/2023|137.8|9.6|2.5|Present|0|803397.38
12323|1458|14/05/21|158.0|1.4|4.9|Remote|0|353817.68
12324|1007|11/09/2015|186.0|11.1|1.7|present|0|429617.44
12325|1487|13-12-2024|198.9|17.9|3.9|Absent|23107.91|357684.86
12326|1555|23/11/19|179.5|15.0|2.3|Present|0|668666.95
12327|1583|04-Jun-2024|129.6|12.6|2.5|Remote|0|460707.24
12328|1739|16/10/20|121.0|2.1||absent |44674.48|338029.68
12329|1281|20-May-2024|169.3|16.3|5.0|Absent|0|689848.56
12330|1195|07/11/17|128.4|15.6|2.0|present|49752.97|665219.28
12331|1604|11/05/21|154.6|16.7|3.9|Leave|0|599325.74
12332|1364|11/05/21|164.7|22.6|2.5|Remote|23059.8|465354.66
12333|1491|23-Aug-2017|123.4||4.3|Present|0|540510.89
12334|1834|01-Nov-2023|136.2|18.3|4.4|Present|0|218563.11
12335|1764|April 03, 2019|124.9|0.7|4.0|Present|0|263769.74
12336|1416|14-05-2023|170.7|20.8|1.7|present|24793.39|382976.73
12337|1089|2020-01-11|142.4|||absent |26351.36|687182.66
12338|1252|May 10, 2021|165.7|2.6|3.8|PRESENT|0|937050.02
12339|1474|26/04/24|170.8|9.3|4.1|Present|0|711219.8
12340|1125|2020-08-22|134.7|0.9|2.4|Absent|38724.31|494324.51
12341|1576|02-05-2020|157.1|16.5|1.2|Remote|24557.03|199977.5
12342|1245|25/09/24|198.6|13.9|2.5|Present||170819.45
12343|1764|01/07/2023|136.8|7.0|1.7|Absent|0|778160.82
12344|1110|11/05/2020|126.1|9.7|2.6|Present|0|686777.01
12345|1478|March 26, 2021|191.9|17.9|1.7|absent |0|200629.72
12346|1727|August 20, 2021|144.3|23.1|4.3|present|0|651609.33
12347|1253|22/01/24|126.0|0.4|3.1|present|0|878303.95
12348|1003|October 18, 2024|139.6||3.7|Present|35293.56|365734.13
12349|1277|22-Jan-2022|||4.4|Remote|27254.33|838728.66
12350|1409|10/07/2017|183.9|11.5|3.4|Remote|12565.01|159794.75
12351|1204|March 16, 2020|184.0|5.5|4.9|Present|0|345396.75
12352|1284|July 08, 2019|185.5|13.6|1.9|Absent|30176.52|244570.62
12353|1391|03/07/2023|149.3|3.0|2.1|Present|21797.65|375214.73
12354|1796|March 10, 2023||5.3|3.7|Absent|21923.3|235702.52
12355|1001|10/04/19|177.9|20.9|3.5|Present|0|569005.83
12356|1202|September 15, 2018|125.0|20.0|2.4|Absent||773216.25
12357|1482|November 20, 2022|195.4|17.6|3.1|absent |0|839257.05
12358|1166|15/02/22|144.4|15.6|2.8|Present|0|911094.46
12359|1289|2020-01-22|141.4|4.7|3.4|present|0|802285.18
12360|1379|08/08/23|194.5|3.0|1.3|present|0|343097.04
12361|1714|2019-07-07|131.7|3.0|1.2|Present|15686.52|666609.83
12362|1005|11-Jun-2022|173.7|4.3|4.1|PRESENT|0|584077.79
12363|1774|July 28, 2017|131.9|5.1|3.6|Present|28295.98|937565.5
12364|1648|September 17, 2018|137.9|1.2|1.1|Present|0|377984.68
12365|1377|March 04, 2020|170.8|17.9|2.9|Present|0|
12366|1759|06-08-2024|189.8|18.7|3.0|Present|0|745962.34
12367|1317|27-05-2021|124.8|10.4|4.6|Present|0|224040.79
12368|1067|15-04-2022|164.2|22.4|3.8|PRESENT||878130.3
12369|1423|2021-04-09|184.1|11.5|4.4|absent |37980.7|562441.92
12370|1352|05-Nov-2020||23.1|4.2|Present|0|182294.99
12371|1830|14/05/18|174.1|0.5|1.3|PRESENT|17714.5|809750.74
12372|1012|10-Sep-2023|132.9|22.7|4.2|Present|0|704722.94
12373|1155|November 07, 2024|188.8||2.0|Leave||566675.51
12374|1487|05-12-2019||1.3|3.0|Present|0|805876.95
12375|1608|03/27/2018|180.3|18.6|1.4|Leave|0|789521.98
12376|1312|23-08-2020|164.8|0.9|2.4|present|0|731855.24
12377|1595|08/26/2020|135.2|19.2|3.5|PRESENT|0|618773.71
12378|1004|02-10-2019|197.1|20.2|2.4|Present|26846.97|661913.8
12379|1487|04-Dec-2021|164.3|19.0|2.3|Present|0|827351.49
12380|1712|23-Mar-2023|-5.0|1.3|1.1|PRESENT|42581.99|923673.55
12381|1140|17/03/18|129.2|24.2|1.9|absent |44854.76|485602.59
12382|1766|October 04, 2022|124.5|8.1|1.4|Present|0|220685.57
12383|1282|August 07, 2021|185.9||1.6|Leave|12919.58|312558.89
12384|1261|2023-09-08|127.1|6.7|3.7|Present|0|306336.74
12385|1036|03/14/2019|135.3|8.9|2.4|present|44787.49|828458.88
12386|1591|13/09/17|193.0|22.7|1.8|PRESENT|0|634566.47
12387|1476|02/22/2019|131.9|3.8|4.2|Remote|0|390747.65
12388|1778|2024-02-12|179.0|5.1|2.7|present|0|541580.69
12389|1712|2022-09-01|161.9|8.1|2.1|present|15410.66|
12390|1384|09/09/2021|143.0|20.7|1.3|Absent||235205.59
12391|1524|2021-10-26|141.3|24.3|1.2|present|0|759312.32
12392|1338|August 13, 2018|126.2|17.2|3.3|Present|0|194908.92
12393|1131|04-09-2023|195.3|12.8|2.4|Remote|0|737089.68
12394|1767|2021-05-26||10.9|3.1|Leave|0|851895.73
12395|1687|January 25, 2020|170.8|20.1|2.9|Leave|36899.25|335152.15
12396|1001|09-May-2021|179.7|7.4|3.4|present|0|810814.66
12397|1430|10/10/22|173.0|4.8|2.0|Present|0|698846.78
12398|1271|23-02-2022|178.3|4.9|1.8|Remote|0|190262.91
12399|1143|12-Jun-2017|133.2|21.1|4.6|Present|20961.57|935538.03
12400|1561|01-04-2019|174.7|12.0|1.1|Present|0|921622.16
12401|1370|2019-10-02|184.4|24.3|3.1|Leave|14016.85|647653.84
12402|1325|16-12-2018|186.0|20.8||Remote|0|355988.33
12403|1121|25-Jul-2024|128.4|24.0|4.2|present|0|457576.15
12404|1709|October 07, 2018|127.4|8.5|2.3|Absent|32080.84|316740.1
12405|1270|2024-11-14|153.3|0.2|4.3|absent |1414.27|692154.9
12406|1729|2019-08-08|156.6|5.9|3.4|PRESENT|0|929767.73
12407|1205|13-Nov-2022|198.0|1.1|3.2|Leave|49221.05|909331.02
12408|1606|2017-08-07|145.1|19.8|2.6|Present|5520.14|511958.63
12409|1136|11-Dec-2024|192.5|6.7|2.8|present|24268.5|276893.93
12410|1294|2017-05-13|197.3|19.2|1.1|PRESENT|0|398136.12
12411|1733|03/19/2024||18.6|4.6|Absent|0|477500.73
12412|1741|16-Mar-2024|172.9|16.0|2.7|Absent|0|423841.33
12413|1278|05/03/2024|165.6|2.2|2.3|absent |0|892809.55
12414|1105|09-12-2024|165.7|8.2|1.9|Leave|0|349576.2
12415|1176|October 28, 2023|198.2|21.2||Present|10310.38|315735.55
12416|1352|2024-07-26|193.6|4.3|4.1|absent |0|629068.39
12417|1157|26/06/19|186.4|7.8|3.4|PRESENT|0|915990.59
12418|1849|11-12-2020|191.0|16.7|3.0|Present|10015.73|712294.25
12419|1441|May 17, 2017|147.8|18.5|2.2|present|4102.71|498912.55
12420|1040|07/08/2020|159.0|9.3|4.2|Present|0|635012.23
12421|1234|14/07/24|143.7|20.5|1.5|Present|0|431221.26
12422|1025|24/07/21|134.6|8.8|3.6|Present|0|583856.01
12423|1692|03/06/2019|158.8|13.8|4.4|Remote|0|264268.25
12424|1690|08-Jun-2020|165.4|0.7|2.1|PRESENT|25457.97|846587.6
12425|1681|10/06/2017|179.1|20.8|3.8|Leave|37263.45|882210.1
12426|1253|03/26/2024|195.3|20.3|3.6|Present|0|924303.71
12427|1234|2021-04-03|130.5|22.8|1.9|Present|0|687114.43
12428|1442|27-May-2024|146.8|9.0||Present|39758.89|887730.79
12429|1524|12-07-2023|167.6|0.3|1.5|Leave|0|404401.17
12430|1262|09-Aug-2017|135.9|20.3|3.8|Absent|0|661245.97
12431|1596|March 20, 2022|124.6|9.1|2.0|Present|6578.86|593798.37
12432|1531|17-03-2022|144.0||1.3|Leave|38145.16|479471.18
12433|1336|23/05/18|181.9|22.0|2.5|Absent|0|236568.93
12434|1702|13-03-2023|-5.0|1.0|2.9|Present|10016.03|294713.68
12435|1312|2024-10-01|136.3|15.5|3.0|Present|27030.65|289828.95
12436|1234|04-Feb-2023|155.9|6.9|2.1|present|0|781983.05
12437|1206|05/17/2020|180.7|3.8|2.6|Leave|0|485918.68
12438|1003|10-Jun-2022|136.2|10.2|1.2|Present|0|841604.27
12439|1530|September 08, 2024|181.7||2.5|PRESENT|48349.24|793461.89
12440|1774|22-Dec-2020||9.1|4.6|present|0|210209.28
12441|1168|2022-11-11|130.3|1.2||absent |0|347026.87
12442|1419|May 28, 2019|126.8|22.2|3.5|Present|0|270348.16
12443|1096|20-Aug-2017|184.7|12.3|2.3|PRESENT|0|945607.89
12444|1581|03/03/17|137.2|1.4|4.2|Present|0|545917.01
12445|1845|09/12/18|131.1|10.1|3.6|Remote|0|583610.69
12446|1201|22/10/20|135.3|14.6|1.6|PRESENT|0|543010.58
12447|1510|2023-04-25|153.8|0.0|3.5|Leave|0|608389.03
12448|1501|22/05/24|124.5|8.8|4.3|PRESENT|0|666033.27
12449|1221|12-08-2018|122.9|14.5|1.8|PRESENT|0|265975.01
12450|1748|20-11-2022|197.9|9.6|3.2|Present|30998.01|415948.61
12451|1844|08/28/2018|188.8|21.9|3.2|PRESENT|0|742759.96
12452|1562|18-Aug-2018|198.4||4.9|Present|0|328519.72
12453|1336|08-Apr-2020|136.9|2.2|3.2|present|5101.98|551996.62
12454|1530|2017-01-06|-5.0|6.8|1.3|Present|0|574429.03
12455|1410|July 24, 2016|150.5|22.6|4.6|Absent|44584.19|641975.56
12456|1262|2019-12-08|165.3|6.0|1.6|Present|0|294419.23
12457|1508|01/04/2023|125.1|2.8|4.0|Present|0|847577.76
12458|1074|26-10-2023|182.9||2.0|Absent|0|810168.01
12459|1218|10/03/24|152.9||1.4|Present|0|835161.76
12460|1187|06-08-2024|140.6|11.4|1.1|Absent|0|517363.47
12461|1535|19-04-2022|167.2|5.5|2.5|Remote|0|897821.61
12462|1029|12-01-2018|178.4|10.5|3.0|Absent|0|495697.85
12463|1434|11/03/19|153.7|23.6|1.5|absent |0|863851.5
12464|1746|03/04/2024|162.4|1.3|2.8|Present|0|
12465|1461|18/02/22|198.4|9.8|4.0|Present|0|365151.89
12466|1846|12-10-2023|166.0|19.2|3.7|Leave|0|697224.54
12467|1166|09/24/2022|133.0|8.9|3.2|present|28595.48|597141.64
12468|1143|August 26, 2020|134.8|22.0|4.8|Present|3271.17|799323.65
12469|1205|May 09, 2022|185.8|1.9|2.0|Leave||156613.18
12470|1542|September 17, 2023|-5.0|12.7|1.7|present|0|415540.6
12471|1466|21-11-2024|126.4|21.9|4.6|Leave|22668.11|648567.42
12472|1434|April 18, 2019|124.0|2.6|4.6|Present|0|806002.09
12473|1254|August 21, 2021|171.2|2.8||Leave|0|672533.42
12474|1542|2019-07-17||6.4|3.6|absent |34951.32|
12475|1141|04/06/23|173.9|15.5|1.7|absent |47889.41|486751.91
12476|1056|08/04/2023|164.9|0.4|4.2|Present|0|315467.94
12477|1521|17/12/20|193.8|13.0|3.7|Present|0|222387.48
12478|1278|11/18/2022|161.4|23.2|2.2|Present|36210.13|931191.0
12479|1507|08/10/2022|138.8|18.6|4.5|Present|0|239331.72
12480|1197|September 02, 2023|154.7|6.9|2.7|Absent|5152.59|535012.86
12481|1097|01/15/2020|188.8|1.1|2.5|Remote|14228.36|193152.44
12482|1052|July 07, 2021|180.9|12.5|4.6|Present|0|871172.32
12483|1149|May 25, 2023|165.5|2.7|1.8|absent |34611.68|195713.3
12484|1320|12/27/2016|139.0|18.5|3.2|PRESENT|0|648042.24
12485|1667|2021-07-10||24.7|3.9|present|1815.92|358510.9
12486|1514|August 09, 2023||2.9|1.3|Present|0|261257.84
12487|1780|14-08-2023|155.4|21.6|5.0|present|0|470121.48
12488|1424|10-Jul-2021|166.3|0.7|4.5|Present|0|446999.22
12489|1699|08-01-2019|171.6|22.7|2.2|Absent|0|607080.63
12490|1234|January 25, 2023|147.1|9.2||absent |48622.41|603836.07
12491|1663|23-08-2023|120.1|19.1|4.2|Present|0|644422.58
12492|1069|17-06-2020|167.2|1.0|1.3|Leave|0|853531.24
12493|1201|21-Jun-2017|186.7|6.3|4.1|Present|0|616094.75
12494|1193|2024-09-24|170.3|24.8|1.0|Present|0|876315.99
12495|1149|02-Feb-2022|158.2|20.1|2.8|Remote|0|372379.75
12496|1432|November 28, 2023|199.0|||absent |0|453710.42
12497|1440|2018-10-03|141.1|16.9|3.9|PRESENT|0|786715.52
12498|1124|04/22/2024|187.0|7.7|2.2|present|14181.87|862711.9
12499|1556|November 03, 2023|139.8|19.7|4.6|Present|0|572240.14
12500|1520|May 18, 2016|195.2|15.1||Present|0|859139.83
12501|1501|14/02/24|184.0|11.7|4.0|PRESENT|0|571396.07
12502|1777|June 21, 2024|151.3|4.7|1.4|Absent|0|552011.58
12503|1326|20-06-2020|179.6|12.7|1.1|absent ||204763.21
12504|1282|08/04/2024|149.1|6.6|4.0|Remote|0|215199.62
12505|1747|21/08/22|153.4|13.5|3.3|Leave|0|924747.39
12506|1542|19-Apr-2021|177.3|13.0|1.7|present|33315.21|690196.25
12507|1515|07-Dec-2024|155.7|0.8|3.1|Leave|0|827018.58
12508|1399|25/07/23|149.6|18.4|2.5|present|31067.08|429794.47
12509|1339|10-09-2022|139.3|14.0|1.1|absent |0|436608.36
12510|1043|2020-09-08|187.5|21.3|1.8|Present|0|365739.4
12511|1466|03/20/2022|127.7|1.4|2.1|Leave|0|613114.87
12512|1737|04/02/23|199.0|2.6|4.1|present|0|191683.24
12513|1512|01/06/18|150.8|4.0|2.0|PRESENT|29619.15|892535.18
12514|1069|26-09-2020|120.4|13.4|3.4|Present|0|413545.11
12515|1512|08/05/24|168.4|23.8|1.3|Absent|0|623868.41
12516|1417|24-Oct-2021|142.8|8.3||Absent|0|475256.54
12517|1478|2015-09-11|137.0|6.7|3.3|Leave|0|536923.82
12518|1530|2023-01-25|162.4|4.8|1.4|Leave|0|935197.92
12519|1302|27-Jun-2019|124.9|25.0|3.3|Leave|0|440667.58
12520|1058|2018-12-05|158.7|9.7|2.7|absent |0|531164.42
12521|1639|2019-10-10|154.0|23.9|1.8|absent |23324.03|584734.14
12522|1682|2016-03-24|173.6|21.6|4.6|PRESENT|0|790753.7
12523|1300|08-Dec-2018||2.2|3.2|Present||
12524|1252|2019-06-14|138.1|4.4|5.0|Leave|0|832545.33
12525|1409|December 25, 2021|157.2|9.8|2.7|PRESENT|0|675114.03
12526|1421|August 15, 2015|152.5|6.7|3.3|Remote|23256.39|799799.33
12527|1180|06/04/21|138.0|6.4|1.5|Remote|0|241747.21
12528|1339|08/03/20|185.2|13.0|1.1|Present|0|569176.76
12529|1771|28-Oct-2023|151.5|8.4||Present|23469.46|202203.6
12530|1773|04/26/2019|156.4|20.4|4.0|Absent|35059.72|785749.5
12531|1592|21-Apr-2021|128.3|12.0|3.6|Leave|5268.08|423505.32
12532|1533|28-Jan-2023|188.4||3.1|Absent|0|884957.02
12533|1180|February 17, 2018|121.2|20.3||Present|0|561558.1
12534|1272|07/12/21|182.3|14.9|1.8|Remote|0|391192.33
12535|1636|12/04/2018||13.6|4.4|absent |0|462576.73
12536|1346|10-03-2019|124.7|10.3|2.9|present|0|404353.49
12537|1567|23-Mar-2024|126.6|13.7|4.3|Present|0|855874.13
12538|1043|2018-10-03|147.7|7.4|1.1|Remote|0|187900.36
12539|1538|2022-08-14|139.6|20.9|3.6|Present|0|536062.0
12540|1779|19/05/16|187.0|20.1|3.2|PRESENT|0|261387.56
12541|1675|12/11/24|128.7|19.7|2.7|Remote||491899.0
12542|1365|06-Oct-2019|197.2|16.8|2.7|Present|0|589873.93
12543|1478|08-Aug-2015|124.9|5.0|2.8|Leave|44493.61|682146.93
12544|1639|12/09/2021|170.2|14.5|3.6|Present||369603.94
12545|1799|13/06/19|135.1|9.3|1.0|PRESENT|0|402269.42
12546|1689|11/07/21|162.2|19.4|4.1|Leave|0|249097.09
12547|1073|2018-11-08|184.5|21.9|4.5|Present|0|444682.32
12548|1684|10/28/2024|134.2|22.5|1.7|PRESENT|0|442046.29
12549|1429|19-Jun-2021||18.8|2.7|Present|8372.04|779468.13
12550|1564|2024-08-24|153.2|2.9|2.1|present|0|313736.89
12551|1033|September 09, 2018|193.3|16.5|1.4|Present|0|328372.29
12552|1596|June 01, 2022||9.1|3.4|absent ||403915.8
12553|1625|January 26, 2021|143.2|24.3|2.6|absent |0|500927.15
12554|1144|04/17/2018|170.4||3.8|absent |0|456583.79
12555|1776|10-Oct-2024|192.5|5.4|4.0|present|0|389506.08
12556|1148|08-Feb-2017|152.7||4.2|Present|0|461276.66
12557|1520|10/16/2019|164.1|19.5|2.0|Present|0|552866.95
12558|1579|15/05/19|147.8|24.7|4.9|Present|0|472365.43
12559|1357|2022-11-19|182.0|4.8|1.0|Present|0|728257.44
12560|1741|07/01/2022|179.2|19.4|2.7|Present|0|308706.75
12561|1841|20-Mar-2019|147.6|10.2|3.3|PRESENT|46673.28|643452.12
12562|1316|17/06/22|128.6|4.2|4.6|Leave|0|864239.78
12563|1710|27/07/19|122.1|1.5|1.6|Remote|0|677886.3
12564|1001|2021-07-12|182.7|9.8|2.6|Present|0|278553.91
12565|1532|14/05/15|168.9|20.4|1.7|Present|0|223391.08
12566|1057|17/09/24|197.4|0.1|3.3|present|6008.12|676846.96
12567|1542|01-Dec-2021|131.0|16.1|4.9|Present|0|871611.3
12568|1791|2018-12-15|121.4|16.9|1.8|Absent|0|779505.12
12569|1635|11/05/24||10.1|3.7|Leave|0|554984.29
12570|1214|December 24, 2021|163.7|1.1|2.7|Leave|6429.37|753658.51
12571|1043|July 06, 2020|196.0|5.9|3.2|Present|26864.46|480207.72
12572|1766|21/04/23|140.4|24.1|2.0|Present|0|454248.02
12573|1453|06/09/2019|187.3|18.7|2.4|Present|0|790889.53
12574|1746|July 09, 2024|188.4|6.0|3.9|Present|0|342350.05
12575|1528|16/09/19|143.6|0.1|4.2|Leave|0|839128.04
12576|1353|04/28/2016|133.2|15.3|4.3|Absent|0|782416.44
12577|1518|2017-07-03||16.5|2.9|Remote|0|724412.03
12578|1113|09/05/18|197.9|5.8|2.5|Present|47703.04|801367.75
12579|1785|21-Oct-2017|155.6|14.3|1.8|Present|0|585531.65
12580|1429|03-08-2024|171.3|6.2|2.5|present|0|249701.89
12581|1690|04/08/2022|176.5|22.2|2.6|Present|0|302538.16
12582|1362|12-Jul-2018|190.6|20.2|3.2|Present|0|448879.96
12583|1791|2017-03-11|190.6|5.7|1.5|PRESENT|3431.77|
12584|1825|08/12/2023|151.8|18.7|3.8|Present|0|928862.0
12585|1576|02/27/2023|179.0|15.9|3.8|present|0|757471.6
12586|1351|05/07/2021|193.6|13.5|4.4|Remote|0|350929.35
12587|1621|28/04/24|149.5|12.5|4.7|Present|0|536059.9
12588|1676|19-04-2021|137.9|15.6|1.3|Remote|25765.73|881551.33
12589|1220|15/04/24|196.6|19.2|4.8|Remote|0|840904.29
12590|1239|15/05/16|137.7|5.3|4.2|Absent||875297.02
12591|1113|15/11/17|193.7||2.0|Present|0|423748.99
12592|1366|02-Aug-2024||18.2|3.0|Present|0|181779.16
12593|1607|28-03-2022|183.9|4.5|3.3|Present|0|714648.28
12594|1548|2022-09-10|168.3|10.9|4.8|absent |0|653523.54
12595|1354|2021-03-07|142.3|10.9|1.1|Absent|0|307596.36
12596|1201|23-Jul-2021|171.4|20.3|3.7|Leave|0|181046.92
12597|1654|25/02/24|149.7|15.3|2.0|Present|25161.35|778779.87
12598|1126|26/04/22|191.1|7.1|4.9|Present|0|495512.77
12599|1048|12-02-2022|135.1|22.9|2.8|Present||450989.47
12600|1583|07-05-2023|159.8|19.9|3.5|Present|0|310145.39
12601|1063|2020-01-15|-5.0|9.8|3.9|present|0|565700.35
12602|1387|06-Oct-2016|166.5|24.0|2.7|Absent|0|800395.16
12603|1495|2023-03-17|187.1|20.0|4.8|present|32513.73|414634.56
12604|1120|28/10/24|184.3||4.5|Present|48063.23|589679.42
12605|1493|2024-03-23|134.5|12.8||Present|0|417258.57
12606|1177|17-03-2019|127.1|22.3|4.7|Remote|0|541551.46
12607|1826|2022-01-06|169.6|8.1|4.1|Absent|0|307141.99
12608|1358|06-08-2018|184.2|15.4|4.1|Remote|0|813368.34
12609|1428|25-May-2018|193.1|6.1|2.4|Present||227957.6
12610|1176|January 04, 2024|135.8|11.6|3.0|Present|3032.05|805247.0
12611|1630|23/05/22|134.5|6.6|2.2|Present|0|451021.59
12612|1061|27-Jan-2019|182.8|13.5|2.5|present|0|306041.61
12613|1604|02/11/16|192.3|5.7|1.9|Present|0|886508.57
12614|1267|28/11/22|137.4|10.0|4.3|Present|871.17|264476.43
12615|1393|09/11/2023|127.6|6.0|4.2|Present|0|607600.69
12616|1626|2020-09-28|135.7|10.4|5.0|Present|0|620549.78
12617|1365|23/06/21|147.4|24.4|4.3|Present|0|437190.86
12618|1595|17/09/20|122.2|8.2|1.6|Absent|0|634293.44
12619|1033|06-Oct-2022|186.5|15.0|4.1|absent |43125.7|397861.39
12620|1795|14-02-2024|160.8|6.7|4.3|Present|0|267574.96
12621|1743|2020-11-10|199.7|7.9|2.1|Absent|37096.19|577995.32
12622|1520|2022-10-11|177.3|12.0|1.7|present|6204.97|152130.15
12623|1023|10/28/2024|145.4||4.8|Present|0|587230.08
12624|1748|01-02-2022|155.3|16.0|2.5|absent |39533.41|300813.61
12625|1428|20-08-2018|138.6|6.5|4.0|Absent|0|282598.73
12626|1547|01/07/2021|143.1|4.7||PRESENT|0|205515.16
12627|1596|2022-02-24|124.4|21.7|4.1|absent |0|813444.5
12628|1324|12/20/2020|196.3|13.8|4.0|Present|0|475295.52
12629|1197|12/01/24|199.4|23.8|2.8|absent |0|895788.31
12630|1773|06/12/20|159.3|6.5|2.7|PRESENT|23359.2|621169.78
12631|1012|December 13, 2020|165.1|8.4|4.6|Present|0|669428.24
12632|1757|14-03-2024|163.8|18.0|1.1|Present||184703.27
12633|1564|22-03-2020|169.1|16.0|3.0|Present|0|597202.85
12634|1048|2020-07-11|140.9|18.0|1.5|Leave|4392.34|282475.79
12635|1068|08/12/17|143.4|12.8||Present|0|824674.65
12636|1606|09/01/2017|195.4|12.0|3.2|present|486.68|218929.42
12637|1850|24-05-2022|178.9|15.0|4.9|Leave|0|648122.89
12638|1714|26-Sep-2023|190.5|23.6|3.7|absent |0|316693.71
12639|1621|02-12-2018|154.5|13.1|1.5|PRESENT|0|176564.27
12640|1213|24/03/20|175.5|3.4|4.5|Present|0|233857.73
12641|1387|March 01, 2020||5.0||PRESENT|0|446911.75
12642|1180|12/22/2020|180.3|13.0||Absent|0|517699.22
12643|1325|2015-09-20|198.0|5.7|1.2|PRESENT|0|797382.5
12644|1639|05/17/2020|136.7|23.2|1.6|Leave|0|766390.89
12645|1637|10/01/2022|162.2|12.1|3.2|Present|0|423062.76
12646|1135|16/11/20|174.3|2.2|3.4|Present|10644.4|406340.39
12647|1527|04/04/2017|156.8|11.0|3.1|Remote||281707.79
12648|1102|19-08-2022|162.7|3.2|1.8|Remote|0|730602.29
12649|1721|2023-03-04|149.5|0.5|1.3|Present|3624.56|345874.33
12650|1795|2024-07-03|179.9|17.3|4.9|absent |0|773693.06
12651|1143|09/14/2018|192.7|13.4|2.6|absent |0|548333.84
12652|1057|09-Apr-2024|155.0|16.9|2.7|Leave|0|942201.79
12653|1394|2024-07-18|167.1|2.2||Present|39745.41|464226.46
12654|1151|16/11/16|162.7|18.2|1.4|Present|0|609649.96
12655|1292|02-02-2020|159.3|9.1||present|0|670959.63
12656|1787|03-Jul-2021|135.9|13.3|4.4|Absent|0|872311.96
12657|1098|09/15/2022|126.2|1.1|3.1|Absent|0|255676.24
12658|1132|2022-06-06|172.9|18.7|3.2|present|0|702540.96
12659|1746|03/02/21|-5.0|2.4|3.6|Present|0|800836.94
12660|1563|July 14, 2023|178.4|18.7|4.2|Present|0|256359.95
12661|1027|25-Nov-2023|158.2|8.8|3.1|present|0|684966.56
12662|1006|16/03/24|182.2|17.2|4.0|Present|0|378050.68
12663|1601|March 18, 2023|149.2|11.8|4.6|Present|0|
12664|1260|26/08/24|122.5|16.3|3.9|Leave|0|682924.2
12665|1396|04-05-2018|125.8|0.7|3.5|present|7594.78|727036.68
12666|1102|February 01, 2024|181.3|23.6|2.3|absent |24722.4|848294.9
12667|1286|April 22, 2021|190.5|8.2|4.4|Present|0|749054.85
12668|1468|February 22, 2019|189.4|5.3|1.8|Leave|0|591497.07
12669|1732|06/02/24|184.2|9.4|4.7|Present|42459.61|757616.89
12670|1244|01/08/2024|160.2|12.6|2.7|present|13615.37|832870.85
12671|1409|27/12/22|167.9|23.1|3.8|Present|15989.09|938130.55
12672|1320|23-Dec-2020|157.3|0.5|1.9|Present|0|262634.48
12673|1270|June 06, 2023|146.1|7.2|4.0|PRESENT|0|796444.81
12674|1462|April 14, 2022|151.4|1.3|1.1|Present|0|191485.21
12675|1204|23/05/23||10.0|2.3|absent |0|
12676|1327|2024-08-12|158.5|2.1|3.4|present|47976.3|721906.72
12677|1110|01/07/22|175.9|2.7|4.3|Present|3001.63|918858.38
12678|1724|10-Aug-2019|145.5|20.6|3.8|absent |0|534822.32
12679|1312|02-02-2016|194.8|10.8|2.5|Leave|0|929116.71
12680|1053|24/07/18|162.7|0.9|4.9|Present|0|903081.63
12681|1772|01-Oct-2019|138.5|19.4|2.5|Remote|0|808703.16
12682|1573|23-11-2020|170.5|14.6|1.9|Present|0|850879.42
12683|1027|07/01/2020|164.0|12.4|3.5|Present|0|189229.92
12684|1597|2022-04-07|142.3|13.7|4.8|Present|0|410144.89
12685|1533|09-Dec-2016|132.1|23.6|3.6|Remote|0|731915.36
12686|1820|2024-10-14|167.8|24.1|2.3|absent |16074.75|817440.91
12687|1239|2018-05-09|138.1|22.7|1.8|absent |0|209024.29
12688|1662|03-09-2023|151.6|1.2|4.2|Leave|0|523422.61
12689|1007|17/01/16|194.3|5.7|3.3|Leave|0|295425.22
12690|1490|05-Sep-2021|191.1|18.0|3.8|Leave|23139.96|453342.21
12691|1265|18-Dec-2023|139.5|6.2|4.4|Leave|0|435966.87
12692|1762|November 03, 2023|155.1|5.1|2.5|Present|0|341333.31
12693|1567|26-Jan-2019|190.5|21.0|4.4|PRESENT|4489.53|662103.24
12694|1416|13-12-2017|180.1|22.7|4.0|Remote|48590.21|879342.99
12695|1710|11-Jul-2023|160.2|11.9|4.3|Leave|39825.17|540386.23
12696|1125|03-09-2022|159.9|18.9||PRESENT|16794.01|249947.07
12697|1764|October 05, 2019|185.9|6.3|2.8|PRESENT|0|388493.69
12698|1369|04-10-2022|||3.7|Remote|15040.89|838436.41
12699|1307|14-07-2023|154.6|7.9|2.2|Present|0|641638.03
12700|1428|19-10-2018|161.5|16.5|3.3|Present|48817.36|771226.3
12701|1376|04/03/24|||4.6|Present|0|293680.71
12702|1231|March 06, 2023|188.4|17.9|1.5|Present|1800.37|506304.4
12703|1669|14/09/23|170.9|16.6||Remote|0|687891.72
12704|1410|19-Mar-2018|189.5|15.7|4.6|absent |25650.69|158316.67
12705|1090|November 25, 2017|182.0|5.0|2.9|present|0|
12706|1067|06/08/19|124.3|14.7|2.7|PRESENT|46086.13|638322.19
12707|1221|08/23/2020|171.7|21.1|1.4|PRESENT|0|700456.57
12708|1786|04/16/2018|146.2|24.5|4.7|present|34024.13|689905.6
12709|1025|2016-05-27|183.6|10.2|1.0|absent |0|494085.06
12710|1525|01/03/2019|189.8|24.2|2.9|PRESENT|0|407633.26
12711|1027|04-Sep-2024|165.6||4.5|Absent|0|861870.65
12712|1254|09/12/20|194.2|23.3|2.5|Present|46685.31|949956.3
12713|1155|May 11, 2017|131.9||2.9|Leave|0|512513.81
12714|1558|2021-12-12|161.9|12.7||Remote|36071.05|424323.57
12715|1794|17-Jul-2022|195.5||2.8|Present|0|188678.16
12716|1036|16-09-2023|185.5|20.1|2.2|present|37584.9|876491.35
12717|1559|01/15/2016|162.9|0.6|2.6|absent |0|
12718|1604|16/10/18|189.4|1.3|3.1|absent |0|390337.31
12719|1410|07-Mar-2021|147.0|16.3|2.2|PRESENT|0|466183.17
12720|1815|06/06/21|171.6|4.2|1.5|Leave|24714.85|626561.5
12721|1331|25-Jun-2021|120.4||3.9|Remote|0|310047.33
12722|1324|February 17, 2019|144.8||3.1|Present|0|932354.88
12723|1611|May 20, 2024|144.5|2.3|2.4|Present|0|288897.05
12724|1173|04-Sep-2024|189.7|21.6|3.0|PRESENT|18607.23|707207.33
12725|1370|06/11/21|149.6|13.0|1.6|PRESENT|15275.41|464083.94
12726|1205|03-Nov-2021|131.7|12.2|1.2|Leave|0|735531.38
12727|1210|04-Mar-2023|155.4|11.9|4.4|Absent|0|233892.03
12728|1259|04/04/2024|143.4|21.4|4.9|Present|40524.14|485329.02
12729|1752|2015-11-19|161.4|7.3|2.3|Remote|0|777003.23
12730|1363|07-Jan-2021|158.3|7.4|2.1|Present|29308.05|692842.39
12731|1750|23/02/24|163.9|10.2|2.0|present|0|274669.48
12732|1474|2024-11-23|143.2|19.3||absent |0|252428.34
12733|1626|09/28/2018|190.3|1.2||Present|47416.75|441057.57
12734|1691|2024-09-28|172.5|0.7|1.4|Present|24086.93|
12735|1476|08/01/2017|128.1|9.3|3.6|Absent|0|616485.06
12736|1586|21/04/23|179.8|17.7|1.1|Leave|0|786458.0
12737|1841|May 11, 2024|154.4|3.4|4.5|present|0|803562.26
12738|1822|16-Aug-2018|179.1|20.6|2.1|absent |0|897774.03
12739|1622|13-03-2024|150.1|11.2|4.8|Leave|0|799815.87
12740|1067|2024-07-20|138.2|3.7|1.2|Leave|0|536517.81
12741|1523|23/01/21|162.4|5.2|3.8|Absent|0|513232.8
12742|1194|February 09, 2024|155.0|24.8|3.3|absent |0|379722.42
12743|1052|05/07/2024|135.1|8.4|3.0|Present|0|826711.09
12744|1152|06-Sep-2021|171.8|22.7|3.6|present|0|363117.04
12745|1415|02-Apr-2023|127.6||4.3|present|45999.57|169245.82
12746|1062|February 11, 2023|158.5|4.8|1.4|PRESENT|34429.33|806074.19
12747|1710|17/10/23|178.1|0.1|2.2|PRESENT|0|878530.66
12748|1126|09/23/2022|126.3|9.9|3.8|Present|0|288025.78
12749|1098|12-Oct-2023|120.5|1.5|4.5|Absent|14788.23|634605.16
12750|1401|21-10-2024|152.4|16.4||Present|0|708051.96
12751|1542|06/06/22|137.1|16.4|3.4|present|24813.07|393901.88
12752|1844|10-08-2024|190.9|9.5|3.1|Present|0|318751.58
12753|1482|June 20, 2019|190.4|9.1|3.0|PRESENT|0|768811.83
12754|1107|06-05-2018|148.8|20.2|2.8|Leave|0|588358.62
12755|1427|22-Jun-2022|150.9|2.0|4.2|Present|0|295045.01
12756|1371|17-09-2019|165.9|13.4|1.3|PRESENT|0|690232.29
12757|1140|April 07, 2021|178.7|19.8|3.6|Present|42782.34|757274.15
12758|1270|23-Sep-2019|188.1|1.9|4.7|Leave|12738.29|707409.52
12759|1832|01-Aug-2017|126.8|3.4|5.0|Present|0|521244.61
12760|1775|09/14/2016|180.4||3.3|Absent|0|
12761|1286|22/02/21||10.7|4.3|Present|0|462010.52
12762|1531|18-01-2020|178.8|17.9|4.1|Present|0|841138.5
12763|1303|09-Jul-2023|190.6|10.9|2.7|Present|1622.05|282640.02
12764|1055|18/06/21|139.6|3.7|3.3|Present|0|891930.41
12765|1744|January 13, 2023|179.9|12.1|3.7|Present|0|883937.56
12766|1410|10/03/2020|138.1|1.6|1.7|Leave|0|620125.8
12767|1850|15/02/24|125.0|8.1|3.3|Absent|0|390725.53
12768|1290|04/04/2023|162.8|5.2|4.5|Remote|0|671815.27
12769|1784|10/17/2016||2.4|4.9|PRESENT|0|305952.27
12770|1558|09/09/2024|162.8|16.8|1.5|Remote|32892.16|377165.8
12771|1837|September 03, 2024|186.0|13.3|4.3|present|0|260818.21
12772|1754|05/20/2021|-5.0|17.6||Present|0|692979.73
12773|1597|2022-10-26|130.6|6.1|1.7|Present|28693.75|235247.56
12774|1223|05/06/24|162.5|18.2|4.7|Present|0|660057.71
12775|1592|06/26/2021|142.8||1.0|Present|0|451866.59
12776|1108|November 07, 2024|196.4|10.9|1.4|present|15353.84|666506.32
12777|1165|15-05-2024|173.5|8.0|4.9|Leave|17447.75|451053.33
12778|1448|10/01/2024|158.4|16.9|4.3|Leave|0|541416.81
12779|1806|21-06-2022|136.9|3.6|1.9|Present|0|886377.81
12780|1656|2019-06-26|172.1|15.3|4.9|present|49818.03|839467.66
12781|1409|07-05-2021|190.0||2.6|Leave|47200.03|442556.17
12782|1339|October 05, 2016|138.9|22.0|1.2|Absent|0|413264.66
12783|1168|08-08-2022|123.3|22.0|3.1|Present|0|708967.97
12784|1416|10/22/2024|182.0|23.4|4.4|Present|0|805553.14
12785|1846|27/04/20|169.3|2.4|4.9|PRESENT|1037.72|880770.14
12786|1399|06-Feb-2022|132.7|0.7|3.2|Present|0|202881.33
12787|1499|2017-09-17|140.0||2.3|Present|12101.18|377177.82
12788|1737|22/08/22|121.5|9.5|2.8|Remote|33421.35|498126.21
12789|1397|July 05, 2022|133.3|1.3|4.1|absent |30379.7|402760.81
12790|1568|16-Jul-2018|154.1|11.1|4.2|Present|0|877113.52
12791|1060|May 14, 2022|162.4|16.2|4.9|Leave|0|327405.17
12792|1431|05/06/2022|192.9|10.9|4.1|Present|0|879054.38
12793|1180|03-01-2018|135.6|17.3|4.5|Present|32815.33|232095.93
12794|1367|06/02/24|175.5|13.5|2.0|Remote|10925.74|382540.33
12795|1287|March 19, 2024|193.8|7.0|2.3|Present|0|229834.88
12796|1202|January 06, 2019|-5.0|10.5|4.6|PRESENT|0|363719.43
12797|1800|26-Nov-2020|196.1|2.7|4.5|Leave|0|379485.01
12798|1661|2022-03-08|124.0|1.8|4.0|Leave|0|902568.88
12799|1759|08-07-2022|169.0|12.0||present|0|743370.23
12800|1127|10/24/2024|128.8|17.9|1.7|Present|18794.85|697666.78
12801|1286|2020-03-27|138.7|12.8|4.4|Absent|0|176616.48
12802|1551|2018-04-19|196.3|6.0|4.4|Present|0|384269.69
12803|1149|March 12, 2021|172.6|8.6|2.8|Present|45683.29|870182.34
12804|1090|March 27, 2019|179.6|20.3|1.2|PRESENT|31739.52|919354.33
12805|1287|20-Jun-2018|126.0|24.3|4.1|PRESENT|0|155108.86
12806|1698|14/10/19|157.9|23.6|3.5|Present|0|702524.41
12807|1320|12/04/17|124.3|0.2|2.4|Present|0|391570.34
12808|1233|01-03-2024|127.6|1.7||PRESENT|23494.67|642088.76
12809|1850|2023-06-17|185.7|23.0|3.0|Present|0|402358.05
12810|1059|04/25/2017||3.1|2.8|Absent||830567.14
12811|1363|2020-11-18|183.7|3.7|3.4|Present|41679.74|762759.28
12812|1029|05-Jan-2024|130.9|9.7|3.2|Absent|0|924005.11
12813|1421|02-Oct-2019|192.9|2.5|2.1|Absent|0|601623.7
12814|1158|December 19, 2016|172.0|9.2|2.2|Present|2302.32|613997.39
12815|1526|02/24/2018|170.1|23.2|4.9|Present|24145.79|589184.06
12816|1082|11/04/2019||5.4|2.9|present|0|818746.94
12817|1780|2022-10-15|187.6|18.7|3.3|Present|0|842368.08
12818|1764|14/06/20|199.8|22.0|1.3|Remote|0|679537.5
12819|1635|28-05-2018|160.0|15.5|1.4|Remote|0|759703.09
12820|1474|26-05-2023|191.6|22.4|3.8|PRESENT||939897.08
12821|1818|09/09/2024|148.6|19.0|4.1|Leave|0|382913.23
12822|1527|05-03-2016|146.1|4.1|3.1|Present|27295.52|809292.9
12823|1326|23/10/22|143.7|6.9|1.2|Present|0|818538.76
12824|1087|December 09, 2019|121.1|15.3|3.2|Leave|0|919974.04
12825|1846|23-03-2021|173.7|24.0|4.9|PRESENT|0|590507.25
12826|1370|January 09, 2018|-5.0|7.2|3.0|PRESENT|0|750787.09
12827|1038|2022-11-24|145.7|10.3|1.7|Absent|0|464156.8
12828|1812|18-Dec-2021|166.3|10.0|2.9|PRESENT|0|833925.02
12829|1325|04-03-2018|194.6|21.8|4.5|present|0|493158.34
12830|1483|06-Nov-2023|134.5|18.8|2.1|Present|0|507301.17
12831|1405|December 27, 2017|166.1|22.4|4.8|present|8518.95|593630.67
12832|1626|24/07/24|153.6|14.1|4.0|Present|0|
12833|1037|01-Dec-2021|167.9|3.5|4.8|absent |4194.31|644555.6
12834|1271|14/02/20|133.6|16.1|4.2|Leave|0|255942.11
12835|1467|07/11/17|127.7|4.3|1.3|PRESENT|0|561893.37
12836|1336|07-Feb-2019|143.5|2.5|1.4|absent |0|319495.96
12837|1049|17-12-2016||0.5|3.2|present|6246.37|631670.45
12838|1274|03-06-2019|157.8|3.3|4.8|Present|24540.77|515647.72
12839|1776|October 04, 2022|135.0||4.6|PRESENT|27661.6|493215.65
12840|1173|2022-09-23|181.8|10.1|4.4|Present|43106.54|652451.96
12841|1547|08-Mar-2023|145.2|23.8|3.6|absent |0|475260.82
12842|1500|06/05/22|139.0|23.7|1.0|Absent|0|767257.87
12843|1157|March 09, 2020|135.4|12.2|4.1|Leave|0|638717.38
12844|1229|10-Dec-2024|173.4|22.2|1.4|Remote|0|264619.72
12845|1296|09/02/2023|136.0|12.5|1.1|PRESENT|18540.5|455433.26
12846|1014|01/12/17|177.6|3.5|3.4|Leave|0|578137.17
12847|1001|2023-12-05|175.4|18.4|3.4|Remote|0|863024.17
12848|1777|21/05/18|191.1|20.9|2.6|Leave|26814.66|201837.22
12849|1252|2020-08-20|157.3||1.6|Present|23359.54|817260.36
12850|1767|06-Sep-2023|184.6|21.6|4.3|present|0|735616.06
12851|1293|March 07, 2023|171.3|17.1|2.0|Present|0|199240.09
12852|1458|October 13, 2019|181.1|5.0|1.8|Leave|0|369350.59
12853|1458|09-Jul-2021|-5.0|11.8|2.5|Absent|29347.65|848750.76
12854|1400|April 16, 2023||15.6|4.3|Present|0|634833.53
12855|1367|03/06/2023|126.0|8.5|2.1|PRESENT|35792.16|307953.09
12856|1420|2020-02-02|187.5|21.9|1.6|Present|0|349666.87
12857|1495|04/08/18|169.4|9.9||PRESENT|45971.88|456755.57
12858|1658|16-08-2018|176.5|8.5|1.5|Present|0|437210.87
12859|1618|13-Oct-2024|160.6|6.8|4.7|absent |45692.63|893349.26
12860|1759|18/02/16|178.4|7.6|2.0|Present|17064.85|552736.07
12861|1274|07/19/2020|145.8|12.6|4.3|Present|0|679701.23
12862|1190|04/03/22|189.7|23.8|2.0|present|5762.9|413121.79
12863|1518|2024-06-05||14.7|1.1|Present|22999.65|916868.18
12864|1683|28/09/23||2.9|2.1|Leave|15980.82|324122.33
12865|1845|May 19, 2021|198.4|17.2|2.4|PRESENT|32329.24|541462.95
12866|1734|08/11/2022|131.3|7.5|3.9|Present|0|769305.26
12867|1126|January 24, 2022|162.8|0.6|4.1|absent |0|401172.84
12868|1592|August 01, 2019|194.2|12.4|1.6|present|15192.91|537761.22
12869|1765|March 19, 2024||22.1|4.6|Present|6703.15|157710.11
12870|1779|14-10-2021|144.0|23.3|3.5|Present|15295.43|827327.22
12871|1791|06-May-2020|160.7|19.5|3.4|absent |0|873622.29
12872|1125|2023-10-07|157.2|11.9|4.5|present|0|262973.07
12873|1416|2018-07-21|163.7|23.9|3.0|absent |0|608888.28
12874|1194|13/04/22|199.7|22.0||Present|0|816289.57
12875|1162|27-04-2024|125.6|24.7|4.1|Present|759.66|736399.54
12876|1772|24-Dec-2019|152.9|11.1|3.9|Leave|0|428046.76
12877|1044|10-Nov-2024|177.4|20.7|1.1|Absent|0|463963.74
12878|1350|25/02/21|120.2|19.1|2.4|PRESENT|40044.27|828594.91
12879|1498|10/07/2017|181.6|24.8|3.4|Absent|10492.98|587437.39
12880|1091|22-09-2024|193.1|13.5|1.0|present|710.74|834349.66
12881|1801|01-Jan-2024|166.1|2.9|2.5|present|0|214898.63
12882|1466|05-May-2020|175.7|11.2|3.8|Remote|0|920377.11
12883|1244|16/09/24|128.9|7.1|2.7|absent |0|265090.22
12884|1607|25/06/22|169.1|16.4|3.4|PRESENT|0|152190.71
12885|1056|11-12-2020|175.3|22.4|4.0|Present|0|309058.21
12886|1185|27-11-2024||16.2|4.2|Remote|40334.8|354558.01
12887|1115|16-05-2017|185.2|7.5|4.7|Leave|0|701696.37
12888|1327|13/11/24|189.9|9.4|3.6|Present|0|312467.05
12889|1799|20-Mar-2019|132.7|6.8|2.7|Present|0|848024.55
12890|1063|21-01-2021|162.9|9.1|3.7|present|0|548493.03
12891|1791|09/05/2016|154.9|18.4||absent |17825.66|686708.01
12892|1716|11-Feb-2022|195.6|19.8|5.0|absent |0|317613.46
12893|1728|2020-07-15|127.6|11.2|4.2|Leave|0|443723.37
12894|1389|2023-07-24|166.9|7.8|4.9|Absent|0|599094.91
12895|1057|25-Mar-2024|128.3|9.4|4.0|Present|0|185879.34
12896|1791|11/07/2024|144.3|7.2|3.9|Remote|0|722067.84
12897|1573|January 23, 2020|177.3|18.1|1.4|PRESENT|0|226049.97
12898|1504|24-07-2023|171.5|19.5|3.6|Present|0|813111.04
12899|1087|25/08/22|168.4|15.2|1.9|Present|29575.95|239822.63
12900|1373|September 15, 2022|143.0|14.4|1.0|Absent|0|364256.51
12901|1651|28-05-2023|174.0|23.5||Absent|0|792003.31
12902|1071|2020-11-18|142.9|11.3|1.6|Present|0|826188.15
12903|1362|07-Aug-2024|145.7|13.0|4.8|Remote|0|827209.42
12904|1330|23/06/23|170.8|2.0|2.7|Remote|0|796260.56
12905|1639|17-Jan-2023|165.7|1.1|4.8|Present|40985.98|698240.56
12906|1507|December 27, 2017|195.1||2.8|Present|0|701608.57
12907|1516|11/10/19|184.7|9.0|2.5|Present|20513.24|913390.62
12908|1582|27/11/22|192.9|1.1|2.7|Present|0|654499.35
12909|1429|07-02-2019|160.3|18.0|1.8|present|9296.22|519100.57
12910|1465|2022-12-21|153.3|15.9||Present|0|206410.55
12911|1054|12/05/24|198.6|11.5|2.0|PRESENT|0|593223.53
12912|1537|18/04/22|173.0|3.2|3.7|Present|0|795308.82
12913|1327|June 11, 2022|178.7|3.2|3.7|Leave|0|689920.82
12914|1510|09/02/2022|195.7|24.2|4.7|Present|0|305194.69
12915|1685|07-Jul-2022|188.0|10.5|3.7|Present|0|688908.03
12916|1052|02/03/2020|131.2|13.9||Present|0|602478.46
12917|1100|05/17/2017|153.7|22.3|1.4|Present|0|798878.42
12918|1683|2024-06-11|150.3|4.2|2.1|Present|37448.25|411739.8
12919|1714|2019-06-18|130.1|7.1|4.0|Present|0|277797.69
12920|1253|August 15, 2024|190.6|6.8|4.4|Remote|0|882656.15
12921|1648|17/01/20|196.2|22.7|3.7|Remote|15626.43|606870.0
12922|1640|04-Jun-2023|150.7||2.0|Present|0|339381.76
12923|1757|14-Dec-2023|138.6||2.1|Present||375629.93
12924|1277|16-02-2024|133.9|12.9|4.1|Remote|37017.13|858566.44
12925|1826|March 12, 2023|122.4|15.9|3.9|Present|14289.74|639786.86
12926|1714|16-Mar-2020|121.4|13.6|1.4|Present|0|312830.35
12927|1376|23-07-2023|178.5|11.5|2.2|Absent|0|381799.06
12928|1289|21-05-2021|140.2|13.8|4.7|Absent|0|297272.51
12929|1499|2015-11-23|180.0|12.8|3.4|Present|0|391512.64
12930|1790|09/10/2024|141.1|23.5|1.7|PRESENT|29657.51|578371.92
12931|1699|12/23/2020|137.4|6.4|4.2|Present||
12932|1155|04-03-2022|181.2|1.4|4.3|absent |0|169392.0
12933|1072|09/12/2019|195.8|0.2||absent |0|169416.39
12934|1006|2024-09-27|159.5|1.4|1.9|Leave|0|424927.59
12935|1396|2016-06-07|196.9|13.6|4.6|present|0|216763.34
12936|1524|08/04/2017|152.4|3.3|2.6|Leave|0|709208.54
12937|1507|04/09/24|130.3|15.7|4.7|absent |6614.73|585826.65
12938|1649|08-10-2019|155.6|5.4|3.7|Present|0|949776.67
12939|1478|19/05/16|149.2|8.4|3.3|Present|21060.24|632893.44
12940|1818|2016-10-18|153.1|10.2||Present|0|529096.59
12941|1212|19/08/21|157.6|21.3||Remote|12561.3|751701.61
12942|1781|24-01-2022|153.0|21.0|4.2|PRESENT|0|193544.91
12943|1272|28/10/22|158.4|9.7|1.8|Present|0|576057.48
12944|1038|19-Aug-2024|135.0|20.2|3.5|absent |34422.42|265116.74
12945|1610|2018-09-09|162.8|13.1|3.3|Present|0|645280.34
12946|1252|2016-12-05|176.1|10.9|3.9|absent |0|392418.96
12947|1557|25-Jul-2024|149.3|4.9|1.4|absent |0|824924.12
12948|1040|03/22/2023|177.6|8.6|3.3|PRESENT|0|
12949|1282|2019-09-28|135.1|16.3||present|0|209672.09
12950|1201|22-Aug-2024|135.8|17.7|2.5|Present|0|208714.89
12951|1259|11/08/2020|158.2|24.7|4.2|Present|938.41|333238.11
12952|1500|2023-03-18|160.4|8.0|3.1|absent |0|387184.67
12953|1320|2021-12-12|180.7|13.7|4.7|Present|16689.63|342890.43
12954|1650|25-Dec-2017|175.4|17.5|2.4|Absent|0|595675.52
12955|1302|08/24/2024|193.1|17.7|2.0|Leave|0|696087.42
12956|1704|August 09, 2024|149.3|12.6|2.8|Present|0|203094.92
12957|1059|2022-01-20||17.1|3.8|Present|0|354776.11
12958|1227|2022-02-21|184.8|3.2|1.4|Absent|0|423417.75
12959|1313|15/12/15|-5.0|24.4|4.2|absent |0|447338.5
12960|1201|December 26, 2020|198.1|15.2|4.8|Present|0|589433.59
12961|1321|06/04/2022|131.2|18.9|3.7|absent |0|827788.97
12962|1311|21-Mar-2022|197.7|13.2|2.2|Absent|0|771375.42
12963|1774|November 25, 2016|137.4|17.0|3.2|Remote|0|
12964|1605|04/24/2018|160.1|5.6|1.9|Present|0|772670.19
12965|1150|16-12-2021|161.8|5.8|1.4|Remote|0|504978.58
12966|1258|11-12-2024|161.6|3.8|2.8|present|0|178447.7
12967|1004|18/08/22|187.1|5.2|1.4|present|0|677104.23
12968|1784|08/10/2018|135.8|4.1|2.3|Remote|39289.58|831750.24
12969|1563|10/27/2024|142.9|5.9|4.7|Present|0|219467.59
12970|1721|01/03/2023|139.4||3.8|Remote|29823.12|856392.01
12971|1106|16/05/19|179.3|20.6|2.2|Present|33366.63|590132.15
12972|1302|2018-10-08|139.3|15.9|1.6|Remote|0|235778.81
12973|1063|18/05/22|150.6|4.8|1.8|Present|0|854676.24
12974|1286|01/04/2022|199.0|23.9|2.3|present|0|520669.68
12975|1169|23-Jun-2024|131.3|16.1|1.8|Absent|0|786047.78
12976|1279|18-Apr-2023|136.3|19.1|2.2|present|17576.56|394847.55
12977|1006|07-09-2023|138.9|13.4|1.2|Absent|0|454281.49
12978|1110|2021-10-08|138.6|7.3|2.7|Present|48596.86|733040.21
12979|1207|June 12, 2023|125.6|1.1||Present|0|610503.45
12980|1362|11/08/2018|173.8|10.0|2.8|Leave|0|352313.87
12981|1537|August 04, 2021|161.6|24.1|3.2|Present||459200.18
12982|1459|August 17, 2018|-5.0|||Present|0|415753.98
12983|1525|05-03-2020|132.8|1.9|3.2|Remote|24436.86|909816.42
12984|1125|02/01/22|179.5|18.6|4.4|present|0|835302.88
12985|1361|2016-09-21|175.4|17.7|1.5|Present|0|317929.76
12986|1067|28/09/21|176.4|19.5|1.2|Absent|7241.21|904247.25
12987|1445|2022-03-03|128.9|18.7|2.3|Leave|0|233115.89
12988|1609|02/23/2017|181.3|13.1|2.7|absent |0|292063.79
12989|1097|2021-05-03|182.3|6.8|4.5|Present|48015.03|451859.63
12990|1150|27/10/24|144.9|17.1||Present|0|814957.48
12991|1751|December 10, 2020|190.6|4.7|4.6|PRESENT|0|625859.95
12992|1471|21/07/20|171.6|1.6|1.4|Present|0|825269.24
12993|1107|13-Oct-2020|152.8|16.3|3.3|present|17463.64|314526.52
12994|1285|2017-01-21|150.1|7.1|2.9|Present|0|231475.92
12995|1191|13-12-2020|135.1|14.7|4.9|Present|0|480943.69
12996|1125|2022-12-25|154.2|22.7|1.4|present|45565.77|943213.37
12997|1358|19-Feb-2024|166.7|17.4|2.7|Remote|0|563448.03
12998|1332|26-09-2021|185.6|15.7|2.7|present|0|396478.36
12999|1317|December 06, 2020|167.1|8.9|5.0|PRESENT|0|872205.31
13000|1271|2023-04-23|170.3|14.1|4.3|PRESENT|0|427069.05
